"Species","FLOR_H","FLOR_M","FLOR_EXT","FLOR_NEW","weight_z","T_cul_z","Bill_w_z","Wing_l_z","Tail_l_z","Tars_z","HWI_z","Comp.1","Comp.2","Comp.3","Comp.4","Comp.5","Comp.6","Comp.7"
"Accipiter bicolor",1,0,1,NA,1.64240818825763,0.0586142145273474,0.568434317531025,1.8073484568847,2.06916157094424,2.10543170989724,0.0165568046770212,2.58098252287533,0.0285481892593415,1.45974214076914,0.346866465536744,-0.0457363635580117,-0.391288244458492,0.322286181207239
"Actitis macularius",0,1,NA,1,0.159886431085358,0.0981547246229507,-0.817136938031368,-0.0412815883333562,-0.473888746286694,0.0281200414070731,1.5064696498534,-0.722970565453912,-1.7765287171185,0.487363249861662,-0.796848633352615,0.0130133627861556,0.214243602504333,0.365885827724196
"Akletos melanoceps",11,0,1,NA,0.123494455149292,0.0247223487311159,-0.112609180965745,-0.25018250675583,-0.307913219205605,0.506085558050828,-1.05696118420552,-0.42979591178385,1.25035700130679,0.169685896448317,-0.236597854628427,-0.0303579438489722,0.00955968181666239,0.0429223650763925
"Amazona amazonica",0,4,NA,1,1.83299732616918,0.742100174751348,2.86989165727873,1.41530152779047,0.407498535454258,-0.143457323541967,0.250778911342303,2.24635132062292,-0.399630052770246,-1.21564345121709,0.698490359082914,1.60910614817092,0.266256600068311,0.035660347738478
"Ammodramus aurifrons",11,47,NA,NA,-0.459317382585872,-0.562736658403562,-0.464873059498556,-0.643660264058436,-0.588354627032272,-0.125074034440284,-0.952862470132065,-1.43043497144965,1.04139502929427,0.167176967485506,0.00472203566280893,-0.0442475296692812,-0.0353102490549767,-0.0689591490114723
"Anabacerthia ruficaudata",2,0,1,NA,-0.0624507743510548,-0.331142242129314,-0.511841576636265,-0.187226065587414,-0.0713503989980773,-0.272140347253747,-0.399838051616814,-0.9028564003925,0.30717997768242,0.296222977210031,0.158450128549757,-0.172547890659453,0.23095501428524,-0.022371805578965
"Anabazenops dorsalis",3,0,1,NA,0.0600757663219152,-0.0317640942626032,-0.276998990947723,-0.151455360378086,-0.016025223304381,-0.0147742998301869,-0.679603345689235,-0.564460003845773,0.676549280365205,0.15279713996995,0.0639053637999412,-0.197503900864579,0.188241109630672,-0.015507980802584
"Ancistrops strigilatus",3,0,1,NA,0.0706715397323325,-0.0487100271607187,-0.230030473810015,-0.150024532169713,-0.101874633863565,-0.039285351965764,-0.406344221246405,-0.578455947570559,0.373388066448324,0.127749607138585,-0.00558278059777881,-0.0927336666435653,0.158253727906801,0.0338132010795928
"Anhima cornuta",0,6,NA,1,3.45094521231193,1.18834307440173,1.27296207459665,6.43607771097172,3.34927167061562,5.18156875291217,0.556568883933089,7.1095534868915,-0.527811242074706,3.37515132722403,-0.519806984026699,0.446871039808877,-0.584998166200513,-1.03379705528749
"Anthracothorax nigricollis",0,1,NA,1,-1.16438521029096,0.0981547246229507,-0.88758971373793,-0.529194007388587,-0.775315565583383,-1.1790492762701,2.58649380836554,-1.97620634220042,-3.22460451308123,-0.265715574784873,-0.700095770672987,-0.234838704549211,-0.127458976932052,0.0298185324468538
"Anurolimnas castaneiceps",3,0,1,NA,1.01919313157977,0.143343879017926,-0.37093602522314,0.104662888920701,-0.977538621567238,1.72551040179579,-0.998405657539203,0.21450470822066,1.47155144402734,0.887186530474554,-1.21348914994423,0.476183769826476,0.19998026039505,0.356317633532649
"Anurolimnas fasciatus",2,0,1,NA,0.564269932515213,-0.252061221938107,-0.582294352342827,-0.164332814253444,-0.979446386246331,0.892134629186168,-0.725146533096373,-0.547633170554645,1.00415555675416,0.734688547345046,-0.805142260449627,0.385801615441642,0.263923598346625,0.253619957997977
"Ara ararauna",1,0,1,NA,2.67310248201803,2.37455837726983,5.64103416840351,3.97791484898671,7.91073701832691,0.499957795016934,0.374396134304536,7.75049843774235,-1.18458337421538,-1.62173224405545,4.40490954295869,-0.897067278361133,-1.09657575415285,-0.0419582805876889
"Ara severus",2,15,NA,NA,1.77575371481147,0.888964926535018,3.36306108722467,1.94756962130527,3.14323308527358,-0.186351664779227,0.751753972820824,3.54730699248332,-1.24047428144009,-1.12632331115555,2.11862141062598,0.515061436624519,-0.322763267110317,0.176009299816445
"Ardea alba",1,0,1,NA,2.48004159448746,5.78069088979109,1.36689910887207,3.94214414377738,1.19540534791966,7.22211384319897,0.50451952689636,7.16919288766732,0.282094607398545,0.981117652639886,-4.54707388338402,-0.907252946681386,-1.21934208037756,-0.212358913775587
"Arremonops conirostris",0,11,NA,1,0.0706715397323325,-0.336790886428686,0.00481211187852609,-0.423312719968977,-0.19535510313912,0.267102799728951,-1.05045501457593,-0.62570416573876,1.21655552189303,0.13545151601004,0.0940469781391411,0.0723774554058297,-0.060490025143056,0.136201611792277
"Atticora fasciata",4,29,NA,NA,-0.69672197473938,-0.811277007575926,-0.605778610911681,-0.0799139499594302,-0.262126866907374,-0.817511257270339,1.60406219429727,-1.51672940940577,-2.08739503918582,0.334462550753101,0.0684214686024145,0.103789111242418,-0.196136364023623,-0.0376140850459998
"Attila cinnamomeus",0,7,NA,1,0.129358388289988,-0.0713046043582065,0.145717663291651,-0.230150911838607,0.0641008932175238,-0.0637964041013413,-0.998405657539203,-0.421684163457592,1.05266323818635,-0.0956138185234738,0.303685184592678,-0.0493275146426066,0.113037738582904,0.00990148365108801
"Attila spadiceus",0,25,NA,1,0.135177155900429,-0.093899181555694,0.263138956135921,-0.253044163172577,-0.191539573780934,0.0710143826443331,-0.621047819022914,-0.424474824783245,0.683329869811747,-0.119757340485888,0.0704486048226575,0.182567963334136,-0.0177622465700559,0.100527324632874
"Automolus infuscatus",5,0,1,NA,0.00474605024386902,0.00212777153362837,-0.323967508085432,-0.178641096337175,-0.082796987072635,-0.0760519301691299,-0.32176401606172,-0.639286608534192,0.264053779235257,0.130424471911022,-0.0415931299766173,-0.1816804882193,0.163852580133384,0.0307481722069215
"Automolus subulatus",1,0,1,NA,-0.0958044470112186,0.092506080323579,-0.37093602522314,-0.327447230007978,-0.16292310359454,-0.223118242982593,-0.347788694580085,-0.802639092842508,0.279623487925263,-0.00399717573684917,-0.0690473578103486,-0.254274031083129,0.210346815675652,0.0271216251614149
"Baryphthengus martii",5,1,NA,NA,1.22291485795391,1.43123477927472,1.2964463331655,0.678425000478318,3.2996697889592,0.542852136254194,-0.536467613838229,2.54155509379997,0.366443108292096,-0.394902546772549,1.35002026027305,-1.22266037064039,-0.105308583648028,0.535099990891849
"Berlepschia rikeri",0,1,NA,1,0.0934719776943272,0.0586142145273474,-0.323967508085432,-0.1028072012934,-0.00267087055073017,-0.167968375677544,0.478494848377995,-0.541888419500184,-0.6679566319654,0.143299755680761,-0.133610735796803,-0.119844403276757,0.151804518464398,0.19203753586214
"Brachygalba lugubris",17,0,1,NA,-0.544593921501957,1.34085647048477,-0.300483249516577,-0.499146615012752,-0.531121686659483,-0.897172176710965,0.0165568046770212,-0.994335109957016,-0.257736123612393,-1.00099342747613,-0.541399117001168,-0.662108497209512,0.481511141339195,-0.271062807224443
"Bubulcus ibis",0,2,NA,1,1.82478565553723,2.22204498118679,0.568434317531025,2.01911103172392,0.249154067089542,3.25132339723547,0.361383795045353,3.17583532716742,-0.0415505599947874,0.818107658333583,-2.05385369870638,0.128417384651513,-0.156314046749096,0.105353379202671
"Bucco capensis",2,0,1,NA,0.379088185909532,0.595235422967679,1.20250929889009,-0.237305052880472,-0.397578159122975,-0.388567844897739,-0.289233167913764,0.0153902622200366,0.275708883721926,-1.09039906013795,0.0510859136762742,0.559671320244729,0.123914983450864,0.122124088371223
"Bucco macrodactylus",4,0,1,NA,-0.202702592110012,0.143343879017926,0.615402834668733,-0.547794774097437,-0.412840276555719,-0.688828233558559,-0.438875069394361,-0.803670802958729,0.374146474594765,-0.857318189798227,0.224748919464672,0.234364058955818,0.0408700976152353,-0.0134323193549713
"Buteo nitidus",0,3,NA,1,2.08864777148671,0.357992362394059,1.17902504032123,2.06060504976674,1.76964251632664,2.50373630710037,0.205235723935165,3.2111315044017,-0.0658500857338166,1.24806754234024,0.0180920689533473,0.463795966709583,-0.441625011521524,0.422326143411735
"Butorides striata",2,5,NA,NA,1.37389018732096,2.61745008214282,0.709339868944149,1.01037714482088,-0.269757925623746,1.42525001313497,0.283309759490259,1.99916387195849,-0.176321688780415,-0.517589820451424,-1.66890486075595,0.00489100158921947,0.466461445012685,0.0888099726666585
"Cacicus cela",14,28,NA,NA,0.726249356121955,0.544397624273331,0.497981541824463,0.599729449017797,0.3960519473797,0.365147008271259,0.205235723935165,0.732246083000604,-0.30948664937836,-0.0121015384803519,-0.0696017634970985,0.132326004688459,0.121088148818872,0.104437037636872
"Cacicus haemorrhous",2,0,1,NA,0.710174999495019,0.566992201470819,0.544950058962171,0.837246931607734,0.443746064357025,0.371274771305154,0.0425814831953858,0.849793915484396,-0.156942660698901,0.0121714024046006,-0.00343582905071482,0.130668442553566,0.140034076770964,-0.0861791558482567
"Cacicus solitarius",0,4,NA,1,0.674127569534878,0.459667959782753,0.192686180429359,0.211975004548684,0.621168179512671,0.322252667033999,-0.868282264947379,0.470485285832132,0.906251577610875,0.0560977552422974,0.22418064142722,-0.273979439056625,0.287331781712651,0.121868683894547
"Campephilus melanoleucos",1,2,NA,NA,1.55473979202798,1.22223494019796,1.41386762600977,1.15489079386656,0.792867000631039,0.555107662321982,-0.159109775321941,2.01160335760826,0.113129178191751,-0.443553477727862,0.109895812002353,0.382670006534713,0.374483405029307,0.1079559773528
"Campephilus rubricollis",1,0,1,NA,1.40761868820016,1.26177545029356,1.06160374747696,1.08478021165628,0.869177587794757,0.689918449067657,-0.419356560505588,1.87379241015494,0.411195811408968,-0.258116548489833,0.0345157612474757,0.0815910008781928,0.379837177790118,0.0539751948093112
"Camptostoma obsoletum",0,8,NA,1,-1.05412195379311,-0.799979718977182,-0.699715645187098,-0.729509956560823,-0.704728272456943,-0.603039551084039,-0.510442935319864,-2.06226223220552,0.429185554209388,0.107827435521117,0.0929945608082007,-0.150970012731629,-0.173415225462758,-0.284966677116923
"Campylopterus largipennis",1,0,1,NA,-1.03569503392608,0.352343718094687,-0.817136938031368,-0.4433443148862,-0.588354627032272,-1.11164388289727,2.3913087194778,-1.70657640342497,-3.01109095524689,-0.336634377293495,-0.674090241651096,-0.366740324952223,-0.0478808419358963,0.0126603417201064
"Campylorhamphus pusillus",1,NA,NA,NA,0.161754086572972,1.75320750433892,-0.464873059498556,-0.109961342335266,0.327372418932354,-0.180223901745333,-0.529961444208638,0.0327535001525099,0.407866979273236,-0.533027621316127,-0.478057039114081,-1.11787659648951,0.693605832084511,-0.0861532169929734
"Campylorhynchus turdinus",6,0,1,NA,-0.00217429976571512,0.0642628588267194,-0.488357318067411,-0.255905819589323,0.167120185888544,0.18131411725443,-0.744665041985147,-0.550292612796625,0.772323808120634,0.281239469976693,-0.0115854436126872,-0.466103506462262,0.124144934875753,0.0609777331302836
"Cantorchilus leucotis",0,38,NA,1,-0.394290919818782,-0.291601732033711,-0.629262869480535,-0.589288792140258,-0.567369215562249,-0.106690745338601,-0.790208229392285,-1.34186202792103,0.844770657743452,0.177580045788488,-0.169044663174746,-0.194164412485512,0.0901006779580008,-0.0550803892967102
"Capito auratus",3,24,NA,NA,0.42521714971797,0.12639794611981,0.192686180429359,-0.271644929881427,-0.454811099495764,-0.0699241671352355,-0.386825712357632,-0.394001439294656,0.423438984400696,-0.208559877760495,-0.146976450380015,0.307071274233879,0.297072897067718,0.217511200000044
"Capito aurovirens",7,5,NA,NA,0.409256001237199,-0.116493758753182,0.0987491461539424,-0.293107353007024,-0.164830868273633,-0.100562982304707,-1.04394884494634,-0.444161798759314,1.1366308340549,-0.0593410253369959,0.223651293056321,0.135789055936236,0.33921487372057,0.134678625510389
"Caracara plancus",0,2,NA,1,2.64128289909256,1.16574849720424,1.95400557309342,3.95931408227786,2.43926791868827,3.56383931196408,0.153186366898436,5.23941486078152,-0.0320511981011777,1.5070455760513,-0.150144533756691,0.591834244478176,-0.628089992020323,-0.31996139443638
"Cathartes aura",0,3,NA,1,2.89954774203824,1.5555049538609,1.90703705595571,5.79792833003731,3.16994179078088,1.85419342550757,0.166198706157618,5.79704440474536,-0.663744976177243,1.32060914291777,0.923436309763861,0.373970425854665,0.558813095105024,-1.61968335556314
"Celeus elegans",0,2,NA,1,1.07131491816684,0.5105057584771,0.638887093237587,0.830092790565868,0.420852888207909,-0.00251877376239838,-0.425862730135179,0.876209696975223,0.324403091452264,-0.116099479062958,0.302523280147924,0.268481613462272,0.561873018247358,-0.0801804638941605
"Celeus grammicus",0,2,NA,1,0.513320320344792,0.0473169259286037,0.169201921860505,0.27922393034222,-0.130491104049959,-0.192479427813121,-0.120072757544394,-0.113904363569246,0.0104298572276409,-0.00274854351845544,0.0788348823872469,0.295846337967254,0.378138760107375,-0.00602690017668554
"Cephalopterus ornatus",1,0,1,NA,1.85314428705239,1.8774776789251,3.17518701867383,2.23659691939664,1.57123498970097,1.43750553920276,-0.582010801245367,3.90555630427594,0.653608477439543,-0.989724960426309,0.398281579944043,0.744251682045082,-0.33267358216059,-0.296572812720247
"Ceratopipra erythrocephala",6,0,1,NA,-0.673827305698956,-0.681358188690372,-0.535325835205119,-0.633644466599824,-1.08246567891735,-0.535634157711202,-0.282726998284173,-1.86730657383803,0.230345488999403,0.0434257667310058,-0.173228514576349,0.224298359752555,0.0163022351260258,-0.168954768988924
"Cercomacra cinerascens",2,0,1,NA,-0.624718349665209,-0.257709866237479,-0.276998990947723,-0.579272994681646,-0.223971573325515,-0.229246006016487,-1.02443033605757,-1.23340902149575,1.05832766652435,-0.0868803692879553,0.172690366579733,-0.312935744776137,-0.12747997250445,-0.190629335885645
"Cercomacroides tyrannina",3,NA,NA,NA,-0.525823607874485,-0.325493597829942,-0.300483249516577,-0.580703822890019,-0.332714160033814,-0.0821796932030242,-0.978887148650429,-1.20645039848179,1.0505819596685,0.0174738077707221,0.0656446835081725,-0.206071973891156,-0.136105354775208,-0.117411333037209
"Chaetura brachyura",0,1,NA,1,-0.438389001046394,-0.896006672066505,-0.840621196600222,0.217698317382177,-0.924121210552635,-0.756233626931397,2.80770357577164,-1.57948899054839,-3.4100541993798,0.618469976426286,-0.540594521039928,0.612746653181169,-0.0456412951168075,0.0731653342374607
"Chamaeza nobilis",1,0,1,NA,1.00098824441382,0.0642628588267194,0.169201921860505,0.0388447913355379,-0.351791806824744,0.941156733457323,-0.568998461986185,0.308032353052748,0.814491816051049,0.391776566882508,-0.463666927986865,0.474487653516466,0.189297643585815,0.451969626072002
"Charadrius collaris",2,3,NA,NA,-0.109035367675722,-0.376331396524289,-0.676231386618243,-0.109961342335266,-0.630325449972318,0.132292012983276,1.66261772096359,-0.971957588802315,-1.9108132637241,0.586156601239652,-0.741786173564188,0.270568803481675,-0.152923368575241,0.353479580911942
"Chionomesa fimbriata",1,15,NA,NA,-1.4338410962146,-0.099547825855066,-0.911073972306785,-0.729509956560823,-0.908859093119891,-1.1790492762701,2.54745679058799,-2.27941648140516,-3.15763402285855,-0.27704808923387,-0.704134373964369,-0.215298257220182,-0.316406481776642,0.0190745702554781
"Chiroxiphia pareola",2,0,1,NA,-0.502998117558523,-0.709601410187232,-0.417904542360848,-0.484838332929021,-0.828732976597986,-0.364056792762162,-0.790208229392285,-1.57562937700809,0.812876917385144,0.131025753655257,0.032306593729848,0.181776111506983,0.0384643027947102,-0.2238116136758
"Chlorestes notata",0,1,NA,1,-1.55029673377606,-0.257709866237479,-1.02849526515106,-0.791035569520866,-0.912674622478077,-1.19130480233789,2.77517272762368,-2.44209429355662,-3.41764833883929,-0.17271095232377,-0.714845294729595,-0.224715412197464,-0.407939445486376,0.0627871580361555
"Chloroceryle aenea",0,2,NA,1,-0.651606107850869,0.397532872489662,-0.276998990947723,-0.678000141059391,-0.836364035314358,-0.970705333117697,-0.00946787384134369,-1.51100679910518,-0.184684467628822,-0.717699388275563,-0.283255354041249,-0.181409781510205,0.282142202438092,-0.194401130542013
"Chloroceryle amazona",2,2,NA,NA,1.02158763837038,2.56661228344847,1.27296207459665,0.38939770238695,-0.019840752662567,-0.682700470524665,0.361383795045353,1.1877913124254,-0.619693842885105,-1.78773905490936,-0.486753413365238,-0.0300929592509654,0.943631652586501,0.00926678757470974
"Chloroceryle americana",1,4,NA,NA,0.0228962628116431,1.01888374542057,0.00481211187852609,-0.37895704550941,-0.382316041690231,-0.976833096151591,0.081618500972933,-0.670215538430188,-0.323245737964731,-0.912519635452613,-0.215713634296322,-0.265588837091993,0.659919759463614,-0.0277691026863572
"Chlorophanes spiza",4,5,NA,NA,-0.410030369531234,-0.455412416715496,-0.394420283791994,-0.500577443221125,-0.565461450883156,-0.296651399389325,0.0230629743066122,-1.32672723171234,-0.107927040096556,0.0992331758995429,-0.118334360949553,0.0743081945623816,-0.0574058204017264,0.0427883437476114
"Chrysuronia oenone",0,11,NA,1,-1.41857863247609,0.0416682816292317,-0.840621196600222,-0.745249066852927,-0.901228034403519,-1.13615493503284,2.5409506209584,-2.19389807999188,-3.13902319842402,-0.364545207369252,-0.759759384637786,-0.240846950180935,-0.327939562849618,0.0335756070904517
"Cissopis leverianus",16,0,1,NA,0.637268246686306,-0.235115289039992,0.357075990411338,0.0431372759606572,0.976012409823964,0.132292012983276,-0.731652702725964,0.298822051266634,0.724496150593998,0.198317278143033,0.780269331353592,-0.117859170869385,0.0626340131533134,0.322001119723964
"Cnipodectes subbrunneus",2,0,1,NA,-0.25915371008661,-0.404574618021149,0.0752648875850884,-0.255905819589323,-0.0503649875280544,-0.296651399389325,-0.614541649393323,-0.832179292579873,0.567836134142622,-0.0639835597523218,0.379857836919448,0.0247270229439027,-0.087812593585167,-0.105620787881134
"Coccycua minuta",0,1,NA,1,0.139031583955346,-0.0261154499632312,-0.183061956672307,0.0374139631271649,1.33657993417254,0.0587588565765446,-0.634060158282097,0.051268339289971,0.516835580698607,0.337228229518478,0.755664814533968,-0.779438247561932,-0.0219479844134176,0.128459418923216
"Coccyzus americanus",2,0,1,NA,0.507441175810444,0.295857275100967,0.192686180429359,0.573974541267081,1.30605569930705,0.046503330508756,1.2136920165218,0.665104097776034,-1.6000701871229,0.243809867490121,0.370949479542991,-0.329987348686467,-0.0774854393671266,0.337226945808738
"Coccyzus melacoryphus",2,4,NA,NA,0.316400265406715,0.0586142145273474,0.00481211187852609,0.186220096797968,1.17060440709145,0.046503330508756,0.205235723935165,0.234165836414991,-0.419870403993396,0.270608833744019,0.529901507509206,-0.476100499768294,-0.0451557302595471,0.270567801509091
"Colaptes punctigula",1,2,NA,NA,0.483456105435703,0.0529655702279754,0.192686180429359,0.0688921837113732,-0.170554162310912,-0.155712849609756,-0.37381337309845,-0.200314016982571,0.331904151550616,-0.0779560841031331,0.0843091272969714,0.259324256247121,0.35374123445749,0.0604438738356726
"Columbina minuta",0,1,NA,1,-0.00217429976571512,-0.653114967193513,-0.88758971373793,-0.390403671176395,-0.485335334361252,-0.504995342541731,-0.367307203468859,-1.39777153658776,0.274509628666304,0.476252811915522,0.0789331824769785,-0.0162801961855263,0.48898335149169,0.0609393797022936
"Columbina talpacoti",0,8,NA,1,0.257954723743004,-0.551439369804819,-0.723199903755952,-0.235874224672099,-0.229694867362794,-0.449845475236682,-0.289233167913764,-1.03420638488387,0.177789517138759,0.473901648657165,0.183213823340591,0.00202834484281229,0.54393776223832,0.143886847394769
"Conopophaga aurita",3,0,1,NA,-0.16440565463166,-0.472358349613612,-0.0891249223968905,-0.509162412471363,-0.864980505500753,0.211952932423902,-0.660084836800462,-1.06634649145289,0.815195422985133,0.107537067407978,-0.284350626335157,0.376062233634594,-0.132839920706089,0.0655854832403717
"Coragyps atratus",0,13,NA,1,3.06170872656603,2.03563971930751,2.02445834879998,4.38999337299817,1.94897239616138,3.20842905599821,-0.65357866717087,5.56628832741809,0.803896791857689,1.04393881029302,-0.389984063082728,0.623876671702795,0.18770667216279,-0.78771273706918
"Crotophaga ani",2,80,NA,NA,0.917286124703694,0.374938295292174,0.873729678926129,0.58255951051732,1.96041898423594,0.738940553338811,0.0295691439362035,1.53421878360969,-0.130347228976277,0.185944379422948,0.770960032097926,-0.370990179862038,-0.333078791173955,0.490692188721226
"Crotophaga major",0,1,NA,1,1.14230039448856,1.31261324898791,1.76613150454258,1.29225030187038,3.3263784944665,1.05758423110131,-0.0419987219892996,3.05367849201684,-0.147106767769228,-0.24430952308112,1.21520585070833,-0.857488223598536,-0.609476190344811,0.322286747952457
"Cryptopipo holochlora",1,0,1,NA,-0.593667420456404,-0.55708801410419,-0.511841576636265,-0.461945081595051,-0.622694391255946,-0.541761920745096,-0.276220828654582,-1.57224194095832,0.167217734183878,0.0808817705772002,0.0324865821551924,0.00380290021177925,0.0335461723676567,-0.182187613655655
"Crypturellus cinereus",0,8,NA,1,2.07037897639341,0.397532872489662,-0.230030473810015,0.845831900857972,-0.418563570592998,1.59682737808401,-0.367307203468859,1.22383212403313,0.658415260656305,1.09859608039424,-0.994170481424139,0.656778269946396,0.795493600235992,0.555541972236779
"Crypturellus soui",0,1,NA,1,1.42708598427783,0.0134250601323721,-0.464873059498556,0.346472856135757,-0.571184744920435,0.775707131542177,0.0686061617137504,0.248917256996086,0.0388329286043335,0.856931009347877,-0.728305903091496,0.554167909532951,0.724482455594284,0.527443747878865
"Cyanerpes caeruleus",0,29,NA,1,-0.757191539743656,-0.252061221938107,-0.652747128049389,-0.666553515392406,-0.872611564217125,-0.609167314117933,0.0751123313433417,-1.77293181266656,-0.217742435748548,-0.0972221454943959,-0.307870337590557,-0.0991499265417653,0.0458432103651865,-0.125551854455035
"Cyanocorax violaceus",7,56,NA,NA,1.57224172365799,0.849424416439414,1.50780466028519,1.29225030187038,1.63991451814832,1.48652764347392,-0.621047819022914,2.57283802693984,0.745689380054101,0.133747933599227,0.400432855545861,0.126891113121261,-0.22324330742864,0.253506640442115
"Cymbilaimus lineatus",2,0,1,NA,0.0685642405696673,0.0416682816292317,0.544950058962171,-0.393265327593142,-0.120952280654494,0.126164249949382,-0.9268377916137,-0.327851313810477,1.0569190823948,-0.368194445992807,0.144449402804187,0.150912814534189,-0.14387949887567,0.10579515751519
"Cyphorhinus arada",3,0,1,NA,-0.338026744457063,-0.353736819326802,-0.605778610911681,-0.556379743347676,-0.74097580135971,0.0158645153392846,-0.9268377916137,-1.33634164856214,1.03816128867414,0.232074370212808,-0.253825450877469,-0.0637275205356131,0.0922493180453328,-0.0788138746577554
"Dacnis cayana",5,0,1,NA,-0.69672197473938,-0.579682591301678,-0.582294352342827,-0.593581276765377,-0.647495332084154,-0.504995342541731,0.0230629743066122,-1.68584931325426,-0.153084087406925,0.100938209498927,-0.0726351141414702,-0.0249037229849642,-0.0795247756502627,-0.0753462679802076
"Dacnis lineata",5,0,1,NA,-0.822925699293152,-0.624871745696653,-0.652747128049389,-0.626490325557959,-0.706636037136036,-0.590784025016251,0.101137009861706,-1.83770243316125,-0.258538613577088,0.0952298789303308,-0.0833216985237187,-0.0455603712679017,-0.101919696561959,-0.118236984793102
"Daptrius ater",0,7,NA,1,1.79489147706751,0.516154402776472,1.36689910887207,2.9677501338753,2.31907874390541,1.5049109325756,0.458976339489221,3.38625693391662,-0.715044455330951,0.955017658429209,0.717218456976092,0.267840225764115,-0.180891894700604,-0.357143150451406
"Dendrocincla fuliginosa",0,20,NA,1,0.127408796859689,0.335397785196571,0.0517806290162344,0.0231056810434338,0.169027950567637,0.0587588565765446,-0.393331881987223,-0.150348756576241,0.344171681821453,-0.0803943149726092,0.00674264445844615,-0.208578878818349,0.0944470084846802,-0.0170444126193407
"Dendrocolaptes certhia",1,0,1,NA,0.560978135324566,0.962397302426853,0.756308386081858,0.337887886885518,0.859638764399292,0.218080695457796,-0.43236889976477,0.875705316220741,0.369901345997097,-0.466778369386879,0.237097204164829,-0.304323407647998,0.0771197970621755,0.0678776303016118
"Dendrocolaptes picumnus",1,1,NA,NA,0.643209034259321,0.934154080929993,0.497981541824463,0.376520248511592,0.836745588250177,0.291613851864528,-0.43236889976477,0.841645567565774,0.375039737074909,-0.261179192704119,0.147773002544557,-0.370340254981208,0.188833093514153,0.0902630780548093
"Dendroplex picus",0,11,NA,1,0.17653140388338,0.261965409304736,-0.323967508085432,-0.0727598089175647,0.106071716157569,-0.186351664779227,-0.425862730135179,-0.423703113806708,0.336160265610595,0.0457729080620264,0.0314916740494946,-0.323925041759113,0.371846030780964,0.00776321168011533
"Dichrozona cincta",3,0,1,NA,-0.539857440407095,-0.34808817502743,-0.629262869480535,-0.627921153766332,-0.981354150925424,-0.174096138711439,-0.842257586429014,-1.59793859098763,0.92102162009332,0.0961791782257429,-0.326798165344279,-0.0204357346197463,0.0902241670781209,-0.180790247327602
"Dolichonyx oryzivorus",1,0,1,NA,-0.0281054846377727,-0.43846648381738,-0.0656406638280362,-0.187226065587414,-0.306005454526513,0.169058591186642,0.719223124672868,-0.667607818783553,-0.824046378604045,0.281239686091946,-0.23692996452199,0.328766182617672,-0.282282900689347,0.301843486304476
"Donacobius atricapilla",10,8,NA,NA,0.0893772995944619,0.120749301820438,-0.37093602522314,-0.317431432549367,0.394144182700608,0.487702268949145,-0.959368639761656,-0.301070267631068,1.07361738220242,0.321218448752977,0.0144825194058089,-0.550248629857884,-0.012932600660423,0.183643843238085
"Doryfera johannae",0,2,NA,1,-1.44941827200097,0.374938295292174,-1.0050110065822,-0.722355815518957,-0.94701438670175,-1.13002717199895,2.67758018317981,-2.16628589711805,-3.30587474156743,-0.418973746136005,-0.987274369061597,-0.4192217529215,-0.230682367975093,-0.000610924360191611
"Dryobates affinis",5,2,NA,NA,0.0471614986855991,-0.105196470154438,-0.136093439534599,-0.162901986045071,-0.292651101772862,-0.46210100130447,-0.237183810877035,-0.778018005838712,0.119645355728224,-0.0794640011166309,0.0967498488629185,0.0773105933877883,0.306150230704844,-0.0312081914385142
"Dryobates passerinus",0,1,NA,1,-0.0138509813689724,-0.297250376333083,-0.159577698103453,-0.381818701926157,-0.590262391711365,-0.578528498948462,-0.601529310134141,-1.09746441901254,0.556791177849295,-0.136831683344135,0.12789070288196,0.203963332930583,0.369251143327812,-0.0499509989248593
"Elaenia gigas",1,0,1,NA,-0.0401932026730671,-0.472358349613612,-0.300483249516577,-0.197241863046025,-0.0713503989980773,-0.266012584219853,-0.315257846432129,-0.860614065457884,0.227455025752847,0.247988308480711,0.24571883160131,-0.00310732855797459,0.119845114060373,0.0289285924314958
"Elaenia parvirostris",5,3,NA,NA,-0.651606107850869,-0.607925812798538,-0.629262869480535,-0.484838332929021,-0.24686474947463,-0.315034688491007,-0.289233167913764,-1.46183994256382,0.192069326201961,0.279037370528924,0.118488586829162,-0.240983520876178,-0.134922520145306,-0.0970766083370201
"Elanoides forficatus",1,0,1,NA,1.92188768345624,0.307154563699711,0.944182454632691,4.42862573462424,3.8414749578216,0.598002003559242,1.46743263207585,3.98905486991681,-2.3399564715929,1.54978454010841,1.77745986053821,-0.264217082583253,0.246111034770045,-0.944108752051055
"Empidonomus varius",0,8,NA,1,-0.141768267780114,-0.365034107925546,0.0282963704473801,-0.0927914038347883,0.0526543051429658,-0.517250868609519,-0.00946787384134369,-0.752175233531481,-0.182441263691564,-0.042603956747782,0.397569314198806,0.0592869007767468,0.0295442358161839,-0.0499180326044558
"Epinecrophylla haematonota",1,0,1,NA,-1.00013711753194,-0.517547504008587,-0.558810093773973,-0.759557348936658,-0.763868977508825,-0.468228764338365,-0.699121854578009,-1.89308951254541,0.681170775944918,-0.0591220470996661,-0.0435846926747672,-0.176134834539201,-0.169289451120586,-0.287151960571535
"Euphonia chrysopasta",0,5,NA,1,-0.640735902182191,-0.70395276588786,-0.276998990947723,-0.66369185897566,-0.815378623844336,-0.560145209846779,-0.217665301988261,-1.69635617266938,0.148175002763324,-0.0705202326388973,0.0327142409823575,0.232549740946993,-0.106322542222002,-0.0779260755962704
"Euphonia laniirostris",1,7,NA,NA,-0.588614115595114,-0.783033786079067,-0.136093439534599,-0.605027902432362,-0.777223330262476,-0.394695607931633,-0.0615172308780732,-1.55484281732959,0.00532266344793566,-0.0180511217789408,0.0158331324460258,0.352124649777833,-0.24674082236008,-0.0124590798918823
"Euphonia minuta",0,1,NA,1,-0.894929324367323,-0.754790564582207,-0.488357318067411,-0.742387410436181,-0.956553210097215,-0.694955996592454,-0.0940480790260291,-2.01471491677093,-0.0193204904465666,-0.0539098458525214,-0.0438726277137324,0.148458436229074,-0.129018121346673,-0.164394476548205
"Euphonia xanthogaster",6,4,NA,NA,-0.69672197473938,-0.749141920282835,-0.323967508085432,-0.599304589598869,-0.798208741732499,-0.449845475236682,-0.126578927173985,-1.68284897400338,0.0538257276162988,0.0298143950851031,-0.0176845396605948,0.221601157029482,-0.19350570393954,-0.100324477004301
"Falco rufigularis",3,1,NA,NA,1.21647749238188,-0.246412577638735,0.82676116178842,1.36665336870578,0.57538182721444,0.555107662321982,1.03802543652284,1.24249428198624,-1.26296279736948,0.560794292684485,0.22103303622592,0.859489125804858,-0.0244026527711568,0.153926535505554
"Florisuga mellivora",0,8,NA,1,-1.12240406267175,-0.0204668056638592,-0.840621196600222,-0.50773158426299,-0.782946624299755,-1.14841046110063,2.71661720095736,-1.95894905813676,-3.36069927023407,-0.210835800724362,-0.682218359022714,-0.131500244159169,-0.17467025216942,0.0793014313916821
"Formicarius analis",3,0,1,NA,0.485889171177959,-0.122142403052554,-0.136093439534599,-0.200103519462772,-0.401393688481161,0.530596610186405,-0.503936765690273,-0.318652846657434,0.654569366500432,0.341171271201616,-0.337950172856647,0.244626204483393,0.13008344926678,0.306463257302464
"Formicarius colma",4,0,1,NA,0.274201936167506,-0.139088335950669,-0.253514732378869,-0.261629132422815,-0.466257687570322,0.377402534339048,-0.347788694580085,-0.548581859709441,0.444458993223661,0.304370430345881,-0.362884946319037,0.17140819060629,0.0991443418271947,0.242977594272407
"Forpus modestus",3,0,1,NA,-0.1389857001409,-0.534493436906703,0.568434317531025,-0.31886226075774,-0.758145683471546,-0.823639020304234,0.842840347635101,-1.04651088329942,-1.08399385931124,-0.498610663596134,0.129982435637962,0.846668947968512,-0.086152445831914,0.13010598264421
"Galbalcyrhynchus leucotis",8,7,NA,NA,0.272592848743488,1.6967210613452,0.497981541824463,-0.221565942588368,-0.464349922891229,-0.302779162423219,-0.0159740434709347,0.0715326436825209,-0.0686874223916555,-1.16940246998024,-0.691491638864884,-0.17588010720207,0.47757742988822,0.0287087218543768
"Galbula albirostris",5,0,1,NA,-0.295850234473185,0.939802725229365,-0.183061956672307,-0.400419468635007,-0.168646397631819,-0.737850337829714,-0.113566587914802,-0.759697276095425,-0.0946530199797646,-0.72529536530495,-0.196404629134157,-0.551547430832882,0.402484755108038,-0.128424384753683
"Galbula tombacea",4,0,1,NA,-0.25915371008661,1.31261324898791,-0.276998990947723,-0.376095389092664,0.155673597813986,-0.737850337829714,-0.59502314050455,-0.557755879139672,0.410190180761075,-0.80956595967214,-0.103794124679847,-0.944530461209245,0.560340077201876,-0.216080227980222
"Geotrygon montana",0,1,NA,1,1.06513405151419,-0.252061221938107,-0.629262869480535,0.475247394889337,-0.0293795760580319,0.193569643322219,0.179211045416801,-0.0100272294040719,-0.282665066765065,0.886392008726994,-0.139937743124831,0.226789277206726,0.718714940468755,0.292708258312403
"Glaucidium brasilianum",1,0,1,NA,0.499132743569655,-0.511898859709215,0.216170438998213,-0.131423765460862,-0.275481219661025,-0.351801266694373,-0.419356560505588,-0.531335484025178,0.389153159826362,0.0260327220498447,0.354674698660953,0.521126628443544,0.334305322407413,0.182192269567009
"Glaucis hirsutus",2,15,NA,NA,-1.18628431635844,0.516154402776472,-0.699715645187098,-0.63650612301657,-0.739068036680617,-1.20356032840568,2.30672851429312,-1.83341090346421,-2.90420874222536,-0.604825960119373,-0.747018474120681,-0.384814739533228,-0.0905196146159027,-0.00316208402785123
"Glyphorynchus spirurus",9,18,NA,NA,-0.609033365636063,-0.579682591301678,-0.417904542360848,-0.494854130387632,-0.225879338004608,-0.443717712202787,-0.0289863827301173,-1.39334161711275,-0.115971830504678,0.116583297269922,0.174540395430909,-0.124809650829399,-0.162780014106176,-0.0321864360196513
"Hemithraupis guira",1,0,1,NA,-0.757191539743656,-0.590979879900422,-0.488357318067411,-0.569257197223034,-0.489150863719438,-0.474356527372259,-0.191640623469897,-1.61480389182567,0.0804348481895806,0.0707299985990967,0.0639883143217801,-0.0950597275909944,-0.157043477662435,-0.135615019503097
"Hemitriccus striaticollis",0,18,NA,1,-1.0088709287935,-0.579682591301678,-0.488357318067411,-0.78817391310412,-0.72189815456878,-0.364056792762162,-0.920331621984109,-1.85733749464416,0.955054930659385,-0.0440556865145236,0.0149559106002146,-0.16995667416424,-0.241295463116528,-0.290533592947868
"Hemitriccus zosterops",2,0,1,NA,-1.00013711753194,-0.624871745696653,-0.511841576636265,-0.760988177145031,-0.586446862353179,-0.480484290406153,-0.9268377916137,-1.85946252799651,0.925362218498474,-0.0311445117100967,0.153933523593249,-0.225366557801072,-0.195855171712214,-0.302796317826978
"Henicorhina leucosticta",9,0,1,NA,-0.630019889035729,-0.376331396524289,-0.629262869480535,-0.702324220601733,-0.89550474036624,-0.0760519301691299,-0.939850130872882,-1.61335559437043,1.0482703247069,0.116957037684811,-0.301888009611603,-0.100817771880738,-0.0240222943777852,-0.163745880430638
"Herpetotheres cachinnans",0,6,NA,1,2.22735534605096,0.521803047075844,1.50780466028519,2.41974293006839,2.69300062100764,2.15445381416839,-0.354294864209676,3.74802376767911,0.397017333763404,1.05751833230124,0.797552147804283,0.117939565796679,-0.292494177483771,0.198496461266712
"Hydropsalis climacocerca",5,1,NA,NA,0.257954723743004,-0.302899020632454,-0.183061956672307,0.661255061977841,1.26790040572519,-0.535634157711202,1.76671643503705,0.0793380436327455,-2.36608231461094,0.501249147446215,0.658403701076289,-0.253599165774034,0.0116608675182415,0.216984513050529
"Hylophylax naevius",12,0,1,NA,-0.630019889035729,-0.449763772416124,-0.347451766654286,-0.646521920475182,-0.725713683926966,-0.216990479948699,-0.666591006430053,-1.49908575993613,0.705828056096876,-0.0170924421060153,-0.106028703147924,0.0110528313384401,-0.134712559397877,-0.129283037613716
"Hypocnemis flavescens",12,0,1,NA,-0.738537104061034,-0.43846648381738,-0.37093602522314,-0.712340018060345,-0.70282050777785,-0.216990479948699,-0.718640363466782,-1.56835835679501,0.763544139133946,-0.0436339060544991,-0.100204211150048,-0.064366069880693,-0.191490162876854,-0.14724943946629
"Hypocnemis hypoxantha",2,0,1,NA,-0.789343892474536,-0.421520550919265,-0.347451766654286,-0.689446766726375,-0.624602155935039,-0.223118242982593,-1.00491182716879,-1.55083618831731,1.07389671949643,-0.0710635909640572,-0.00203800453716144,-0.143371228327625,-0.190881572528423,-0.239990305266453
"Hypocnemis peruviana",0,20,NA,1,-0.738537104061034,-0.393277329422405,-0.394420283791994,-0.706616705226853,-0.750514624755175,-0.284395873321536,-0.972380979020838,-1.60510779581945,1.03741695499024,-0.0889958720145437,-0.0678131661722106,-0.096370274026557,-0.0954549343309339,-0.23073836190254
"Ibycter americanus",3,0,1,NA,2.22783977457668,0.917208148031877,1.74264724597373,3.67028678418649,3.35690272933199,1.6152106671857,0.12065551875048,4.46071580228736,-0.447554664748552,0.962765496227375,1.24302112465488,-0.0447209261810988,-0.0604309657335909,-0.533153963755407
"Ictinia plumbea",0,1,NA,1,1.53652050940743,-0.00352087276574362,1.08508800604582,2.60861225357365,1.08666276121136,0.57961871445756,1.1356179809667,2.18045754170848,-1.53602457106195,0.752602022048123,0.483535077975639,0.904709151104154,0.160001898846564,-0.412805993721009
"Isleria hauxwelli",1,0,1,NA,-0.843815498249952,-0.506250215409843,-0.605778610911681,-0.755264864311538,-1.01187838579091,-0.296651399389325,-0.568998461986185,-1.86005498148927,0.594077046234233,0.0309997951109277,-0.286567713347809,-0.0139420138195793,-0.121874640589849,-0.195066901413253
"Ixothraupis xanthogastra",3,0,1,NA,-0.588614115595114,-0.568385302702934,-0.582294352342827,-0.603597074223989,-0.744791330717896,-0.504995342541731,-0.328270185691311,-1.67994711823671,0.257567873348484,0.0877821474090957,-0.0553547841036553,0.0137193974417382,0.0521189405782609,-0.111348689306593
"Jacana jacana",3,2,NA,NA,0.890040283202894,0.566992201470819,-0.488357318067411,0.367935279261353,-0.662757449516898,1.84806566247368,-0.282726998284173,0.504065286651641,0.612116465824625,0.91634052523486,-1.43902406002157,0.167521950320646,0.0715373570484417,0.31733343108945
"Laterallus exilis",0,2,NA,1,0.0183994265583558,-0.365034107925546,-0.840621196600222,-0.427605204594096,-0.840179564672544,-0.0331575889318698,-0.282726998284173,-1.25749149065506,0.303807028002786,0.455485092771104,-0.443765347063609,0.0802272859735302,0.348266663842026,0.12292151311139
"Laterallus melanophaius",1,0,1,NA,0.352028066055201,-0.22946664474062,-0.77016842089366,-0.287384040173531,-0.752422389434268,0.291613851864528,-0.54297378346782,-0.864414779139198,0.656249153285844,0.569005557477834,-0.51593715525859,0.110669357414985,0.430615206837978,0.194312466071264
"Legatus leucophaius",0,19,NA,1,-0.292439545790775,-0.619223101397281,0.0282963704473801,-0.354632965967068,-0.431917923346648,-0.529506394677308,0.0751123313433417,-1.15398151347927,-0.213097847767692,-0.0764047844729346,0.221367055173574,0.330675819310886,-0.0759650440106489,0.0123963296576403
"Leistes militaris",0,5,NA,1,0.290107076473884,-0.212520711842504,-0.159577698103453,-0.215842629754876,-0.389947100406603,0.334508193101788,-0.360801033839267,-0.50300051703675,0.445284487105901,0.291207696279014,-0.246902874199801,0.215757679381143,0.0752990179374826,0.228931405748826
"Lepidothrix coronata",36,16,NA,NA,-1.03569503392608,-0.737844631684091,-0.582294352342827,-0.665122687184033,-0.977538621567238,-0.584656261982356,-0.419356560505588,-2.05315016789194,0.349295881100477,0.0146135106130814,-0.0699063477474192,0.0400161214324585,-0.167810084323708,-0.339142777424977
"Leptopogon amaurocephalus",0,31,NA,1,-0.776318289452274,-0.574033947002306,-0.558810093773973,-0.580703822890019,-0.430010158667556,-0.566272972880673,-0.367307203468859,-1.66205330431612,0.252361800408055,0.0619686168542066,0.146845566598954,-0.19108557025486,-0.0780743211524784,-0.186333360725917
"Leptotila rufaxilla",5,16,NA,NA,1.1853684352308,-0.206872067543132,-0.652747128049389,0.460939112805606,0.314018066178703,0.218080695457796,0.0100506350474299,0.161090180368397,-0.10822200224241,0.936118803130051,0.0403289976835524,0.0428696000054949,0.767959254564974,0.373776193302927
"Lipaugus vociferans",5,0,1,NA,0.631280371798644,0.165938456215414,0.4275287661179,0.28351641496734,0.617352650154485,-0.143457323541967,-0.4844182568015,0.324516741715279,0.386214425967649,-0.0925062617685464,0.533247387466654,-0.00884216878932023,0.294000871247681,0.0822808479064513
"Lophotriccus vitiosus",1,0,1,NA,-1.19747661380773,-0.698304121588488,-0.535325835205119,-0.802482195187851,-0.807747565127964,-0.578528498948462,-0.913825452354518,-2.09676307168582,0.903570596643706,-0.089211632678012,0.097133855326609,-0.162054208233145,-0.244947979497376,-0.412045861730855
"Loriotus cristatus",2,0,1,NA,-0.418024796089805,-0.455412416715496,-0.136093439534599,-0.387542014759649,-0.141937692124517,-0.339545740626585,-0.334776355320903,-1.07792563921644,0.250256749770725,0.000269343037558392,0.257064537130271,-0.0444052599910944,-0.135342639491357,-0.0537889895806348
"Loriotus luctuosus",1,0,1,NA,-0.69672197473938,-0.562736658403562,-0.300483249516577,-0.589288792140258,-0.454811099495764,-0.394695607931633,-0.438875069394361,-1.48815640109584,0.385745262434614,-0.017430346807126,0.127757915714065,-0.0467634774511984,-0.195561698615218,-0.128876816219698
"Machaeropterus striolatus",6,24,NA,NA,-0.949754034266939,-0.805628363276554,-0.652747128049389,-0.750972379686419,-1.05575697341005,-0.603039551084039,-0.269714659024991,-2.12191657035093,0.196470286403023,0.0663577710483547,-0.121829121860192,0.105110663784572,-0.115560661957269,-0.220274397313054
"Malacoptila fusca",2,0,1,NA,0.248035987041371,0.216776254909761,0.263138956135921,-0.227289255421861,-0.397578159122975,-0.351801266694373,-0.328270185691311,-0.475330713528274,0.283448479694727,-0.403386880002236,-0.0250680358429626,0.231081633921913,0.309392178967889,0.069070393444832
"Manacus manacus",0,67,NA,1,-0.507508377283234,-0.70395276588786,-0.417904542360848,-0.730940784769196,-0.859257211463474,-0.174096138711439,-0.549479953097411,-1.60695166947728,0.611382086449867,0.14029409877194,-0.130892085961065,0.186745402961709,-0.115277973504887,0.0165625367057696
"Megaceryle torquata",0,5,NA,1,1.71620131182341,3.36871977395928,2.04794260736883,1.2593412530778,0.808129118063782,-0.578528498948462,0.0100506350474299,2.6275689693631,-0.317482966515882,-2.12112677042028,-0.119926930505385,-0.10930360132615,1.20747884376529,-0.214171552518169
"Megarynchus pitangua",0,3,NA,1,0.574060129050741,0.550046268572703,1.81310002168029,0.146156906963521,0.1518580684558,-0.278268110287642,-0.0680234005076642,0.668370064410423,-0.00386011361391426,-1.16938788226345,0.426495244147192,0.722822976054976,-0.121826472564081,0.130164282799277
"Megascops watsonii",2,0,1,NA,1.03696962845356,-0.0430613828613469,0.474497283255608,0.891618403525912,0.243430773052263,0.640896344796503,0.0555938224545681,0.823554864956977,-0.0832521840652177,0.472766701643862,0.0124831054934864,0.554240074932117,0.139317072991277,0.103009701178051
"Melanerpes cruentatus",16,18,NA,NA,0.434374428625131,0.132046590419182,0.122233404722797,0.150449391588641,-0.414748041234812,-0.315034688491007,0.224754232823939,-0.313958710830499,-0.371929242078431,-0.125423727176439,-0.135496113418914,0.377737031420344,0.402611765218909,0.0438954045633757
"Mesembrinibis cayennensis",0,5,NA,1,2.37280695656952,5.23277239275201,1.31993059173436,2.75884921545282,1.43959922684356,2.24024249664291,0.0425814831953858,4.91706440657549,-0.0586845450052752,-0.926077443294282,-1.91546952929316,-1.09011413709316,0.947960425379378,-0.422381062657555
"Metopothrix aurantiaca",0,12,NA,1,-0.809313326330733,-0.687006832989744,-0.723199903755952,-0.66369185897566,-0.559738156845878,-0.566272972880673,-0.10055424865562,-1.8366516115834,-0.0348837545633277,0.172847403318307,0.0296653055080179,-0.149739167121028,-0.0886863021874356,-0.101707367474746
"Microbates collaris",1,0,1,NA,-0.87996910758623,-0.212520711842504,-0.746684162324806,-0.703755048810107,-0.96609203349268,-0.112818508372496,-0.835751416799423,-1.74722473351741,0.907738814669809,0.0494413725198958,-0.444382556219449,-0.252627828001583,-0.0822538508851532,-0.290201446188067
"Microcerculus marginatus",3,7,NA,NA,-0.442528552554248,-0.269007154836223,-0.652747128049389,-0.637936951224943,-1.02332497386547,-0.0147742998301869,-0.829245247169832,-1.50451637570184,0.945371117528972,0.142949190293729,-0.458504085323285,-0.0109763091253754,0.0983242349468487,-0.109505457259253
"Microrhopias quixensis",1,NA,NA,NA,-1.0730095940647,-0.472358349613612,-0.488357318067411,-0.719494159102211,-0.479612040323973,-0.443717712202787,-0.425862730135179,-1.76171806900686,0.34879019430451,-0.0701537446653884,0.0365220179396855,-0.291769107397078,-0.319826452334614,-0.242122610887901
"Milvago chimachima",0,9,NA,1,1.71189937274558,0.369289650992802,1.20250929889009,2.61290473819876,2.30000109711448,1.57231632594844,0.361383795045353,3.13184046543516,-0.556078542397492,1.02606371860397,0.699202180127244,0.17539833015011,-0.255484484808576,-0.16895757976336
"Mionectes oleagineus",2,21,NA,NA,-0.809313326330733,-0.687006832989744,-0.464873059498556,-0.612182043474227,-0.565461450883156,-0.474356527372259,-0.471405917542317,-1.70561752386997,0.407017345680132,0.0622045341201806,0.12072591552645,-0.0599352523456751,-0.168639972266395,-0.197987936761656
"Molothrus bonariensis",1,4,NA,NA,0.180181006439998,-0.240763933339364,0.0752648875850884,0.0946470914620893,0.0927173634039183,0.107780960847699,0.192223384675983,-0.263948732036377,-0.294493413187329,0.223403674750992,0.073955985391622,0.160989307300232,-0.0904843923477526,0.135767169359176
"Molothrus oryzivorus",0,1,NA,1,1.2965815904911,0.651721865961398,0.732824127513004,1.00608466019576,1.01225993872673,1.11273409840636,0.491507187637177,1.70454332317538,-0.543220493386812,0.366874921932957,-0.0977092413918668,0.155807537977206,-0.0581776393000284,0.397887428738517
"Momotus momota",11,0,1,NA,0.950181456000315,1.04712696691743,0.82676116178842,0.558235430974977,3.35881049401108,0.285486088830633,-0.37381337309845,2.03386760824783,0.113062472021013,-0.12115878251712,1.49889769200053,-1.40142949752867,-0.09090221903853,0.506837665050908
"Monasa flavirostris",7,0,1,NA,0.493141702973491,0.267614053604108,0.4275287661179,0.0617380426695076,0.541042062990766,-0.431462186134999,-0.139591266433167,0.101166200572764,-0.0356789320312641,-0.322157083720186,0.500008352935778,-0.047831988244905,0.307990740891756,0.165255167275814
"Monasa morphoeus",13,0,1,NA,0.747163252501763,0.736451530451976,0.685855610375295,0.317856291968295,0.695571001997297,-0.278268110287642,-0.159109775321941,0.64078354450095,-0.00994282637657071,-0.493999882915565,0.403153158395884,-0.0805131429241438,0.392280823863043,0.131877655807607
"Monasa nigrifrons",6,7,NA,NA,0.682600177142706,0.764694751948836,0.779792644650712,0.350765340760876,0.781420412556481,-0.155712849609756,-0.490924426431091,0.72897926583564,0.377625731449164,-0.518212818250914,0.467758026647641,-0.14268569016329,0.304616778384511,0.0406290740184732
"Mustelirallus albicollis",0,1,NA,1,0.844596024107528,1.25047816169482,0.404044507549046,0.174773471130983,0.350265595081469,0.548979899288088,-0.725146533096373,0.834206734383488,0.820749544123627,-0.337009639241856,-0.317471066628827,-0.291794110335915,0.374705246923516,0.197590047009147
"Myiarchus ferox",3,16,NA,NA,-0.130698967035841,-0.127791047351926,0.357075990411338,-0.25018250675583,0.172843479925823,-0.11894627140639,-0.660084836800462,-0.457473809013729,0.650475307710642,-0.233181482281661,0.381276212011486,-0.030631916896746,-0.173417067941422,-0.0110317707210999
"Myiarchus swainsoni",1,0,1,NA,-0.19968675473178,-0.212520711842504,0.192686180429359,-0.210119316921383,0.0965328927621043,-0.192479427813121,-0.477912087171909,-0.602751695385353,0.422214571156797,-0.13372148013367,0.334888601422632,-0.0313634902820669,-0.145005678310896,-0.0495803798959261
"Myiarchus tuberculifer",0,12,NA,1,-0.463573541786855,-0.161682913148157,0.216170438998213,-0.327447230007978,-0.0255640466998459,-0.223118242982593,-0.360801033839267,-0.783943047790027,0.294050441747663,-0.264602135717519,0.233288733857822,-0.0653305832707671,-0.297824451251659,-0.100132515929759
"Myiobius barbatus",6,0,1,NA,-0.822925699293152,-0.624871745696653,-0.441388800929702,-0.583565479306765,-0.449087805458485,-0.54788968377899,-0.490924426431091,-1.65991056554357,0.400822295858175,0.0109465414993627,0.199445711781225,-0.134983662770272,-0.148215913581981,-0.227754187523904
"Myiodynastes maculatus",0,13,NA,1,0.210510761760991,0.132046590419182,1.03811948890811,0.051722245210896,0.146134774418521,-0.253757058152064,-0.217665301988261,0.0772374942498227,0.134723711841569,-0.631579456262765,0.417117555403586,0.390350804973804,-0.132919767443643,0.0127503296392416
"Myiopagis gaimardii",0,1,NA,1,-0.757191539743656,-0.715250054486604,-0.535325835205119,-0.657968546142167,-0.47770427564488,-0.364056792762162,-0.386825712357632,-1.66542165869631,0.332320813296954,0.164919204702249,0.0943668524535658,-0.10580148661154,-0.201830908802933,-0.0902382009863868
"Myiozetetes cayanensis",0,1,NA,1,-0.17598390822931,-0.540142081206075,-0.183061956672307,-0.274506586298173,-0.122860045333587,-0.20473495388091,-0.582010801245367,-0.929005594187259,0.552877115967985,0.177612411123911,0.2911364301661,0.0226557723434583,-0.0103407748602837,-0.0339359628833213
"Myiozetetes granadensis",2,8,NA,NA,-0.0828012643792165,-0.34808817502743,-0.112609180965745,-0.238735881088846,-0.210617220571864,-0.364056792762162,-0.529961444208638,-0.873673554780683,0.470064222939622,0.00979232347609952,0.249953456366212,0.0617824439594065,0.145039377712385,-0.0582797154606366
"Myiozetetes similis",1,10,NA,NA,-0.117086594073421,-0.370682752224918,-0.159577698103453,-0.233012568255353,-0.166738632952726,-0.253757058152064,-0.516949104949456,-0.858186608890588,0.469506249902901,0.0884372968962936,0.217730314986418,0.0187606040367332,0.076010984835781,-0.0474733883631682
"Myrmelastes leucostigma",4,1,NA,NA,-0.181840265153069,-0.116493758753182,-0.394420283791994,-0.532055663805333,-0.409024747197533,0.150675302084959,-0.965874809391247,-0.957790094269391,1.09304791474336,0.125466631591052,-0.176212521303608,-0.178769538171654,0.0472763789720765,0.0291533307765834
"Myrmoborus leucophrys",5,0,1,NA,-0.316644196536187,-0.336790886428686,-0.394420283791994,-0.549225602305811,-0.649403096763247,0.089397671746016,-0.699121854578009,-1.18382702764515,0.79819399135875,0.157774270678573,-0.241520408560259,0.0142699867333691,-0.0529340489139213,0.00602827357170063
"Myrmoborus myotherinus",10,1,NA,NA,-0.418024796089805,-0.342439530728058,-0.464873059498556,-0.590719620348631,-0.719990389889687,0.120036486915488,-0.621047819022914,-1.28107125495381,0.718441017876278,0.178549917401919,-0.326648775072852,-0.00953724564682975,-0.108651646986245,-0.00333343241366897
"Myrmothera campanisona",4,0,1,NA,0.274201936167506,-0.178628846046273,-0.183061956672307,-0.368941248050799,-0.813470859165243,1.00243436379627,-1.12202288050144,-0.499756864592092,1.48577075315371,0.422295227205897,-0.645769684337733,0.297314481947384,-0.0866661314695742,0.205871304179932
"Myrmothera fulviventris",1,0,1,NA,0.171023727532838,-0.11084511445381,-0.183061956672307,-0.371802904467545,-0.832548505956172,0.757323842440494,-0.783702059762694,-0.605189549001545,1.05091737053196,0.292619974565985,-0.64259761185708,0.283160936175602,-0.0618757295263458,0.181129777462639
"Myrmotherula axillaris",10,0,1,NA,-1.05412195379311,-0.506250215409843,-0.652747128049389,-0.7466798950613,-0.788669918337034,-0.504995342541731,-0.621047819022914,-1.96045891641033,0.578970678428869,-0.0309983338239555,-0.0827736750968103,-0.218598277101497,-0.152279623266739,-0.316375877942691
"Myrmotherula brachyura",2,0,1,NA,-1.23208417266441,-0.590979879900422,-0.723199903755952,-0.853992010689283,-1.11298991378284,-0.46210100130447,-0.965874809391247,-2.22909286819038,1.0038711424993,-0.0433229368076145,-0.194807667453365,-0.162192013424028,-0.182893121662573,-0.442942304868795
"Myrmotherula menetriesii",1,0,1,NA,-1.0088709287935,-0.472358349613612,-0.582294352342827,-0.729509956560823,-0.916490151836263,-0.468228764338365,-0.647072497541279,-1.93035771707911,0.628733523331927,-0.0746929885693431,-0.156064232899677,-0.121545667343151,-0.137839726892483,-0.326313606319953
"Nyctibius grandis",0,1,NA,1,2.12834368511771,1.20528900729984,0.122233404722797,3.87489521798385,3.30157755363829,-0.425334423101105,1.27875371281771,3.33024573888069,-2.26094187981268,1.04806242437608,1.4224825436683,-0.767988821048202,1.40201292795349,-0.880948244150582
"Nycticorax nycticorax",1,0,1,NA,2.42492874315659,3.19361180067876,1.39038336744092,2.61004308178202,0.342634536365097,2.78561340665951,0.569581223192271,4.11837628477066,-0.396172805977247,0.0213130126825959,-1.99541457282635,0.363613353159272,0.341446237880223,-0.085352848012469
"Nyctidromus albicollis",0,3,NA,1,0.430463464273838,-0.43846648381738,-0.276998990947723,0.681286656895065,1.11337146671866,-0.100562982304707,0.745247803191233,0.156746725564233,-1.11103323980447,0.756787771739909,0.622928237590086,-0.218459273008087,0.0853177787264335,0.124117298273608
"Ochthornis littoralis",2,3,NA,NA,-0.673827305698956,-0.534493436906703,-0.37093602522314,-0.473391707262036,-0.443364511421206,-0.400823370965528,-0.438875069394361,-1.45072626757665,0.367061902811774,0.0421468445248681,0.114588860112512,-0.0736795782896237,-0.135129833372458,-0.19588024319107
"Odontophorus gujanensis",1,0,1,NA,1.70925829938681,-0.240763933339364,0.404044507549046,0.573974541267081,-0.12476781001268,0.824729235813332,-0.718640363466782,0.833270574426266,0.930960018323803,0.630246733344247,-0.0382288600327334,0.86908980462667,0.567212139235323,0.44783562578377
"Opisthocomus hoazin",0,13,NA,1,2.31033615526922,0.487911181279612,0.944182454632691,3.12943372142146,4.0608678959173,1.68874382359243,-0.621047819022914,4.12748654360784,0.389085211608658,1.55133870001629,1.6907416491593,-0.724772106015381,0.104947428198184,-0.164478942120985
"Ortalis guttata",0,12,NA,1,2.12930984288524,0.239370832107248,0.0282963704473801,1.27364953516153,2.60715121044845,1.829682373372,-0.608035479763732,2.5326585835328,0.698982194686057,1.55556816056821,0.667509302793533,-0.627370834624652,0.220439217238852,0.769320493607824
"Orthopsittaca manilatus",0,10,NA,1,1.83706993042545,0.369289650992802,2.54111203731477,1.95329293413876,2.60715121044845,-0.192479427813121,1.11609947207793,2.95259019990963,-1.63421223223172,-0.470589063530988,1.79368930962278,0.669744103954806,-0.0543913579105193,0.230382453472795
"Pachyramphus castaneus",1,0,1,NA,-0.390406765967171,-0.545790725505446,0.00481211187852609,-0.417589407135484,-0.342252983429279,-0.33341797759269,-0.393331881987223,-1.12051398415394,0.34657510848218,-0.0628784863039331,0.230687073817158,0.155924839298235,-0.157858892332907,-0.0541638944221962
"Pachyramphus minor",3,0,1,NA,0.0852603070623761,-0.263358510536851,0.521465800393317,-0.201534347671145,-0.243049220116445,-0.174096138711439,-0.2632084893954,-0.477623837746948,0.241092935072662,-0.267190058855421,0.213577648834129,0.425691208321157,-0.0978220682038794,0.087942980855721
"Pachyramphus polychopterus",3,14,NA,NA,-0.341650090779152,-0.511898859709215,0.192686180429359,-0.44763679951132,-0.422379099951184,-0.308906925457113,-0.165615944951532,-1.04671200098622,0.115310038123193,-0.173887621158497,0.162705463938269,0.305782832146892,-0.229269269524848,0.0311555811480258
"Pandion haliaetus",0,1,NA,1,2.88192761960843,1.30131596038917,2.61156481302133,5.22416621847969,2.35532627280818,1.59682737808401,1.33730923948403,5.42220846278241,-1.86439084598397,0.746603984680965,0.624812712863708,1.25476594331053,0.241568064954004,-1.13551398499986
"Paroaria gularis",6,10,NA,NA,-0.246239442450294,-0.415871906619893,-0.347451766654286,-0.281660727340039,-0.168646397631819,-0.0883074562369184,-0.588516970874959,-0.959280411367638,0.574470365580482,0.23844272211891,0.12458074702529,-0.103745889325208,-0.0151798429060222,-0.0621120641917332
"Patagioenas cayennensis",0,10,NA,1,1.47053896691844,0.0303709930304879,-0.37093602522314,1.10195015015676,0.665046767131809,-0.0209020628640813,0.699704615784095,0.743478511925344,-1.0153840635639,0.860928492869558,0.20110932455879,0.15290803115332,0.917165660653462,0.240457584029093
"Patagioenas subvinacea",1,0,1,NA,1.21138079788401,-0.291601732033711,-0.558810093773973,0.758551380147213,0.69747876667639,-0.180223901745333,0.647655258747365,0.298304325780093,-0.965740621233256,0.919653140897268,0.364561834657172,0.0445276472735308,0.808714294485044,0.328443728351785
"Penelope jacquacu",0,3,NA,1,2.88431777435493,0.815532550643183,0.615402834668733,2.76314170007794,4.66562929918977,3.42902852521841,-0.913825452354518,5.00015833350619,1.07119063099312,2.29486392381957,1.06628827701738,-1.2090213110951,-0.303921574732132,0.656224120421269
"Phaeomyias murina",0,7,NA,1,-0.894929324367323,-0.720898698785976,-0.511841576636265,-0.680861797476137,-0.492966393077624,-0.308906925457113,-0.588516970874959,-1.71783159799837,0.568254547345423,0.137011634586085,0.103821470740157,-0.1529027716912,-0.291124075437602,-0.176818722357165
"Phaethornis atrimentalis",0,30,NA,1,-1.91259801510546,0.0699115031260912,-1.05197952371991,-0.926964249316312,-0.855441682105288,-1.20968809143957,2.64504933503186,-2.54677321526582,-3.28920139190251,-0.40744098921757,-0.807320622128772,-0.541303542908338,-0.543972602432779,-0.070795281542683
"Phaethornis bourcieri",4,3,NA,NA,-1.53252023690227,0.566992201470819,-0.88758971373793,-0.665122687184033,-0.31745204260107,-1.19743256537179,2.80770357577164,-1.89026392271063,-3.5259846195534,-0.521094363146733,-0.706034393926422,-0.761729527105515,-0.358774708671608,0.0210389083561369
"Phaethornis malaris",0,2,NA,1,-1.29353805866783,1.14880256430613,-0.746684162324806,-0.630782810183078,-0.191539573780934,-1.09938835682948,2.63854316540227,-1.4768594306679,-3.32124552445307,-0.767382594309138,-0.846897142532388,-0.930907283928286,-0.189123261517205,0.066057625040313
"Pharomachrus pavoninus",1,0,1,NA,1.21370174060037,0.00212777153362837,0.638887093237587,1.07476441419767,1.5903126364919,-0.37631231882995,0.972963740226924,1.17041936482392,-1.43297752117401,0.238308615826748,1.02583325772753,0.113512034496478,0.37286609355418,0.289261762926917
"Pheugopedius coraya",0,1,NA,1,-0.485221620684729,-0.269007154836223,-0.558810093773973,-0.579272994681646,-0.389947100406603,-0.100562982304707,-0.829245247169832,-1.28504514298543,0.872356528658584,0.135855032174958,-0.0670357981038069,-0.290820713073693,-0.00827759306452085,-0.0861152289687778
"Philydor pyrrhodes",1,0,1,NA,-0.0524774775612913,-0.22946664474062,-0.441388800929702,-0.29596900942377,-0.294558866451955,-0.198607190847016,-0.406344221246405,-0.9324748445815,0.362119588341365,0.187586883662743,-0.0193949877882214,-0.0806136518754248,0.217035019875945,0.023767339401313
"Phimosus infuscatus",0,1,NA,1,2.14473780967538,5.15369137256081,0.944182454632691,2.3181541272739,0.600182768042648,2.10543170989724,0.660667598006548,4.18875795868021,-0.688790720810498,-0.953078161017118,-2.49538188671467,-0.876059377477723,0.986074524524528,-0.257654826099159
"Piaya cayana",1,5,NA,NA,0.859556240888621,0.442722026884637,0.544950058962171,0.609745246476409,3.83956719314251,0.66540739693208,-0.861776095317788,2.00606525151454,0.686845798539125,0.482023094097946,1.8539529316856,-1.60504473765583,-0.341620200026359,0.508966242719403
"Picumnus lafresnayi",0,10,NA,1,-0.933679677640004,-0.766087853180951,-0.746684162324806,-0.750972379686419,-1.02523273854456,-0.743978100863608,-0.477912087171909,-2.17796353130624,0.396693335468311,0.046769308217204,-0.0382436044820085,0.0123947658148338,0.0320089617688587,-0.284383318956743
"Picumnus squamulatus",0,1,NA,1,-0.87996910758623,-0.715250054486604,-0.535325835205119,-0.753834036103165,-0.9336600339481,-0.670444944456876,-0.471405917542317,-2.00989496119642,0.408413543317605,-0.048027296499948,0.00461901674534848,0.0615774459326095,-0.0556713459242016,-0.22959828378579
"Pionites melanocephalus",2,0,1,NA,1.14484319816814,0.318451852298455,1.67219447026717,0.459508284597233,-0.176277456348191,-0.560145209846779,0.680186106895321,0.721678387269902,-0.886156719593086,-0.924361616294474,0.328913779732711,1.21610192354085,0.335625821131816,0.278841947520392
"Pipile cumanensis",1,0,1,NA,2.74614320713956,0.62912728876391,1.10857226461467,3.2653624012169,4.10665424821553,2.22798697057513,-0.725146533096373,4.65930597314769,0.621611872333631,1.70713703461545,1.49108441218523,-0.58298793247967,0.0921261390743515,0.0261564864848985
"Pipra filicauda",3,0,1,NA,-0.56873227710802,-0.653114967193513,-0.441388800929702,-0.542071461263945,-0.445272276100299,-0.492739816473942,-0.464899747912726,-1.52343535644289,0.391374956698786,0.0987357957617091,0.192567399951786,-0.0374954305038281,-0.0295035255745115,-0.115776203949425
"Pitangus lictor",0,5,NA,1,-0.187742375328919,-0.0317640942626032,-0.0891249223968905,-0.235874224672099,-0.0694426343189841,-0.302779162423219,-0.464899747912726,-0.744360811289258,0.38695101587117,-0.121015840359184,0.156147520494806,-0.149893336004573,0.077925857592502,-0.0880757952426668
"Pitangus sulphuratus",0,15,NA,1,0.494343717960523,0.301505919400339,0.920698196063837,0.123263655629552,0.132780421664871,0.126164249949382,-0.406344221246405,0.35345997128507,0.422225047099587,-0.442328668044503,0.19115281210475,0.353773073006106,-0.0333185830667348,0.110355504994869
"Platyrinchus coronatus",2,0,1,NA,-0.966177860663018,-0.641817678594769,0.0517806290162344,-0.699462564184987,-1.01760167982819,-0.645933892321299,-0.126578927173985,-1.80805908075196,0.0449500811718799,-0.39629121389063,-0.0124591357194743,0.364853897420407,-0.355313985969158,-0.235055262816144
"Plegadis falcinellus",1,0,1,NA,2.23098101095262,5.26666425854825,0.991150971770399,2.45408280706935,0.474270299222512,3.83958864848932,0.94693906170856,4.86962944175214,-0.669210935288201,-0.334920816570443,-3.42972146829399,-0.755013816522424,0.188989695973449,0.0459821182333947
"Poecilotriccus latirostris",1,23,NA,NA,-1.05412195379311,-0.506250215409843,-0.37093602522314,-0.795328054145986,-0.853533917426195,-0.308906925457113,-0.783702059762694,-1.8378653406818,0.824896311937834,-0.140672929113136,-0.110000330825437,-0.0788911700946317,-0.325311511911722,-0.291171718851044
"Progne chalybea",2,0,1,NA,0.320946715998758,-0.489304282511727,-0.136093439534599,0.390828530595323,-0.218248279288236,-0.627550603219616,1.98142003281356,-0.554504041418981,-2.46545126403429,0.309626346324815,-0.0389830636361345,0.594636056378632,0.19787032332276,0.243871136540751
"Psarocolius angustifrons",3,34,NA,NA,1.59914964562356,1.64588326265085,1.06160374747696,1.5254752998352,1.93371027872863,1.33946133066045,0.0295691439362035,2.8165270091857,-0.10138896691046,0.0921103562951003,0.074369093744864,-0.436109692618285,0.0804371464529913,0.206472287261678
"Psarocolius bifasciatus",2,0,1,NA,1.75950171427279,2.26723413558176,1.24947781602779,1.83739584926054,1.6723465176929,1.64584948235517,-0.0875419093964378,3.26723212855254,0.0802590039074747,-0.101605890673284,-0.367801625424314,-0.385737527265029,0.174807389715333,0.0224581116847222
"Psarocolius decumanus",3,14,NA,NA,1.3916754032426,1.57245088675902,1.17902504032123,1.36379171228904,1.76391922228936,1.3946111979655,0.0295691439362035,2.64920172052717,-0.0618428441810616,-0.0150899215191665,0.00445583596369701,-0.353650928784924,-0.121880883264224,0.205109987268389
"Psophia crepitans",1,0,1,NA,2.60351248922047,0.888964926535018,0.333591731842484,2.50416179436241,0.781420412556481,6.4438879378944,-1.09599820198307,4.41023465514979,2.18794349421241,3.00111941955547,-2.40005924314675,0.44542041922518,-1.24331006030705,0.600578302148007
"Pteroglossus azara",4,0,1,NA,1.12269019653115,3.82061131790904,4.02062032715258,0.289239727800832,1.01416770340582,0.267102799728951,-0.43236889976477,3.19795913440861,0.498568696876675,-3.45320730848194,-0.0972601222151531,0.159861473480508,-0.281818505773901,0.212116758650076
"Pteroglossus castanotis",0,15,NA,1,1.56091169620947,5.19323188265641,4.86605363563133,0.731365644188124,1.26980817040428,0.689918449067657,-0.516949104949456,4.4905599859056,0.640437932413138,-4.16909294558403,-0.468835486600881,0.0640317775007482,-0.239517279807441,0.130206934002277
"Pteroglossus inscriptus",2,0,1,NA,1.01799302606929,3.34047655246242,3.5509351557755,0.234868255882654,0.983643468540336,0.328380430067894,-0.438875069394361,2.83010349764835,0.509025350411575,-2.98816854074153,-0.0585823942561366,0.108488228750677,-0.296625523821544,0.235163047027142
"Pteroglossus pluricinctus",3,3,NA,NA,1.57137619032676,4.83736729179598,4.91302215276904,0.64694677989411,1.70287075255839,0.726685027271023,-0.529961444208638,4.52963565968888,0.647029465414316,-3.99544319203,-0.105213338952735,0.00141939724889697,-0.413833895626275,0.288718119004895
"Pyrocephalus rubinus",1,0,1,NA,-0.619453755119989,-0.540142081206075,-0.183061956672307,-0.414727750718738,-0.386131571048417,-0.431462186134999,-0.126578927173985,-1.32472718677125,0.00871625557574653,-0.0296575319097025,0.146594245089134,0.0458716595289687,-0.207029999000225,-0.132695758223003
"Querula purpurata",6,0,1,NA,0.898528757450647,0.27326269790348,1.48432040171634,1.07190275778092,0.758527236407365,0.0342478044409675,-0.438875069394361,1.24349344017099,0.322396123693507,-0.397493924672,0.762384370789689,0.56392890830931,0.0565444450109641,-0.232796684194186
"Ramphastos tucanus",6,1,NA,NA,2.26975547703103,8.19831064992226,7.49629059534299,1.91322974430431,1.50637099061181,1.76227697999916,-0.627553988652506,7.51036400966448,0.917032056979108,-6.13533614361451,-1.34905137928122,0.337360959387346,-0.596365065126931,-0.301185787044794
"Ramphocelus carbo",12,97,NA,NA,-0.17598390822931,-0.31984495353057,0.286623214704776,-0.36035627880056,0.0392999523893152,-0.131201797474178,-0.555986122727003,-0.646941685299817,0.55267560494217,-0.159385546518789,0.352282688234438,0.0626681785653043,-0.215164443872803,0.0542188041432391
"Ramphocelus nigrogularis",5,2,NA,NA,-0.0401932026730671,-0.223818000441248,0.169201921860505,-0.267352445256308,-0.016025223304381,-0.20473495388091,-0.523455274579047,-0.609356709090359,0.494929966802391,-0.122416531368724,0.292438075527765,0.055888389777603,-0.0209335143532805,0.034193332318677
"Ramphotrigon megacephalum",0,1,NA,1,-0.630019889035729,-0.562736658403562,-0.136093439534599,-0.633644466599824,-0.424286864630277,-0.486612053440048,-0.634060158282097,-1.44196807318348,0.601430474067262,-0.147795466663558,0.262139181601218,0.00767155074368152,-0.153541910730874,-0.121648393570909
"Rhynchocyclus olivaceus",4,5,NA,NA,-0.32370468026352,-0.415871906619893,0.638887093237587,-0.420451063552231,-0.262126866907374,-0.351801266694373,-0.59502314050455,-0.811628950206959,0.593800502018072,-0.470161153226298,0.416687230649265,0.356722115292528,-0.302568881360749,-0.0583418693059662
"Rhytipterna simplex",1,0,1,NA,-0.0209446133931874,-0.0713046043582065,0.216170438998213,-0.0927914038347883,0.333095712969632,-0.149585086575861,-0.490924426431091,-0.338532383057748,0.420371471098901,-0.108363052201748,0.399843050562597,-0.125147284041011,-0.0597376398238958,-0.0115082862725845
"Rupornis magnirostris",2,21,NA,NA,1.59216100873658,0.137695234718554,0.991150971770399,1.68286640275624,1.55024957823095,2.31377565304964,0.237766572083121,2.5894716103284,-0.107960804285261,1.17685993086533,-0.00268603978544883,0.371318466771155,-0.634150697102705,0.387184767686992
"Saltator coerulescens",4,3,NA,NA,0.391575515834585,-0.093899181555694,0.615402834668733,-0.0369891037082369,0.336911242327818,0.187441880288325,-0.640566327911688,0.105302561516581,0.689398351970815,-0.116876381218169,0.395874958176708,0.188640194874449,-0.105126996059691,0.183434198460482
"Saltator maximus",5,18,NA,NA,0.283785146192775,-0.184277490345645,0.638887093237587,-0.1028072012934,0.210998773507683,0.0955254347799104,-0.4844182568015,-0.0534908187744908,0.510099092181005,-0.16700530777292,0.377049214616244,0.272946790487747,-0.16323352080898,0.18168137469111
"Schiffornis major",0,2,NA,1,-0.0401932026730671,-0.455412416715496,-0.323967508085432,-0.357494622383814,-0.430010158667556,-0.302779162423219,-0.822739077540241,-1.06595195707471,0.839040912072721,0.140285879999673,0.15673242490036,0.0822856672080829,0.259813781035066,-0.0424571021852124
"Schistochlamys melanopis",0,2,NA,1,0.00703881758782683,-0.404574618021149,0.0987491461539424,-0.277368242714919,0.0373921877102221,-0.0515408780335528,-0.627553988652506,-0.606000511340261,0.642223494199756,0.0624800451508177,0.329766393080194,0.0712146766676587,-0.0718471011220275,0.0894683064591965
"Sclerurus caudacutus",5,0,1,NA,0.0769583964852678,-0.00352087276574362,-0.464873059498556,-0.19008772200416,-0.275481219661025,-0.0699241671352355,-0.451887408653544,-0.729483862346479,0.426480828374828,0.197118103348688,-0.147477284011175,-0.141237723982205,0.301956640242159,0.0138621570468642
"Selenidera reinwardtii",4,0,1,NA,1.20811945219626,2.11472073949872,3.17518701867383,0.329302917635279,0.508610063446186,0.45093569074578,-0.510442935319864,2.32107276369432,0.655884412911827,-2.1818502907711,0.075494227319535,0.727527326483378,-0.259434971445836,0.292135910101001
"Sicalis flaveola",0,6,NA,1,-0.498514625111438,-0.720898698785976,-0.183061956672307,-0.483407504720647,-0.466257687570322,-0.259884821185959,-0.243689980506626,-1.32469466813653,0.19932550718257,0.104731916801951,0.12467741102032,0.174671310460499,-0.234403792683833,-0.023282987645393
"Sporophila angolensis",0,17,NA,1,-0.69672197473938,-0.624871745696653,0.145717663291651,-0.652245233308675,-0.494874157756717,-0.474356527372259,-0.575504631615776,-1.41428184852396,0.555855067535362,-0.294222759226759,0.296025131850041,0.181817501105687,-0.317338167322549,-0.127616724139611
"Sporophila castaneiventris",1,2,NA,NA,-1.08263349822448,-0.732195987384719,-0.37093602522314,-0.783881428479001,-0.769592271546104,-0.609167314117933,-0.490924426431091,-1.98008494551316,0.429726768563072,-0.133630279241767,0.103439336152946,-0.0070434472496274,-0.295997248777587,-0.270651887725051
"Sporophila murallae",1,2,NA,NA,-0.836787854456549,-0.687006832989744,-0.230030473810015,-0.683723453892883,-0.565461450883156,-0.498867579507836,-0.660084836800462,-1.67245980317156,0.632530177991206,-0.108140043181582,0.219578940578318,0.0102854606934357,-0.241324099541595,-0.207616170726049
"Sporophila nigricollis",1,0,1,NA,-0.925768963892198,-0.839520229072786,-0.276998990947723,-0.728079128352449,-0.664665214195991,-0.609167314117933,-0.627553988652506,-1.85927347591626,0.583130609597089,-0.0908713449106971,0.258000513001833,0.0686502486693116,-0.248866063664595,-0.237094571671339
"Stelgidopteryx ruficollis",1,1,NA,NA,-0.535150470289404,-0.70395276588786,-0.394420283791994,0.013089883584822,-0.515859569226739,-0.780744679066974,1.77322260466664,-1.37399449836214,-2.24548359068021,0.211677388766085,-0.0992413723880254,0.367921747999957,-0.151471059765005,-0.0214201493358342
"Stilpnia nigrocincta",1,NA,NA,NA,-0.494057584101128,-0.658763611492885,-0.347451766654286,-0.500577443221125,-0.578815803636807,-0.517250868609519,-0.198146793099488,-1.491122457574,0.0998530106525248,0.0580426237814489,0.109645807810069,0.133261311356305,-0.0239479073050993,-0.0710531615555523
"Synallaxis albigularis",0,2,NA,1,-0.56873227710802,-0.602277168499166,-0.77016842089366,-0.686585110309629,-0.183908515064562,-0.284395873321536,-0.65357866717087,-1.52511531852008,0.626473161986533,0.321544960468062,0.168009341281894,-0.381133969641219,-0.0260551674435512,0.00477793151107797
"Synallaxis rutilans",3,0,1,NA,-0.507508377283234,-0.511898859709215,-0.676231386618243,-0.625059497349585,-0.149568750840889,-0.259884821185959,-0.790208229392285,-1.39884285521436,0.78097383107432,0.262736381760086,0.191464237425797,-0.378178062892479,0.00372325149134402,-0.0328403966978042
"Syrigma sibilatrix",0,6,NA,1,2.00239102944627,2.55531499484973,0.991150971770399,2.67156869474206,0.495255710692535,3.92537733096384,0.374396134304536,4.04950023074286,0.000723744410289662,0.911523509258783,-2.23664112629523,0.215100434907398,-0.432950205972078,-0.0922957887445934
"Tachornis squamata",0,7,NA,1,-0.822925699293152,-1.00897955805394,-0.793652679462514,0.00593574254295641,-0.201078397176399,-0.982960859185485,2.74264187947573,-1.67566411806891,-3.43052667236907,0.515668451614085,-0.0134213905926812,0.160289134842107,-0.327145110696507,0.0922876573347456
"Tachycineta albiventer",13,5,NA,NA,-0.463573541786855,-0.636169034295397,-0.276998990947723,-0.0369891037082369,-0.622694391255946,-0.780744679066974,1.7276794172595,-1.33575309499583,-2.17156261971749,0.101318665418825,-0.14622812041132,0.459603090366607,-0.122222815695054,0.0148023181395326
"Tachyphonus rufus",0,3,NA,1,0.0384276874240409,-0.297250376333083,-0.0186721466903282,-0.290245696590278,-0.012209693946195,-0.100562982304707,-0.529961444208638,-0.637062469192386,0.522604030370548,0.0616458940577956,0.236274391759226,0.0171780256688422,0.0279677693366056,0.10759036153662
"Tachyphonus surinamus",3,0,1,NA,-0.410030369531234,-0.427169195218637,-0.206546215241161,-0.334601371049844,-0.147660986161796,-0.351801266694373,-0.269714659024991,-1.07618591687746,0.165280608880508,0.0392111750722596,0.221546192261454,-0.0688476073936392,-0.0951059818781821,-0.0762721022041156
"Tangara chilensis",1,0,1,NA,-0.378872705897275,-0.619223101397281,-0.464873059498556,-0.380387873717783,-0.414748041234812,-0.370184555796056,-0.159109775321941,-1.32258406515352,0.0575306829217138,0.230694028678623,0.0862873931543635,0.0375406837774227,0.00829215658335216,-0.0391563378418576
"Tangara gyrola",0,5,NA,1,-0.334420693409982,-0.636169034295397,-0.323967508085432,-0.426174376385723,-0.504412981152181,-0.315034688491007,-0.21115913235867,-1.28786124158255,0.148908009520052,0.164043718786259,0.06385616294012,0.156948496754951,-0.0325830369023767,-0.000193713939015433
"Tangara mexicana",2,13,NA,NA,-0.352625580575932,-0.619223101397281,-0.441388800929702,-0.473391707262036,-0.538752745375855,-0.449845475236682,-0.0745295701372555,-1.40292477091838,-0.0298388388176288,0.157519715243351,0.0431832662142424,0.115244483848485,0.0492523306260412,0.0194470018188553
"Tangara schrankii",1,0,1,NA,-0.410030369531234,-0.568385302702934,-0.394420283791994,-0.503439099637871,-0.706636037136036,-0.382440081863845,-0.0159740434709347,-1.43877896793209,-0.0672814964553519,0.100137355091637,-0.0992595230613035,0.185477640584776,-0.0119462260591874,0.00815519615431204
"Tapera naevia",0,5,NA,1,0.296376541998559,-0.235115289039992,-0.253514732378869,0.0388447913355379,1.31559452270251,0.260975036695056,-0.10055424865562,0.103714325708506,-0.0337064197979626,0.589634367915238,0.621226913672191,-0.610140062574577,-0.118591519166158,0.369855545839178
"Thalurania furcata",2,3,NA,NA,-1.55029673377606,0.00212777153362837,-0.934558230875639,-0.696600907768241,-0.763868977508825,-1.16066598716842,2.58649380836554,-2.23964637070849,-3.222797398763,-0.296168854043063,-0.693783852874207,-0.367310231398328,-0.388717254602199,-0.0319513680095804
"Thamnomanes ardesiacus",8,0,1,NA,-0.463573541786855,-0.331142242129314,-0.276998990947723,-0.473391707262036,-0.527306157301297,-0.308906925457113,-0.477912087171909,-1.26311546029455,0.44800765876552,-0.0425872193931184,-0.017548165844685,-0.00750248063045358,-0.0306239811099949,-0.116232044985792
"Thamnomanes caesius",6,0,1,NA,-0.554156913244049,-0.308547664931827,-0.136093439534599,-0.477684191887155,-0.292651101772862,-0.382440081863845,-0.757677381244329,-1.19922367173542,0.731432213000529,-0.159646455506526,0.213715896704439,-0.128341965891438,-0.0910366309910152,-0.19607450449976
"Thamnophilus schistaceus",4,0,1,NA,-0.360032171861706,-0.240763933339364,-0.253514732378869,-0.580703822890019,-0.49678192243581,-0.223118242982593,-0.725146533096373,-1.18857751472976,0.759385825477058,-0.0804487291191597,-0.0245859696870855,-0.0568163175845908,0.0179465251448279,-0.0392998072812197
"Thraupis episcopus",7,35,NA,NA,0.0514908300751205,-0.551439369804819,0.0517806290162344,-0.228720083630234,-0.264034631586467,-0.0883074562369184,-0.10055424865562,-0.731426471918177,0.0621123364563472,0.147103761088023,0.137771279689595,0.337002883910855,-0.0666391646598967,0.154821002236793
"Thraupis palmarum",5,19,NA,NA,0.133242542141599,-0.506250215409843,-0.0656406638280362,-0.154317016794832,-0.141937692124517,-0.186351664779227,-0.159109775321941,-0.69032719056911,0.0881966887693682,0.19991655276461,0.217569686450993,0.232154313533628,0.0818301287782807,0.127603821221218
"Tigrisoma lineatum",0,3,NA,1,2.42772159757572,4.82607000319724,1.46083614314748,2.91051700554037,1.09238605524863,4.59943126469222,-0.490924426431091,5.5817066119366,1.03633210558127,0.0508493840351421,-2.85248065276413,-0.701450171455951,-0.157688496577957,-0.202377600797922
"Tityra cayana",2,4,NA,NA,0.55435119581358,0.239370832107248,1.22599355745894,0.191943409631461,-0.130491104049959,0.046503330508756,0.12065551875048,0.391577693602864,-0.156828106746987,-0.596375855006843,0.0869905692843109,0.737561173608647,-0.115814469412781,0.166150167562497
"Tityra inquisitor",2,0,1,NA,0.208759970108395,0.132046590419182,1.27296207459665,0.0345523067104186,-0.23351039672098,-0.131201797474178,0.140174027639253,0.075937263752821,-0.20138264506921,-0.750031740119774,0.146837355719342,0.726213237881656,-0.279440955923387,0.0705686171747578
"Todirostrum chrysocrotaphum",0,15,NA,1,-1.16438521029096,-0.55708801410419,-0.0891249223968905,-0.902640169773969,-0.927936739910821,-0.468228764338365,-0.406344221246405,-1.90916555607464,0.394552782168281,-0.375395417619904,-0.0734637337685687,0.10114259407,-0.485669475321515,-0.222089281804356
"Todirostrum cinereum",0,5,NA,1,-1.24398152500385,-0.517547504008587,-0.323967508085432,-0.869731120981387,-0.840179564672544,-0.284395873321536,-0.608035479763732,-1.91697788385167,0.631769378413896,-0.195748004381097,-0.142720639718972,-0.109588463702534,-0.506396416485174,-0.285671929685676
"Tolmomyias assimilis",1,0,1,NA,-0.494057584101128,-0.455412416715496,-0.112609180965745,-0.574980510056527,-0.525398392622204,-0.382440081863845,-0.549479953097411,-1.31808253671097,0.53422728832572,-0.140084535565655,0.11416714241258,0.086322205090707,-0.101113900089339,-0.0813512925158638
"Tolmomyias flaviventris",0,5,NA,1,-0.744704209818603,-0.602277168499166,-0.253514732378869,-0.627921153766332,-0.508228510510367,-0.455973238270576,-0.614541649393323,-1.56053398600064,0.580761118714456,-0.0791664893276917,0.186301536602683,-0.0218099746209753,-0.19036669049884,-0.180870895970322
"Tolmomyias poliocephalus",4,29,NA,NA,-0.836787854456549,-0.636169034295397,-0.253514732378869,-0.706616705226853,-0.605524509144109,-0.468228764338365,-0.621047819022914,-1.67600475562981,0.598659015832409,-0.115249411248919,0.149924958350491,0.000368373764461166,-0.239582054381026,-0.189041606949089
"Tolmomyias sulphurescens",0,5,NA,1,-0.624718349665209,-0.596628524199794,-0.183061956672307,-0.5764113382649,-0.42619462930937,-0.315034688491007,-0.562492292356594,-1.38757475229756,0.546763039456775,-0.0240526262111086,0.174892575306626,0.0180278749840364,-0.2270390150235,-0.107419957100252
"Troglodytes aedon",0,4,NA,1,-0.829824982494967,-0.455412416715496,-0.746684162324806,-0.742387410436181,-0.700912743098757,-0.223118242982593,-0.744665041985147,-1.75955331238651,0.773737585060551,0.147655783990134,-0.175701520108107,-0.268494089904776,-0.105613021541337,-0.181443932400465
"Trogon curucui",3,0,1,NA,0.379088185909532,-0.240763933339364,0.615402834668733,0.274931445717101,0.976012409823964,-0.694955996592454,0.764766312080007,0.120203724298931,-1.15679077044511,-0.180744873452277,0.923371058284337,0.115153127929858,0.021778245141509,0.23551123027044
"Trogon melanurus",2,0,1,NA,0.943583455458515,0.0473169259286037,0.944182454632691,0.718488190312766,1.37855075711258,-0.596911788050145,0.693198446154504,0.895585801851949,-1.10283263059682,-0.205888935173047,1.09894425403549,0.179742740168386,0.246617931779902,0.258992002736583
"Trogon ramonianus",1,0,1,NA,0.214000219512065,-0.257709866237479,0.991150971770399,0.174773471130983,0.855823235041106,-0.737850337829714,0.78428482096878,0.0869903754879004,-1.15733830129696,-0.464928571150169,0.960803612984571,0.293523673360865,-0.195780409331261,0.20737937474154
"Trogon rufus",3,0,1,NA,0.376284968370497,-0.22946664474062,0.638887093237587,0.140433594130029,1.01225993872673,-0.652061655355194,0.881877365412648,0.110824076981614,-1.26606182397311,-0.210046458652099,0.894272697604137,0.0970882112553502,-0.0456251323357901,0.360124516654095
"Trogon viridis",4,18,NA,NA,0.762477282143155,0.0699115031260912,0.920698196063837,0.612606902893155,1.5368952254773,-0.584656261982356,0.667173767636139,0.833773589753969,-1.08211719169944,-0.23964443309477,1.15585416209454,0.00656492393165051,0.114281762704398,0.260277359217294
"Turdus albicollis",4,0,1,NA,0.379088185909532,-0.0261154499632312,-0.37093602522314,0.107524545337447,0.231984184977705,0.383530297372942,-0.204652962729079,-0.137514586725714,0.181832791390046,0.516664099152167,-0.0841161764213804,-0.180318679577877,0.142620864262533,0.180955993648936
"Turdus ignobilis",6,24,NA,NA,0.505076647244873,-0.133439691651297,-0.0186721466903282,0.101801232503955,0.188105597358567,0.616385292660925,-0.217665301988261,0.0702426287657874,0.271382140886162,0.469412511482932,-0.0808000144203848,0.0860723607976127,-0.041876703264906,0.290652558634139
"Tyrannulus elatus",1,10,NA,NA,-1.16438521029096,-0.884709383467761,-0.699715645187098,-0.78817391310412,-0.708543801815129,-0.615295077151828,-0.334776355320903,-2.15832213685549,0.231755450191794,0.113591385705592,0.0902197185590879,-0.138560885820514,-0.282253254542454,-0.256025616082918
"Tyrannus melancholicus",1,68,NA,NA,0.101595349081813,-0.0261154499632312,0.82676116178842,0.078907981169985,0.268231713880472,-0.308906925457113,-0.0419987219892996,-0.0566773006724262,-0.0998313694901177,-0.454661070168637,0.484112171021916,0.282736599162186,-0.164786089048592,0.000885029791381515
"Vanellus cayanus",0,2,NA,1,0.63527755710237,0.148992523317298,-0.417904542360848,0.568251228433589,-0.344160748108372,1.41912225010108,1.27224754318812,0.364070504867822,-1.2786905589549,1.00522803172162,-1.19911495461672,0.322634705015812,-0.235153943736689,0.417179946157422
"Vanellus chilensis",0,12,NA,1,1.73966488286086,0.62912728876391,0.0517806290162344,1.75583864138327,0.447561593715211,3.1165126104898,0.432951660970857,2.39842824636516,-0.132025366432407,1.71138082211933,-1.38894117575103,0.371260195777271,-0.342403427185523,0.378874767428102
"Volatinia jacarina",0,25,NA,1,-0.902522014006045,-0.766087853180951,-0.441388800929702,-0.793897225937613,-0.668480743554177,-0.425334423101105,-0.666591006430053,-1.85026898211924,0.664542941042229,0.0216751239503701,0.110150645463831,-0.0405202132611462,-0.249717550697278,-0.167499179422829
"Willisornis poecilinotus",3,0,1,NA,-0.434272008514308,-0.195574778944388,-0.394420283791994,-0.542071461263945,-0.668480743554177,-0.0454131149996584,-0.523455274579047,-1.23643399154027,0.56521985034994,0.0306979690712874,-0.286031959838337,-0.0497731216146508,-0.0504997749420901,-0.0540541739171181
"Xiphorhynchus elegans",1,0,1,NA,0.040620624406443,0.431424738285893,-0.112609180965745,-0.0985147166682806,0.0793630106502675,-0.112818508372496,-0.276220828654582,-0.346030828550067,0.186409712083497,-0.147409473569845,-0.0707943963316197,-0.309715399278983,0.18962700901995,-0.00802389767886492
"Xiphorhynchus guttatus",1,0,1,NA,0.454897694398032,0.951100013828108,0.0282963704473801,0.163326845463999,0.548673121707138,0.0526310935426504,-0.497430596060682,0.343166803528426,0.418547250555736,-0.216646887401685,-0.0122090874202896,-0.546171548099821,0.400580345577662,0.0300471654937624
"Zimmerius gracilipes",0,3,NA,1,-1.1536691971445,-0.788682430378439,-0.652747128049389,-0.809636336229717,-0.687558390345107,-0.54788968377899,-0.718640363466782,-2.09487510166212,0.679663199031425,0.0540164320734787,0.117750802864088,-0.206731275427279,-0.255922865112696,-0.313930721119703
