"Species","SAGU_H","SAGU_M","SAGU_EXT","SAGU_NEW","weight_z","T_cul_z","Bill_w_z","Wing_l_z","Tail_l_z","Tars_z","HWI_z","Comp.1","Comp.2","Comp.3","Comp.4","Comp.5","Comp.6","Comp.7"
"Aburria aburri",4,0,1,NA,2.85625649689178,0.770933849001305,0.760629011802734,3.3957779790401,4.18842982481601,2.61107248216112,-0.562977371883503,6.90211873214148,0.354014653432551,2.53799779587472,-0.144199769878883,-0.47556808084148,-0.159566583296712,-0.444613922727096
"Accipiter striatus",0,1,NA,1,1.05575218862772,-0.313759922790729,0.282091366824616,1.14370994793763,1.1239020170879,1.62702624574081,0.407646610758507,2.48606041506447,0.134469507460061,1.33273274657471,0.41959018561627,0.544779603864575,-0.819410600292057,0.207103232683663
"Adelomyia melanogenys",0,16,NA,1,-1.43228155654967,-0.336838513679922,-0.842472098873962,-0.716127725562807,-0.817685428039011,-1.0899316019857,2.31654044328779,-2.43700439704864,-1.99518176936702,0.273605333520468,0.154037689644998,-0.0483779670983633,-0.290431905978479,0.071953217465911
"Aglaiocercus kingii",26,6,NA,NA,-1.44790841684734,-0.181058025177874,-0.866398981122868,-0.635076433955006,-0.61351445302061,-1.07136469186456,2.49125276016335,-2.28339663627275,-2.22306655225656,0.347982928744886,0.171291743414797,-0.221840456381774,-0.307923555670422,0.0513136220732064
"Amazilia tzacatl",0,1,NA,1,-1.44790841684734,-0.0945133093434032,-0.722837687629432,-0.668365357293924,-0.841243617464211,-1.10849851210684,2.41360284155199,-2.29857572818464,-2.21306884056153,0.0710344327430811,0.207782281175668,-0.0901420532665912,-0.275048905676138,0.0265591730797635
"Amazona mercenarius",4,0,1,NA,1.78089267528508,0.511299701497892,2.19624194673709,1.61264956366848,0.466235895634393,-0.173964036009562,0.517650662124601,3.09332606403881,-1.17594384175115,-0.733144040659032,-1.18286749532515,1.69219013606061,0.491873377990396,-0.0764806549001258
"Anabacerthia striaticollis",12,1,NA,NA,-0.203303637666482,-0.296450979623835,-0.555349511887091,-0.221135908958022,-0.0186701700343085,-0.223475796332597,-0.414148361211728,-0.404478174362581,0.502262808513037,0.143232433046891,0.0143041103880211,-0.24520737986871,0.263652481723704,-0.0941722701733193
"Anisognathus somptuosus",16,6,NA,NA,0.239785108560305,-0.215675911511662,-0.0528849846600667,-0.154558062280186,-0.0814920085015085,0.0550278554844715,-0.220023564683326,0.181356367528597,0.359761830886575,-0.0629914863882124,0.0272542237021978,0.191856495845108,0.0973433419166257,0.224757367790722
"Anthocephala berlepschi",0,7,NA,1,-1.60527328178102,-0.261833093290047,-1.15352156810974,-0.740732581943746,-0.872654536697811,-1.18895512263177,2.5947859849785,-2.74183307082568,-2.26046796893852,0.434873118294387,0.344750775489175,-0.225123184358354,-0.2173397633457,0.0173533053284533
"Anthracothorax nigricollis",0,1,NA,1,-1.16196622189195,0.113194008659327,-0.890325863371774,-0.525078252487276,-0.782348143901211,-1.18276615259139,2.56890267877472,-2.11572398041727,-2.44041267710886,0.202258068846448,0.347642601910019,-0.153885454645885,0.0674032266883217,0.0835933472771665
"Arremon brunneinucha",4,17,NA,NA,0.23122144825319,-0.244524150123153,-0.00503122016225508,-0.315213301002791,0.150163520846292,0.321153567220781,-0.990051924245988,0.420827612019998,1.12114270036589,-0.217374964720965,-0.0190791000084893,-0.0799633368673103,-0.026289977146786,0.226325689914609
"Atlapetes albinucha",6,1,NA,NA,0.0313477297927664,-0.377226047736008,0.114603191082274,-0.423764137977525,0.130531696325292,0.209752106493954,-0.964168618042201,0.207062516628171,1.10854084827911,-0.307989580841478,-0.225143760380466,-0.0437915045202476,-0.177344805405984,0.203487987953003
"Atlapetes fuscoolivaceus",8,24,NA,NA,0.00162329755632422,-0.475310059015075,-0.244300042651314,-0.449816338851461,0.0284462088160918,0.203563136453574,-0.731218862208118,-0.0906474924295233,1.00763232295275,0.00458244662857613,0.00077209919842304,-0.0712352708271594,-0.103489764858688,0.247011305188736
"Aulacorhynchus albivitta",3,10,NA,NA,1.35955457022155,2.51913710885762,3.63185488167144,0.308592175478677,0.843166926437594,0.475877818230263,-0.763572994962852,4.32379998682101,-0.738129631609244,-3.62431816613498,-0.959743890506982,0.227573087798036,-0.288453651232498,0.478915986897315
"Basileuterus tristriatus",11,21,NA,NA,-0.753473778139228,-0.538776183960353,-0.531422629638185,-0.597445477137098,-0.40345393064591,-0.19871991617108,-0.698864729453385,-1.04101387562769,0.888485018002863,-0.168736372651226,0.0392019860660816,-0.217007112067947,-0.113783161936392,-0.195938624648036
"Boissonneaua flavescens",0,12,NA,1,-1.04205206574675,-0.16374908201098,-0.818545216625056,-0.396264592610592,-0.56247170926601,-1.06517572182418,2.38771953534821,-1.91076049372561,-2.16167935577268,0.452392344736609,0.14071417128387,-0.0402734966790288,-0.0296049109830359,0.071629188748105
"Bubulcus ibis",0,14,NA,1,1.8367388172492,2.28258155224339,0.593140836060393,2.0526422895394,0.271880832876493,3.29185918660284,0.355879998350933,4.99078709858425,-0.514460102655832,-0.0555340424477175,3.0926851688874,0.392752758089187,-0.641474868542092,-0.148345233016951
"Butorides striata",1,0,1,NA,1.38440518583218,2.68645689280426,0.736702129553828,1.0322644219769,-0.262104794094709,1.44754611456981,0.278230079739572,3.39437818915849,-1.07936645065146,-1.44903924755901,2.11957425175072,-0.0375949986628864,0.404763633823815,0.0259348102365229
"Campephilus melanoleucos",2,0,1,NA,1.56583162323036,1.26135390539664,1.45450859702101,1.17844621576954,0.831387831724995,0.568712368835953,-0.161786125724806,3.34030847570404,-0.532087722200842,-0.825695994303294,-0.148560586653886,0.415444124641712,0.386143709997179,0.0387804961556517
"Campephilus pollens",0,1,NA,1,1.33144521770854,1.48060051884397,1.35880106802538,1.04239583342788,0.990405610345095,0.42017708786685,-0.517681586026876,3.24161999760094,-0.365581865469187,-1.059088249029,-0.219495594213275,-0.0376655629118185,0.497170279612255,-0.112897765071349
"Camptostoma obsoletum",0,4,NA,1,-1.05135127288648,-0.804179979186064,-0.698910805380527,-0.727706481506779,-0.709710393173511,-0.601002968795733,-0.511210759475929,-1.76757449748057,0.743943808757048,-0.125262277755623,-0.116407964992671,-0.0885233719476905,-0.0201989465500943,-0.300204020054762
"Campylopterus falcatus",1,0,1,NA,-1.14061619390635,0.188199429049201,-0.91425274562068,-0.540999041910237,-0.717563122981911,-1.0899316019857,2.38124870879726,-2.00029653934833,-2.27912534440767,0.157543858388335,0.41204465046709,-0.270523624174492,0.0739458330551728,0.0745179149775678
"Campylorhamphus pusillus",0,1,NA,1,0.168402890683752,1.80370079129266,-0.459641982891467,-0.101006316039317,0.352371313412593,-0.173964036009562,-0.53062323912877,0.909972985637436,-0.308101575613515,-1.03146684602692,0.799991272197699,-1.4620829951037,1.02699473766828,-0.141734180261617
"Cardellina canadensis",2,0,1,NA,-0.891650887234226,-0.619551252072526,-0.507495747389279,-0.580077343221141,-0.47805486382571,-0.272987556655631,0.0970469363130635,-1.28080065290985,0.217927071445915,0.0315551447429714,0.044685524038005,-0.0323634000972681,-0.337498425398387,-0.0931282101659327
"Catharus aurantiirostris",0,19,NA,1,-0.064108562168068,-0.394534990902902,-0.459641982891467,-0.373107080722649,-0.324926632561909,0.42017708786685,-0.517681586026876,-0.203566331223612,0.885606983172392,0.0863392738661429,0.508439472589144,0.0513331377901679,-0.164601995653875,0.17710028181375
"Catharus fuscater",0,3,NA,1,0.0291021700065139,-0.348377809124518,-0.603203276384903,-0.205215119535061,0.0362989386244919,0.599657219037849,-0.485327453272142,0.103790778501869,0.880758367011048,0.410350104752062,0.570370513614734,-0.160771562575968,-0.190824246798986,0.158315571220338
"Catharus maculatus",10,0,1,NA,0.114107238565475,-0.377226047736008,-0.411788218393655,-0.163242129238164,-0.0559706366242084,0.661546919441642,-0.23296521778522,0.20189701581897,0.680129524207263,0.378660747727068,0.564727601432515,0.0851637612571346,-0.315029038912895,0.253626348429986
"Chaetocercus heliodor",1,0,1,NA,-2.11140505080445,-0.440692172681286,-1.15352156810974,-1.046122269966,-1.15927917470441,-1.22608894287404,2.41360284155199,-3.31179616357983,-2.01897658441835,0.18639556400898,0.334286729879575,-0.251670558106626,-0.517026851984555,-0.0968821363545986
"Chalcothraupis ruficervix",2,0,1,NA,-0.405205312655675,-0.573394070294142,-0.483568865140373,-0.399159281596585,-0.58995626359541,-0.427711807665113,0.0129261911507562,-1.04322792244812,0.223875683241057,0.0376620202783567,0.0117769869914781,0.225340005060906,0.132896072294663,-0.0198757076338964
"Chalybura buffonii",7,2,NA,NA,-1.1839351767175,0.170890485882307,-0.866398981122868,-0.559814520319191,-0.713636758077711,-1.18895512263177,2.6918483832427,-2.10021769857112,-2.57048297609284,0.191550069446739,0.333051280385723,-0.217751670434844,0.0219830014108704,0.135405222074058
"Chamaepetes goudotii",3,1,NA,NA,2.35759321135532,0.742085610389814,0.640994600558205,2.18290329390908,3.3403350055088,2.70390703276681,-0.938285311838414,5.75893115663068,0.950412341634271,1.68700648158557,0.312403336240091,-0.625280355903391,-0.507976424534689,0.0998261554346951
"Chamaeza nobilis",1,0,1,NA,1.01031384562659,0.0785761223255384,0.186383837828992,0.0495175112323133,-0.346521639535009,0.958617481379848,-0.56944819843445,1.25198862281975,0.830109223677672,-0.230556035001895,0.79187935783143,0.613501078934209,0.0177394503987265,0.525951281080378
"Chamaeza turdina",1,4,NA,NA,0.564474727843619,-0.181058025177874,-0.0768118669089728,-0.196531052577083,-0.256215246738409,0.810082200410745,-0.679452249800544,0.673544122042669,1.02601602900345,-0.0814702354532505,0.639990173527891,0.326568118170829,-0.13029537095026,0.433758540272053
"Chlorochrysa calliparaea",3,1,NA,NA,-0.489500538009386,-0.527236888515757,-0.555349511887091,-0.470079161753411,-0.66848356167941,-0.310121376897907,0.109988589414957,-1.11582980849754,0.1807975826844,0.0362530487467687,0.200646844233111,0.183741713317987,0.0183138622201474,0.0184313155257238
"Chlorophanes spiza",1,5,NA,NA,-0.405205312655675,-0.452231468125883,-0.38786133614475,-0.496131362627347,-0.56639807417021,-0.291554466776769,0.0193970177017028,-0.924363199057535,0.217355100669292,-0.103499698111971,0.0963261183430639,0.160769906442274,0.00281582797509294,0.0834296351957463
"Chlorophonia cyanocephala",0,6,NA,1,-0.63664669702983,-0.827258570075256,-0.483568865140373,-0.555472486840201,-0.770569049188611,-0.563869148553458,0.291171732841466,-1.50364155259198,0.0724263871827438,0.085967040227543,-0.0986003478184188,0.386479032761921,-0.0445036913221271,0.0284287267534458
"Chloropipo flavicapilla",0,3,NA,1,-0.454649530147808,-0.723404911073891,-0.555349511887091,-0.380343803187631,-0.53498715493661,-0.464845627907389,-0.355910922253208,-1.10226472455375,0.583862029621838,0.0903878695545045,-0.107535358508874,0.17269678087506,0.196296739262617,-0.153753133718993
"Chlorospingus canigularis",2,0,1,NA,-0.446181555198235,-0.533006536238055,-0.483568865140373,-0.483105262190379,-0.42112257271481,-0.291554466776769,-0.297673483294687,-0.917564004104611,0.51871319869257,-0.0243893748053463,0.00983921617004332,0.0134667031544799,0.0496386069903224,-0.017866587944089
"Chlorospingus flavigularis",2,0,1,NA,-0.179242065201984,-0.417613581792094,-0.244300042651314,-0.336923468397738,-0.303331625588809,-0.143019185807666,-0.427090014313622,-0.431791523905323,0.58555167932205,-0.122248818379602,-0.0263816481419232,0.110479203667741,0.0652296762161762,0.023728246288105
"Chlorospingus flavopectus",1,3,NA,NA,-0.366331362372109,-0.521467240793459,-0.316080689398032,-0.510604807557312,-0.260141611642609,-0.136830215767287,-0.56944819843445,-0.643033047129384,0.777414019690849,-0.12754240229918,-0.0751952589878834,-0.0344066247865137,-0.0560498704634643,0.032678904450139
"Chlorostilbon gibsoni",0,13,NA,1,-1.91256550472202,-0.261833093290047,-1.0099602746163,-0.769679471803675,-0.960997747042311,-1.15182130238949,2.75008582220122,-2.87096431643966,-2.41505088723599,0.297373445011765,0.336247175738538,-0.19170117062933,-0.514703620599654,-0.0962174021616178
"Chlorostilbon melanorhynchus",6,1,NA,NA,-1.91256550472202,-0.446461820403585,-0.962106510118492,-0.831915285002523,-0.976703206659112,-1.21989997283366,2.83420656736353,-3.00554124918395,-2.42161529777538,0.362896299908698,0.188888910799007,-0.0674437484986795,-0.569645949039927,-0.0148460600344271
"Chrysuronia goudoti",1,0,1,NA,-1.58608552594234,-0.238754502400855,-0.938179627869586,-0.769679471803675,-0.927623645356611,-1.18276615259139,2.4977235867143,-2.6486769192518,-2.20657029222692,0.222169340234135,0.254612019628184,-0.124695746080545,-0.275192719148355,0.0316794990927621
"Cinclus leucocephalus",2,0,1,NA,0.23122144825319,-0.313759922790729,-0.651057040882715,-0.245740765338962,-0.55069261455341,0.314964597180402,-0.200611085030486,-0.232442828015773,0.584123530718218,0.24258548704133,0.736672004698348,0.24549603280441,0.179822391969074,0.269241257587114
"Coeligena coeligena",2,12,NA,NA,-1.1839351767175,0.719007019500622,-0.79461833437615,-0.441132271893482,-0.57228762152651,-1.10849851210684,2.49125276016335,-1.6670444142096,-2.65079883975288,-0.145645473923368,0.519255909277158,-0.568105884821174,0.14301255695047,-0.0353136184503666
"Coeligena torquata",0,8,NA,1,-1.19516317279642,0.90363574661416,-0.890325863371774,-0.416527415512543,-0.60958808811641,-1.13944336230873,2.47831110706146,-1.65569570670952,-2.72221848580719,-0.214543151445033,0.656065137697786,-0.691410713144375,0.269798427014302,-0.0977185958438331
"Coereba flaveola",6,17,NA,NA,-0.891650887234226,-0.60801195662793,-0.603203276384903,-0.69441755816786,-0.843206799916311,-0.415333867584355,-0.336498442600368,-1.5358776460574,0.574369424198897,-0.240420821083881,0.140310799353954,0.0283459999138449,-0.0610776039667091,-0.183332582157559
"Colaptes punctigula",0,2,NA,1,0.49113100104163,0.0670368268809421,0.210310720077898,0.0799117455852386,-0.160019306585509,-0.149208155848045,-0.375323401906048,0.535931763088201,0.242375925723324,-0.399573437186523,-0.0963528337134818,0.330693347366728,0.454160295042117,0.0801043114745959
"Colaptes rubiginosus",1,1,NA,NA,0.411280808215504,0.193969076771499,0.210310720077898,0.325960309394634,0.0323725737202919,-0.0687515453231143,-0.0776653805624982,0.751655167755976,-0.0961028885515269,-0.227326716971967,-0.0433931864535162,0.2485839559694,0.3410859500615,-0.0727596207500848
"Colibri coruscans",0,2,NA,1,-1.19516317279642,0.30936203121746,-0.770691452127244,-0.393369903624599,-0.50357623570301,-1.11468748214721,2.46536945395957,-1.77766444581214,-2.4698998072829,0.131781555928107,0.273597385838869,-0.361162961827453,0.0132187289612866,-0.0438266678219812
"Colibri cyanotus",0,1,NA,1,-1.29153101247472,-0.00219894578663451,-0.938179627869586,-0.580077343221141,-0.688115386200411,-1.12087645218759,2.42007366810294,-2.18687876365562,-2.24282447958258,0.271143672106469,0.297877842364252,-0.251651656071725,-0.0579969336525101,0.0421633171466098
"Colibri delphinae",0,9,NA,1,-1.22988111492622,-0.273372388734643,-1.03388715686521,-0.501920740599333,-0.705784028269311,-1.13325439226835,2.54949019912188,-2.30070475741045,-2.23456870114083,0.573813711678117,0.241896851292215,-0.0646940980293459,-0.062928197956605,0.0629146430997913
"Columbina minuta",0,1,NA,1,0.00395164308472871,-0.654169138406315,-0.890325863371774,-0.384685836666621,-0.48394441118201,-0.501979448149665,-0.368852575355101,-1.00783135243122,0.636008678152049,0.348415318347449,0.0792622779184124,0.0981630838589524,0.654046699097431,0.0954051375690372
"Columbina talpacoti",0,1,NA,1,0.264910366635762,-0.55031547940495,-0.722837687629432,-0.228372631423004,-0.220877962600609,-0.446278717786251,-0.29120265674374,-0.570323498105319,0.506244189880843,0.402578718239971,-0.0382928514333495,0.109317833534492,0.698123868495574,0.178170988233262
"Conopophaga castaneiceps",5,0,1,NA,-0.138889332257241,-0.16374908201098,-0.0528849846600667,-0.407843348554564,-0.686152203748311,0.339720477341919,-0.815339607370426,-0.125291326290524,0.965710835117937,-0.589216963735758,0.473763871633898,0.241546856749457,-0.14877439258086,0.0288461685339048
"Contopus fumigatus",6,2,NA,NA,-0.370130246884585,-0.204136616067066,0.210310720077898,-0.144426650829211,0.0578939455975919,-0.501979448149665,0.226463467331998,-0.249671259153714,-0.298702038641413,-0.268872794567551,-0.555574602237499,0.0628362848042929,-0.0771565248152607,-0.0931854490944274
"Contopus sordidulus",1,0,1,NA,-0.687003834776981,-0.423383229514392,0.0667494265844628,-0.289161100128855,-0.330816179918209,-0.607191938836113,0.588829754185015,-0.870316150763048,-0.509158131761233,-0.203657812473388,-0.437822167374476,0.257571059188298,-0.240339332249366,-0.112495875090756
"Contopus virens",1,1,NA,NA,-0.642079522254397,-0.544545831682651,0.0428225443355568,-0.312318612016798,-0.281736618615709,-0.582436058674596,0.427059090411347,-0.870008722816272,-0.303345267994412,-0.134938782308286,-0.502356500203466,0.267243970471305,-0.233602217927719,-0.089711155737463
"Coragyps atratus",0,1,NA,1,3.07760714248506,2.09218317740756,2.07660753549256,4.45089211443451,2.0210763976976,3.24853639632019,-0.653568943596757,8.13356524975557,-0.222214703819014,0.557686096808058,1.26425345814314,1.16518477743635,-0.152473936367362,-1.41852206462667
"Cranioleuca antisiensis",1,0,1,NA,-0.49397179506935,-0.423383229514392,-0.746764569878338,-0.462842439288429,0.00292483693879177,-0.130641245726907,-0.724748035657171,-0.706345511239864,0.894324939656245,0.151533722430823,0.0732486617487607,-0.498663968178623,0.0913551247406371,-0.126566515796175
"Cranioleuca curtata",0,5,NA,1,-0.467531583183834,-0.521467240793459,-0.722837687629432,-0.561261864812187,-0.103087015474609,-0.36582210726132,-0.452973320517409,-0.961968979051351,0.653460232315996,0.154850783238405,-0.0746910002755005,-0.359864549013602,0.175317053585405,0.00381867291204266
"Cranioleuca hellmayri",1,0,1,NA,-0.584358664293232,-0.434922524958989,-0.722837687629432,-0.555472486840201,-0.191430225819109,-0.28536549673639,-0.368852575355101,-0.983609272068538,0.564111341549921,0.090074123738328,0.0702906655144701,-0.374087513825958,0.068849573801206,-0.0528249160077579
"Creurgops verticalis",12,0,1,NA,-0.228154253277111,-0.227215206956259,-0.148592513655691,-0.360080980285681,-0.161982489037609,-0.266798586615252,-0.375323401906048,-0.357888220992222,0.401765658719354,-0.280240475635925,-0.145801351527399,-0.0620539564062193,0.106643954158114,0.0109357055125447
"Crotophaga ani",1,3,NA,NA,0.926344752045853,0.395906747051931,0.90419030529617,0.599508418570963,2.0328554924102,0.754381470047331,0.0258678442526496,2.69277285717969,-0.160095110447083,0.300552569011783,-0.719234820542914,-0.461545225254279,-0.464162219862853,0.413903956943248
"Cyanocorax yncas",7,75,NA,NA,0.669962605328399,0.338210269828951,0.760629011802734,0.273855907646762,1.2220611396929,0.933861601218331,-1.0741726694083,2.22740643229037,0.93012274664131,-0.3071042898388,-0.260584452383922,-0.357136814143968,-0.403618372836329,0.179019684000271
"Cyclarhis gujanensis",0,1,NA,1,-0.0899771441821138,-0.331068865957624,-0.0768118669089728,-0.381791147680628,-0.254252064286309,-0.0501846352019764,-0.621214810842024,-0.214427268096211,0.73421159267774,-0.310057025124175,-0.0571853841024035,0.096059420457603,0.0282245345782283,0.085390968284251
"Cyclarhis nigrirostris",1,2,NA,NA,-0.01249902175378,-0.296450979623835,-0.196446278153502,-0.374554425215645,-0.283699801067809,-0.0625625752827349,-0.705335556004331,-0.221226320587634,0.807427422754112,-0.274083655030688,0.027911941801046,0.0547759784722087,0.169950215922149,0.0880834059433435
"Dacnis venusta",1,0,1,NA,-0.530724492884075,-0.613781604350228,-0.555349511887091,-0.549683108868216,-0.750937224667611,-0.54530223843232,0.122930242516851,-1.35923302695232,0.143719791490975,-0.0186349368657268,0.0333585831707152,0.233308029943274,0.134896668861627,0.0238409252632861
"Dendrocincla tyrannina",0,1,NA,1,0.398957351757853,0.69592842861143,0.329945131322428,0.285434663590734,0.864761933410695,0.110728585847885,-0.420619187762675,1.43778833563363,-0.0027235626590662,-0.394238333296583,-0.195316527898928,-0.556182573318552,0.249755837611661,-0.0524174907292231
"Dendrocolaptes picumnus",3,0,1,NA,0.651393473206537,0.967101871559438,0.521360189313675,0.391090811579475,0.876541028123295,0.302586657099643,-0.433560840864569,1.90449356857294,-0.0695365739403407,-0.575371059767921,-0.0386552619085803,-0.5012978561175,0.273885336135006,0.0242950861574686
"Diglossa albilatera",0,5,NA,1,-0.90696203168755,-0.613781604350228,-0.722837687629432,-0.664023323814935,-0.658667649418911,-0.235853736413355,-0.498269106374036,-1.40384771322497,0.77427714939333,-0.0895084681118662,0.225730208467369,-0.14860915690437,-0.135277854322921,-0.216253715926072
"Diglossa cyanea",0,2,NA,1,-0.489500538009386,-0.331068865957624,-0.674983923131621,-0.419422104498535,-0.275847071259409,-0.0687515453231143,-0.375323401906048,-0.73366495874509,0.574706572539357,0.0684824805656065,0.291392290166921,-0.27143065720763,0.0144437159481312,-0.0932930543618525
"Diglossa sittoides",3,6,NA,NA,-0.971501080060351,-0.625320899794824,-0.866398981122868,-0.658233945842949,-0.60566172321221,-0.303932406857527,-0.161786125724806,-1.55311742998636,0.486073190096065,0.106091837206161,0.258707415308446,-0.20965303835222,-0.144029113954161,-0.182010630541405
"Dolichonyx oryzivorus",1,0,1,NA,-0.0220622511478432,-0.434922524958989,-0.0528849846600667,-0.179162918661125,-0.299405260684609,0.178807256292057,0.711775458653003,-0.179324676328144,-0.292978316977364,0.22826195304232,0.199348094090874,0.507050274945841,-0.393373806964281,0.353824778616897
"Doryfera ludovicae",0,3,NA,1,-1.27879330300134,0.799782087612795,-0.79461833437615,-0.65389191236396,-0.831427705203711,-1.10230954206646,2.4006611884501,-1.87179837792677,-2.56586635069208,-0.414368070976688,0.672298164536279,-0.571914985416799,0.122599128352287,0.0282673719844289
"Dryobates fumigatus",3,3,NA,NA,0.083336738704849,-0.100282957065701,0.186383837828992,-0.108243038504299,-0.299405260684609,-0.347255197140182,-0.284731830192794,0.0101275482089029,0.182109665688513,-0.479163541914567,-0.241190066663528,0.304269245490231,0.285908567233876,-0.0148103994459228
"Dysithamnus mentalis",6,20,NA,NA,-0.589428087030185,-0.458001115848181,-0.459641982891467,-0.619155644532045,-0.67633629148781,-0.28536549673639,-0.860635393227053,-1.03984163926375,0.977710530489437,-0.413767160209895,0.0992051508634872,-0.0436962695636217,0.108414941126144,-0.171747835856731
"Elaenia chiriquensis",12,4,NA,NA,-0.564413411266647,-0.631090547517122,-0.435715100642562,-0.436790238414493,-0.295478895780409,-0.446278717786251,-0.23296521778522,-1.00306274279476,0.425533857110193,0.0400536076996551,-0.230926015342144,-0.00798221365917374,0.0212140676434698,-0.110504186236299
"Elaenia flavogaster",1,3,NA,NA,-0.203303637666482,-0.63686019523942,-0.26822692490022,-0.36442301376467,-0.126645204899809,-0.136830215767287,-0.517681586026876,-0.473712100890345,0.758854016928475,0.0598370581113715,-0.20847444683706,0.0824601681480776,-0.0186287729174772,0.0483106489128607
"Elaenia frantzii",0,14,NA,1,-0.381642506825433,-0.642629842961718,-0.411788218393655,-0.404948659568571,-0.228730692409009,-0.433900777705492,-0.330027616049421,-0.851932901188877,0.520117649739638,0.0725451163211827,-0.276612065904303,0.0254873987827178,0.12285736603031,-0.0422800566168967
"Elanoides forficatus",0,5,NA,1,1.93415055900018,0.326670974384354,0.975970952042887,4.48997041574541,3.9685533901808,0.612035159118608,1.45592051201188,5.6209134098039,-2.1255857171212,3.04914722581989,-1.5834117919307,0.296384759624958,0.344465393052789,-1.69007350784688
"Emberizoides herbicola",0,2,NA,1,-0.122232049131356,-0.509927945348863,-0.316080689398032,-0.470079161753411,0.391634962454593,-0.000672874878941999,-0.880047872879893,-0.145233522637593,1.06952473134243,0.101139132024796,-0.316232515861109,-0.389995437398047,-0.0259806625653028,0.156819085305746
"Eubucco bourcierii",3,0,1,NA,0.0999029911569828,-0.181058025177874,-0.0768118669089728,-0.442579616386479,-0.48394441118201,-0.167775065969183,-0.621214810842024,-0.242309179064277,0.666209935718822,-0.506901728967942,0.0487648005018559,0.190708547602079,0.290902107776634,0.19071841659329
"Euchrepomis callinota",0,1,NA,1,-1.16196622189195,-0.458001115848181,-0.770691452127244,-0.721917103534793,-0.701857663365111,-0.582436058674596,-0.795927127717586,-1.66091576715129,0.83641974099304,-0.384854677417848,0.0649637733998234,-0.400066732046856,0.100498279026557,-0.478540362244597
"Euphonia laniirostris",0,4,NA,1,-0.584358664293232,-0.78687103601917,-0.124665631406785,-0.601787510616088,-0.784311326353311,-0.390577987422837,-0.0647237274606048,-1.20330603148516,0.376766265229657,-0.259551353177513,-0.189727841692794,0.489144700512662,-0.216034354812266,0.046975354359264
"Euphonia xanthogaster",2,11,NA,NA,-0.692811341151788,-0.752253149685381,-0.316080689398032,-0.595998132644102,-0.805906333326411,-0.446278717786251,-0.129431992970072,-1.35026876856205,0.412478463729832,-0.205520185172453,-0.102441683594671,0.348594247719716,-0.124627185804664,-0.0651079252575956
"Eutoxeres aquila",0,5,NA,1,-0.847490287597661,0.217047667660692,-0.603203276384903,-0.464289783781425,-0.45253349194841,-1.04041984166266,2.34889457604253,-1.54301895039367,-2.28709137358259,0.106649204622069,0.160599970698399,-0.187066534704697,0.064081102543545,0.228269754457301
"Falco rufigularis",2,0,1,NA,1.22649041189442,-0.238754502400855,0.856336540798358,1.39265320073302,0.607585032185594,0.568712368835953,1.02884595964939,2.18028602976563,-0.863236097373301,0.802179890353295,-0.291196414856838,1.27258280590395,-0.187843854987291,0.0521968052914016
"Forpus conspicillatus",0,3,NA,1,-0.155920967513929,-0.590703013461036,0.832409658549452,-0.367317702750663,-0.750937224667611,-0.848561770410905,0.905900255181405,-0.708802770018302,-0.807319677977904,-0.669269055586338,-0.86939110665321,1.14943419107253,-0.168027717310041,0.323500789789791
"Grallaria hypoleuca",3,5,NA,NA,0.62214380139911,-0.00796859350893244,0.0667494265844628,-0.1892943301121,-0.48787077608621,1.3609005340045,-1.24241415973291,1.08643152215734,1.59714792045591,-0.411836306860765,1.08851682108579,0.395944879157718,-0.35461887780181,0.369838046342006
"Grallaria ruficapilla",0,12,NA,1,0.709463836477635,0.286283440328268,0.162456955580086,-0.0764014596583776,-0.372043011412309,1.74461667650802,-1.24888498628386,1.58034159063752,1.57232997846672,-0.489346869142957,1.38942848376911,0.28738345461808,-0.533539462416572,0.380278777567631
"Grallaricula cucullata",0,5,NA,1,-0.393332340745215,-0.556085127127248,-0.26822692490022,-0.522183563501283,-0.866764989341511,-0.00686184491932138,-0.834752087023266,-0.795214205749335,1.07043013643947,-0.420745005471716,0.245084456624618,0.331912717069264,-0.0563790135035557,-0.0855709627724202
"Haplophaedia aureliae",10,12,NA,NA,-1.3872459798599,-0.111822252510297,-0.91425274562068,-0.662575979321938,-0.748974042215511,-1.10849851210684,2.5106652398162,-2.33534205152126,-2.26015195434883,0.28279484547205,0.275075506595114,-0.186743251832262,-0.193931471813378,0.0854992571412326
"Heliodoxa leadbeateri",24,10,NA,NA,-1.11985117241325,0.297822735772864,-0.770691452127244,-0.512052152050308,-0.62529354773321,-1.10849851210684,2.56243185222377,-1.86252929598947,-2.50980296815303,0.0881050962129675,0.341689976408728,-0.279045121723174,0.0214078217152831,0.115732097224612
"Heliomaster longirostris",1,0,1,NA,-1.20656001723816,0.649771246833046,-0.818545216625056,-0.639418467433995,-0.909955003287711,-1.18895512263177,2.64655259738608,-2.00540575387025,-2.72599334235629,-0.26373949522767,0.619975677909432,-0.386023695230534,0.1533354238876,0.113714652771379
"Hemithraupis guira",1,0,1,NA,-0.753473778139228,-0.590703013461036,-0.483568865140373,-0.565603898291176,-0.48787077608621,-0.471034597947768,-0.194140258479539,-1.25250448519143,0.388824225325054,-0.0985804115992523,-0.112897951699658,-0.0359859970618385,-0.04401037457059,-0.136172524845688
"Henicorhina leucophrys",9,67,NA,NA,-0.52603174802436,-0.4003046386252,-0.698910805380527,-0.708891003097825,-0.927623645356611,0.0302719753229545,-1.02887688355167,-1.06090815712606,1.26159247989035,-0.394905858035214,0.592647684649748,-0.0511484483612116,0.091118611494301,-0.0965543368113676
"Icterus chrysater",1,20,NA,NA,0.377962217655302,0.113194008659327,-0.00503122016225508,-0.0923222490813384,0.403414057167193,0.172618286251678,-0.388265055007941,0.69952097412537,0.375055982667655,-0.101445968486029,-0.0125031693846179,-0.22391272759748,0.149485377337766,0.256793754734337
"Ixothraupis xanthogastra",6,0,1,NA,-0.584358664293232,-0.567624422571844,-0.579276394135997,-0.600340166123091,-0.750937224667611,-0.501979448149665,-0.330027616049421,-1.32550743264634,0.524796670100151,-0.177978725791637,0.0524371439476124,0.0914849239947038,0.18707885283378,-0.0843040939493393
"Knipolegus poecilurus",4,18,NA,NA,-0.604843042986089,-0.515697593071161,-0.292153807149126,-0.378896458694635,-0.252288881834209,-0.36582210726132,-0.161786125724806,-0.834393714394407,0.307717801100443,-0.0612907960556665,-0.21674268689888,-0.0129196867652782,-0.10107162090978,-0.149135874249748
"Legatus leucophaius",0,1,NA,1,-0.287239424610136,-0.619551252072526,0.0428225443355568,-0.34850222434171,-0.42897530252321,-0.526735328311182,0.0711636301092767,-0.739895495480685,0.0878688908440513,-0.188974295150317,-0.4488105451046,0.45295620004492,0.00242815165172945,0.0573030168317354
"Lepidocolaptes lacrymiger",9,3,NA,NA,-0.0440312059733946,0.390137099329633,-0.363934453895844,0.0437281332603274,0.356297678316793,-0.248231676494114,-0.0388404212568177,0.255769764201572,-0.192086189137168,-0.0526922997728969,0.0722350262319667,-0.573590877614659,0.410876532696406,-0.137422436891505
"Leptopogon rufipectus",13,1,NA,NA,-0.669843647934301,-0.544545831682651,-0.555349511887091,-0.514946841036301,-0.313147537849309,-0.501979448149665,-0.478856626721196,-1.11395817041542,0.597328021215897,-0.0677396406378495,-0.181598795050123,-0.203726113135695,0.121577015694369,-0.198500932572072
"Leptopogon superciliaris",3,5,NA,NA,-0.772661533977914,-0.544545831682651,-0.507495747389279,-0.549683108868216,-0.332779362370309,-0.489601508068906,-0.407677534660781,-1.16820289230929,0.534215715341323,-0.114255716543195,-0.188010765994498,-0.204212152936299,0.0116057127986897,-0.209072330922234
"Leptotila verreauxi",2,21,NA,NA,1.14488814242642,-0.244524150123153,-0.603203276384903,0.493852270582222,0.491757267511693,0.253074896776609,-0.148844472622912,0.983326220186636,0.384082756825942,0.986167435111141,0.237627502198048,0.148358923546511,0.742622528920414,0.306365482723798
"Lophotriccus pileatus",3,1,NA,NA,-1.10967818915535,-0.60801195662793,-0.603203276384903,-0.776916194268658,-0.741121312407111,-0.526735328311182,-0.562977371883503,-1.66644248365217,0.72011769788699,-0.353319862205428,-0.0195731641875505,-0.176855251365768,-0.086068775481779,-0.311101067594777
"Machetornis rixosa",0,1,NA,1,-0.0692121226890127,-0.0887436616211053,-0.124665631406785,-0.127058516913253,0.00685120184299184,0.383043267624574,-0.414148361211728,0.289257117555549,0.550433805152013,-0.0914192351721371,0.286239355312173,-0.0761054756266992,-0.218395632750275,0.0148016538572102
"Margarornis squamiger",0,1,NA,1,-0.476242896030312,-0.486849354459671,-0.698910805380527,-0.399159281596585,-0.0481179068158086,-0.217286826292217,-0.349440095702261,-0.778572616247962,0.563843701083319,0.256256161864009,0.0187059908023749,-0.326716110880905,0.061512390166174,-0.0817404538536061
"Masius chrysopterus",5,10,NA,NA,-0.785728683088471,-0.775331740574574,-0.555349511887091,-0.630734400476017,-0.686152203748311,-0.409144897543975,-0.750631341860958,-1.38707066058018,0.979802624368876,-0.181062248854627,-0.0733801215056145,0.0391185294082754,0.00724707223773316,-0.24771499981457
"Mecocerculus leucophrys",0,1,NA,1,-0.819417601471043,-0.481079706737373,-0.555349511887091,-0.545341075389226,-0.195356590723309,-0.186341976090321,-0.504739932924982,-0.969138332653175,0.685941316027925,-0.0456132217112382,0.00367138483536456,-0.361644258937016,-0.195914770268747,-0.208553730185463
"Megarynchus pitangua",0,5,NA,1,0.58202401264122,0.574765826443171,1.86126559525241,0.158068348207047,0.171758527819392,-0.272987556655631,-0.0711945540115514,1.59164402767969,-0.508387302753548,-1.5932219771078,-1.01806801831372,0.691587213407567,-0.0781217621120946,0.208283358696965
"Melanerpes formicivorus",4,6,NA,NA,0.680508802839648,0.182429781326903,0.497433307064769,0.538719949865112,0.146237155942092,-0.112074335605769,0.232934293882945,1.09252533091867,-0.424886908399312,-0.166307854392859,-0.255339390106706,0.525282087679484,0.35586212557303,0.0127723227720626
"Milvago chimachima",1,3,NA,NA,1.7234924756208,0.390137099329633,1.23916665678085,2.65329025413292,2.382301968884,1.59608139553892,0.355879998350933,4.74622281618101,-0.544382096081916,1.38414781187132,-0.38635731943534,0.535824887712134,-0.49074937639811,-0.561351394049177
"Mimus gilvus",1,2,NA,NA,0.357827708572445,-0.048356127565019,-0.244300042651314,0.0466228222463203,0.758750080997294,0.581090308916711,-0.103548686766285,0.891930265733427,0.334435696489212,0.50150278624798,0.190457368909097,-0.356109835519551,-0.192392683523805,0.313683556211383
"Mionectes striaticollis",9,16,NA,NA,-0.584358664293232,-0.55031547940495,-0.459641982891467,-0.517841530022294,-0.45842303930471,-0.378200047342079,-0.511210759475929,-1.02719680775735,0.668307353888052,-0.154717180769704,-0.0805724822796004,-0.0389747691755805,0.0633316702429703,-0.143724514294501
"Molothrus bonariensis",2,6,NA,NA,0.186888584523737,-0.232984854678557,0.0906763088333687,0.105963946459175,0.110899871804292,0.116917555888264,0.187638508026318,0.399746796231473,-0.0337855839277779,0.141874459739739,-0.0706040382877906,0.286722195839243,-0.114601767753127,0.122847221227901
"Molothrus oryzivorus",0,2,NA,1,1.30685000772816,0.678619485444536,0.760629011802734,1.02792238849791,1.0571538137165,1.13190864251047,0.485296529369868,2.88437926321106,-0.540844210627433,0.280759210825617,0.309389183115843,0.27943009538868,-0.253154846500069,0.320061488606699
"Momotus aequatorialis",1,11,NA,NA,1.2000940566629,1.22673601906285,1.21523977453195,0.755821623814579,4.0137065865791,0.296397687059264,-0.452973320517409,3.98176670817119,-0.384547850331996,0.184561062434691,-1.83980471791295,-1.96110859466592,0.000952679830336256,0.405686749247251
"Momotus momota",3,0,1,NA,0.959345005343874,1.0824948260054,0.856336540798358,0.574903562190023,3.4718682297995,0.296397687059264,-0.375323401906048,3.33949004949623,-0.307454158475602,0.227727651981372,-1.44006683920434,-1.83914832661341,8.11371888612827e-05,0.368380002168811
"Myadestes ralloides",1,33,NA,NA,-0.0821234379066831,-0.515697593071161,-0.363934453895844,-0.267450932733909,0.0225566614597918,-0.1925309461307,-0.0711945540115514,-0.384997493707312,0.314396531713255,0.272712763503326,-0.160310228319099,0.0205120863121677,0.0699469597514032,0.14894595239064
"Myiarchus apicalis",0,3,NA,1,-0.0795235181239724,-0.123361547954893,0.306018249073522,-0.219688564465026,0.230654001382392,-0.0811294854038728,-1.03534771010261,0.350490248295159,0.882383405707489,-0.573906332188456,-0.475236909068232,-0.153975814503691,0.00558444142084291,-0.104668428535109
"Myiarchus cephalotes",3,4,NA,NA,-0.158797160238838,-0.117591900232596,0.0906763088333687,-0.199425741563076,0.203169447052993,-0.143019185807666,-0.53062323912877,0.12792908176144,0.456226964141877,-0.319914899731211,-0.333022127416294,-0.1808456340518,-0.00266032762063012,-0.0601308746456697
"Myioborus miniatus",13,40,NA,NA,-0.971501080060351,-0.683017377017805,-0.483568865140373,-0.56415655379818,-0.238546604669509,-0.36582210726132,-0.478856626721196,-1.20793824852333,0.674049080757934,-0.0401993871018873,-0.24000019440608,-0.250519462202546,-0.247679476470167,-0.289110459837197
"Myioborus ornatus",0,1,NA,1,-0.772661533977914,-0.659938786128612,-0.435715100642562,-0.490341984655361,-0.144313846968709,-0.260609616574872,-0.614743984291077,-0.942625733700998,0.806115276592116,-0.00953340359374741,-0.233618238977244,-0.224689701242983,-0.192313774474204,-0.240390957857044
"Myiodynastes chrysocephalus",7,3,NA,NA,0.12607394834442,0.165120838160009,1.19131289228304,0.0495175112323133,0.236543548738692,-0.316310346938286,-0.207081911581433,0.879569288574573,-0.16452013023339,-1.02274373711937,-0.920890055348688,0.363782143838024,-0.138557893803165,-0.00657568852395089
"Myiodynastes maculatus",0,1,NA,1,0.21731507875888,0.147811894993115,1.07167848103851,0.0625436116692814,0.165868980463092,-0.248231676494114,-0.220023564683326,0.875765702758012,-0.100004663944772,-0.929384148590114,-0.775757656587561,0.398786621902958,-0.0725335803398588,0.0319600594740328
"Myiophobus flavicans",0,2,NA,1,-0.710505745032612,-0.567624422571844,-0.459641982891467,-0.500473396106336,-0.41719620781061,-0.359633137220941,-0.459444147068355,-1.06559026154811,0.622926273291259,-0.123489037192432,-0.094856432879448,-0.0819281154281091,-0.0429146897503115,-0.210540993936851
"Myiothlypis coronata",1,14,NA,NA,-0.521367881777388,-0.492619002181969,-0.435715100642562,-0.496131362627347,-0.309221172945109,-0.0563736052423558,-0.647098117045811,-0.720139042649799,0.857489359970455,-0.109196813349047,0.0750405620015651,-0.130361093912046,-0.117037021037864,-0.0939366132849969
"Myiozetetes cayanensis",3,8,NA,NA,-0.170412343500738,-0.538776183960353,-0.172519395904596,-0.267450932733909,-0.110939745283009,-0.19871991617108,-0.582389851536343,-0.343858679824845,0.720327606324779,-0.0476801306382026,-0.271271432127449,0.0919716912205955,0.06439852498053,-0.0437936352505218
"Myiozetetes similis",0,2,NA,1,-0.111327172167713,-0.365686752291412,-0.148592513655691,-0.225477942437012,-0.156092941681309,-0.248231676494114,-0.517681586026876,-0.263930668061336,0.570094425246704,-0.156110932915195,-0.207115506296445,0.0753511596524593,0.176729828924532,-0.0547572664870979
"Myrmotherula schisticolor",8,0,1,NA,-0.922588891985224,-0.475310059015075,-0.674983923131621,-0.690075524688871,-0.788237691257511,-0.495790478109286,-0.711806382555278,-1.49888114211308,0.807505180390012,-0.379692447593732,0.122705535142505,-0.1850592328607,0.128266737703593,-0.32876114301445
"Nephelomyias pulcher",0,2,NA,1,-0.930524837517791,-0.654169138406315,-0.651057040882715,-0.701654280632842,-0.686152203748311,-0.508168418190044,-0.56944819843445,-1.55391538338135,0.757048988970643,-0.212729039196532,-0.0206744535189908,-0.121129907801244,0.0202404664489229,-0.258611674294189
"Nothocercus bonapartei",0,1,NA,1,2.39349315177909,0.736315962667516,-0.316080689398032,1.58370267380855,-0.334742544822409,2.7967415833725,-0.627685637392971,3.62151077075961,1.09138386403583,0.840953682569184,2.75157519087518,1.07005491924122,0.198973380487203,0.259587541570651
"Nyctidromus albicollis",2,3,NA,NA,0.437969336077571,-0.434922524958989,-0.26822692490022,0.699375188587718,1.1612024836778,-0.0935074254846314,0.73765876485679,0.811299239471597,-0.55789174208559,1.28121364404325,-0.550628982443685,-0.0475775254992776,0.129734822179805,8.63931331855361e-05
"Ochthoeca cinnamomeiventris",6,0,1,NA,-0.753473778139228,-0.596472661183334,-0.316080689398032,-0.540999041910237,-0.38774847102911,-0.303932406857527,-0.420619187762675,-1.01951559650831,0.605960321842027,-0.190779146986748,-0.164439112011639,-0.0378828304947719,-0.201747989883643,-0.168533279506252
"Ocreatus underwoodii",6,23,NA,NA,-1.80411282786346,-0.354147456846816,-0.986033392367398,-0.868098897327434,-0.50946578305931,-1.18276615259139,2.86656070011827,-2.74922582665717,-2.47138337179876,0.513373432423225,0.0474128850798201,-0.387370178607359,-0.576087606357356,0.138528739822014
"Odontorchilus branickii",1,0,1,NA,-0.922588891985224,-0.533006536238055,-0.746764569878338,-0.642313156419988,-0.48001804627781,-0.464845627907389,-0.692393902902438,-1.39734953149646,0.816642340702352,-0.150810459919572,0.00939843122331198,-0.354537741965473,0.0813036833160666,-0.322487050703536
"Ortalis columbiana",4,76,NA,NA,2.14223430617565,0.401676394774229,0.401725778069146,1.78054152485606,3.7859774221355,2.41302544086898,-0.808868780819479,5.22801828391114,0.970473012047359,2.01860206718617,-0.13915673917912,-1.01962584972008,-0.585929571792729,0.366364631345809
"Ortalis guttata",3,0,1,NA,2.14223430617565,0.257435201716778,0.0428225443355568,1.29857580868825,2.6983743436721,1.85601813723485,-0.60827315774013,4.04681764886583,0.857389739859041,1.70701819484693,0.151067973219309,-0.589687046785236,-0.0453469590193879,0.605177729328915
"Orthopsittaca manilatus",2,0,1,NA,1.84906227370686,0.390137099329633,2.60299894496849,1.98606444286156,2.6983743436721,-0.186341976090321,1.10649587826075,4.23759420055037,-1.8128997151672,0.219405380006196,-2.5138848258742,0.81190159467994,-0.0490780890619517,0.0888367610618081
"Pachyramphus versicolor",0,1,NA,1,-0.559508048682603,-0.642629842961718,-0.220373160402408,-0.549683108868216,-0.49768668834671,-0.45865665786701,-0.245906870887113,-1.04928396321995,0.438117991928265,-0.220247013669928,-0.272079455110032,0.181838747157384,-0.05597065457289,-0.0278564216801518
"Pachysylvia semibrunnea",2,0,1,NA,-0.792347728422793,-0.446461820403585,-0.507495747389279,-0.58441937670013,-0.52909760758031,-0.353444167180562,-0.763572994962852,-1.12165366422894,0.845816749327427,-0.338943311227715,0.0147342035279326,-0.206742388656967,0.0294101666743607,-0.294711407289625
"Parkesia noveboracensis",1,0,1,NA,-0.521367881777388,-0.284911684179239,-0.627130158633809,-0.415080071019546,-0.53302397248451,-0.0378066951212178,0.232934293882945,-0.864902069346753,0.0556737603161698,0.0841227636206519,0.491952293403223,-0.0283101137894117,-0.13241262874435,0.020568196328119
"Patagioenas cayennensis",0,4,NA,1,1.48136223359382,0.04395823599175,-0.363934453895844,1.12489446952867,0.699854607434294,-0.0130508149597008,0.692362979000163,1.52840058560187,-0.665463934291508,1.20121293025332,0.053834266237786,0.41476038058546,1.02210302999103,0.162867014395105
"Patagioenas fasciata",1,23,NA,NA,1.83735977252639,0.10165471321473,-0.0289581024111609,1.48817793727078,1.2652511536391,0.178807256292057,0.750600417958684,2.35658528283758,-0.778108126180285,1.40115212831326,-0.228183714132358,0.447252731761917,0.935463561586616,0.192281923085497
"Patagioenas plumbea",0,1,NA,1,1.29382271049716,-0.0368168321204227,-0.435715100642562,1.08871085720376,1.2672143360912,-0.0316177250808385,0.67942132589827,1.57177587087917,-0.644079751212989,1.46059767387281,-0.244412793484145,-0.000326743743820759,0.849648367671749,0.142805775507639
"Patagioenas subvinacea",0,5,NA,1,1.22137746112655,-0.284911684179239,-0.555349511887091,0.777531791209526,0.733228709119994,-0.173964036009562,0.640596366592589,0.954782256520094,-0.463583140372623,1.32906225080708,-0.142597544111168,0.271021282844756,0.914186335255316,0.284512898491369
"Penelope purpurascens",1,0,1,NA,3.14621791755807,1.27289320084124,0.952044069793982,4.01089938856359,5.72363850235821,3.70652017930825,-0.802397954268532,8.80003647234667,0.531287136839815,3.09124726897459,-0.00400647244002465,-1.29714855182843,-0.775681744987786,-0.534271871748479
"Phaeomyias murina",0,2,NA,1,-0.891650887234226,-0.723404911073891,-0.507495747389279,-0.678496768744899,-0.49179714099041,-0.303932406857527,-0.58886067808729,-1.30993901813868,0.845005405163875,-0.143198361060223,-0.0874157973412438,-0.109195195484589,-0.210392971403054,-0.189934356266707
"Phaethornis syrmatophorus",0,7,NA,1,-1.30448647108719,1.11711271233919,-0.818545216625056,-0.603234855109084,-0.283699801067809,-1.17657718255101,2.24536135122738,-1.54391164904442,-2.62510359489835,-0.437971757669024,0.497656244723796,-1.11845501830994,0.234933676028092,-0.0520492024260429
"Pharomachrus antisianus",0,1,NA,1,1.17125170053687,-0.0252775366758266,0.114603191082274,1.24936609592637,1.7442676719515,-0.421522837624734,1.00296265344561,1.80024116354682,-1.17990198087609,1.32152742705801,-1.03206654158373,-0.00400218611426936,0.717960014161373,0.0371771024163577
"Pharomachrus auriceps",0,1,NA,1,1.29889213323411,0.147811894993115,1.28702042127866,1.4404155690019,2.284142846279,-0.316310346938286,0.789425377264364,2.83614058856308,-1.24009848678175,0.685503178083134,-1.82483699124773,0.178322265587786,0.257388961472863,0.0205969560966136
"Pheugopedius fasciatoventris",0,3,NA,1,-0.228154253277111,-0.204136616067066,-0.507495747389279,-0.512052152050308,-0.48394441118201,-0.0625625752827349,-0.854164566676106,-0.55181406166763,0.94751534786148,-0.3281843984533,0.322731975580916,-0.157849089631702,0.243970507493874,-0.0117521100745672
"Pheugopedius mystacalis",2,30,NA,NA,-0.0847323075169625,-0.238754502400855,-0.507495747389279,-0.551130453361212,-0.34848482198711,0.042649915403713,-0.990051924245988,-0.39741203852159,1.12701546742791,-0.266037044533285,0.304520356245949,-0.203702882915684,0.242994657889509,0.106808739675162
"Phimosus infuscatus",0,2,NA,1,2.15771148156437,5.27702872011608,0.975970952042887,2.35513728857565,0.633106404062894,2.13452178905191,0.653538019694483,6.21814468798277,-2.53839262635042,-2.04713749797903,3.33227429034775,-1.13665076067771,1.06745024011471,-0.539708954406486
"Phyllomyias cinereiceps",0,1,NA,1,-0.930524837517791,-0.769562092852276,-0.770691452127244,-0.574287965249155,-0.60762490566431,-0.570058118593837,-0.129431992970072,-1.64349966368276,0.407012205811822,0.129408843265484,-0.0432277731620211,-0.0489722805322005,-2.03918276342752e-05,-0.246423125343891
"Phyllomyias griseiceps",0,1,NA,1,-1.14061619390635,-0.850337160964448,-0.579276394135997,-0.737837892957754,-0.62529354773321,-0.582436058674596,-0.414148361211728,-1.74948936183418,0.664745904127833,-0.131644187007873,-0.22889865332683,-0.0772267726616689,-0.188027535291749,-0.295713035120849
"Phyllomyias nigrocapillus",0,2,NA,1,-0.930524837517791,-0.879185399575939,-0.818545216625056,-0.614813611053056,-0.58014035133491,-0.489601508068906,-0.414148361211728,-1.64506593810516,0.732404026117477,0.161420603043662,-0.0526577764235765,-0.0811844335013218,-0.0194234585658808,-0.263984786182346
"Phyllomyias plumbeiceps",2,0,1,NA,-0.869248984168736,-0.856106808686746,-0.674983923131621,-0.619155644532045,-0.42897530252321,-0.489601508068906,-0.284731830192794,-1.50183548389081,0.596822866190794,0.151364669455024,-0.183971533017784,-0.0824239580635007,-0.0913014651689608,-0.166528050850198
"Phylloscartes poecilotis",1,2,NA,NA,-1.06076600108022,-0.694556672462401,-0.770691452127244,-0.65389191236396,-0.48590759363411,-0.495790478109286,-0.491798279823089,-1.58583860911162,0.702242418609366,-0.0108537109262422,-0.0571387445885215,-0.290831045310158,-0.0602224614561908,-0.334026489920266
"Piaya cayana",5,7,NA,NA,0.86843073465584,0.465142519719508,0.569213953811487,0.627007963937895,3.9665902077287,0.68011382956278,-0.860635393227053,3.3838290477442,0.49637152997596,0.938847264315983,-1.58824635109454,-1.99929266635258,-0.345361006711057,0.302009467887369
"Picumnus olivaceus",6,3,NA,NA,-0.847490287597661,-0.775331740574574,-0.603203276384903,-0.726259137013782,-0.992408666275912,-0.700026489441802,-0.575919024985397,-1.7683426157514,0.766546934398213,-0.317094068764975,-0.0870152370030271,0.166946396486291,0.192493554121196,-0.243123482764758
"Pionus chalcopterus",6,22,NA,NA,1.41571921434351,0.563226530998575,2.05268065324365,1.26239219636334,0.00881438429509174,-0.477223567988148,0.433529916962294,2.38783658276539,-1.15842246923263,-1.11517809538269,-1.09292064641553,1.61060287603216,0.59658668627924,-0.135476398667696
"Pipraeidea melanonota",0,10,NA,1,-0.329354474088836,-0.642629842961718,-0.316080689398032,-0.325344712453766,-0.37793255876861,-0.353444167180562,0.135871895618744,-0.820131330149041,0.139095429506051,0.137804108265222,-0.152553597929046,0.283307322640576,-0.0152918464965998,0.0474736572405725
"Pipreola lubomirskii",1,0,1,NA,0.427406435147436,-0.382995695458306,-0.0768118669089728,-0.145873995322207,-0.266031158998909,-0.124452275686528,-0.207081911581433,0.0329062301986359,0.385284555688653,-0.00788973951183644,-0.0648286768108127,0.448185948770448,0.324201398456986,0.295894178862468
"Pipreola riefferii",0,8,NA,1,0.317418041707877,-0.411843934069796,-0.220373160402408,-0.200873086056072,-0.0697129137889085,-0.0811294854038728,-0.465914973619302,0.00751056598578573,0.642112237398409,0.0767150935531398,-0.0926977452739505,0.183484773389475,0.302099209145444,0.232220825492005
"Piranga flava",0,2,NA,1,0.114107238565475,-0.244524150123153,0.521360189313675,-0.114032416476285,0.0147039316513917,-0.161586095928804,-0.058252900909658,0.298589448858323,0.0669665138256147,-0.392607171662018,-0.501832136900997,0.397258258679434,-0.120110574753208,0.166666531907313
"Pitangus sulphuratus",0,10,NA,1,0.502053340381823,0.320901326662057,0.952044069793982,0.134910836319104,0.152126703298392,0.135484466009402,-0.407677534660781,1.26777806065872,0.136782982283995,-0.869942880670542,-0.356396165424955,0.363836194524765,-0.026988096412313,0.131060829897256
"Platyrinchus flavigularis",5,0,1,NA,-0.891650887234226,-0.602242308905632,0.449579542566957,-0.613366266560059,-0.872654536697811,-0.693837519401423,0.0517511504564365,-1.21916932037829,0.000841205453953282,-0.871101000121994,-0.600430941592072,0.598447736018673,-0.385442290367441,-0.142420447293533
"Platyrinchus mystaceus",1,2,NA,NA,-0.914735185709793,-0.590703013461036,0.306018249073522,-0.69441755816786,-0.923697280452411,-0.483412538028527,-0.621214810842024,-1.16505207234611,0.662461820644229,-0.983782825874386,-0.407443604605329,0.426012609490289,-0.345883691992823,-0.246317819968151
"Poecilotriccus ruficeps",3,1,NA,NA,-0.988532715317039,-0.60801195662793,-0.579276394135997,-0.811652462100572,-0.831427705203711,-0.427711807665113,-0.92534365873652,-1.55938672514717,1.07294193940947,-0.47924833992395,0.049295542001755,-0.134300564457394,-0.0124242423551617,-0.298374655590004
"Premnoplex brunnescens",2,11,NA,NA,-0.521367881777388,-0.382995695458306,-0.651057040882715,-0.616260955546052,-0.313147537849309,-0.217286826292217,-0.672981423249598,-0.908755518850094,0.830286031349388,-0.121267238738381,0.132911673237242,-0.340143687541314,0.112237238617263,-0.0481538841799502
"Premnornis guttuliger",3,10,NA,NA,-0.540198064656668,-0.452231468125883,-0.698910805380527,-0.51928887451529,-0.130571569804009,-0.260609616574872,-0.634156463943917,-0.873380906586191,0.792910704648231,0.0593668562282264,0.0126786751017978,-0.404802975668472,0.11811188374886,-0.113911736152216
"Psarocolius angustifrons",0,1,NA,1,1.61038312521607,1.69407748456899,1.09560536328742,1.55330843945562,2.0053709380808,1.3609005340045,0.0258678442526496,4.38890847697004,-0.672323657503014,-0.0667489048792217,0.265690588247721,-0.505479209868547,-0.0181018007580322,0.00494431516122817
"Psarocolius decumanus",2,0,1,NA,1.40224712896635,1.61907206417912,1.21523977453195,1.38975851174702,1.8306476998439,1.41660126436792,0.0258678442526496,4.1919511861839,-0.61730767986947,-0.249068655203732,0.276584143010779,-0.423794335666944,-0.262880808052613,0.0219550987981488
"Pseudocolaptes boissonneautii",1,0,1,NA,0.22949704279161,0.245895906272182,-0.435715100642562,0.0437281332603274,0.356297678316793,0.147862406090161,-0.362381748804154,0.526436287619952,0.306115250094227,0.115772124161871,0.302257927639431,-0.466109629657119,0.338776869554253,0.015229724528929
"Pseudotriccus ruficeps",0,4,NA,1,-0.799025092088367,-0.700326320184699,-0.555349511887091,-0.677049424251903,-0.66848356167941,-0.0563736052423558,-0.789456301166639,-1.2010824271897,1.10498556619092,-0.184657540710805,0.195806602633677,-0.0236146608397319,-0.240899356465369,-0.172595821946014
"Pygochelidon cyanoleuca",1,29,NA,NA,-0.914735185709793,-0.873415751853641,-0.603203276384903,-0.1487686843082,-0.55461897945761,-0.836183830330147,1.5012162978685,-1.69832516589739,-1.10478967331391,0.673818774570937,-0.233065811692038,0.448924610009845,-0.187045137663351,-0.182447898159262
"Pyriglena leuconota",15,2,NA,NA,-0.0030549634308343,-0.227215206956259,-0.411788218393655,-0.384685836666621,-0.0834551909536086,0.32734253726116,-1.02240605700072,0.0182376565855819,1.19710129986349,-0.115491313997469,0.328285836729501,-0.237761682307339,0.0442485746588302,0.0878453694696871
"Pyroderus scutatus",2,0,1,NA,1.81786956356835,1.0824948260054,1.8373387130035,1.85869812747787,1.4753116760138,0.890538810935676,-0.401206708109835,4.33335207078208,-0.331338681472,-0.430430206636944,-0.540871808487336,0.586134245850263,0.16851330876034,-0.286559254853985
"Pyrrhomyias cinnamomeus",12,13,NA,NA,-0.899267794297169,-0.584933365738738,-0.26822692490022,-0.472973850739404,-0.309221172945109,-0.669081639239906,-0.110019513317232,-1.21381725802109,0.184656839577379,-0.181294608707653,-0.455257863485188,-0.0647325586819923,-0.102175538273316,-0.281040391536387
"Pyrrhura melanura",3,2,NA,NA,0.588501623642128,-0.186827672900172,1.04775159878961,0.369380644184528,0.713596884598994,-0.638136789038009,1.06120009240413,0.923221672357429,-1.19762056823314,-0.0386150302934281,-1.31986446905487,0.65177773963691,0.0384901429163064,0.36145348629729
"Ramphastos ambiguus",5,0,1,NA,2.27399606023585,7.57334851359071,7.67549798173655,1.75593666847512,1.6716299212238,1.67034903602347,-0.92534365873652,10.2612480888326,-3.15688787865072,-8.32636242910212,-0.420217083766902,-0.455432392971662,-0.70651500660802,-0.194816754674159
"Ramphocelus dimidiatus",6,11,NA,NA,-0.111327172167713,-0.4003046386252,0.114603191082274,-0.381791147680628,-0.112902927735109,-0.130641245726907,-0.543564892230663,-0.161001033315281,0.640793487339141,-0.338476286135566,-0.318532951307126,0.136341868483835,-0.0674662169346264,0.112493071570314
"Rhynchocyclus fulvipectus",1,0,1,NA,-0.257121188325654,-0.417613581792094,0.521360189313675,-0.367317702750663,-0.134497934708209,-0.291554466776769,-0.601802331189184,-0.128174053530434,0.574538896004759,-0.671403439659011,-0.671760282595743,0.283777088947129,-0.199701267730146,-0.00826541411223938
"Rupicola peruvianus",81,2,NA,NA,1.52477314143066,0.418985337941123,0.640994600558205,1.17120949330456,0.849056473793894,0.810082200410745,-0.828281260472319,2.81799472852608,0.573745191985176,0.1083918508639,0.0166015080252345,0.397376274753417,0.435916086120206,-0.0814523084138275
"Rupornis magnirostris",1,16,NA,NA,1.60337219757413,0.153581542715413,1.0238247165407,1.71251633368523,1.6107712652087,2.34494677042481,0.232934293882945,4.10998329384536,0.139730138790768,1.11884375227528,0.494716830746858,0.702467124898846,-1.13588322973065,0.178399739478786
"Saltator striatipectus",11,13,NA,NA,0.139800406651322,-0.244524150123153,0.593140836060393,-0.170478851703147,0.203169447052993,0.228319016615092,-0.58886067808729,0.643453335861609,0.637946325276417,-0.460900245448836,-0.413269303558677,0.237451599592102,-0.34372995189022,0.178800319921996
"Saucerottia cyanifrons",0,15,NA,1,-1.41697041209634,-0.198366968344768,-0.91425274562068,-0.67415473526591,-0.821611792943211,-1.11468748214721,2.53007771946904,-2.42398106386887,-2.23896197507258,0.305700862227866,0.266577483460346,-0.104404258993183,-0.228894683894406,0.0813880466851055
"Sayornis nigricans",1,0,1,NA,-0.421330939587605,-0.325299218235325,-0.0528849846600667,-0.235609353887987,0.00292483693879177,-0.384389017382458,-0.155315299173859,-0.403312956797061,0.161701989816139,-0.164161662333149,-0.392895364807052,-0.0580861131714373,-0.0387254748015429,-0.137931434336836
"Schistes albogularis",0,4,NA,1,-1.66593571876846,-0.348377809124518,-1.03388715686521,-0.685733491209881,-0.906028638383511,-1.17038821251063,2.36183622914442,-2.70050363903964,-2.05331447859312,0.347818016882164,0.242136213589454,-0.139129812939316,-0.277706214792071,-0.113825351478975
"Scytalopus atratus",2,1,NA,NA,-0.176287379691892,-0.486849354459671,-0.651057040882715,-0.688628180195874,-0.650814919610511,-0.0192397850000799,-1.04828936320451,-0.815112725024531,1.31016594998911,-0.221256717321782,0.363895849368566,-0.0327218817346086,0.253246489655773,0.123387734817967
"Scytalopus latrans",0,8,NA,1,-0.463213190454922,-0.538776183960353,-0.818545216625056,-0.675602079758906,-0.725415852790311,-0.136830215767287,-0.789456301166639,-1.15659032445223,1.07401937074821,-0.0949471640542679,0.404867634030159,-0.0899787702681892,0.186776187245822,-0.0222409151523533
"Scytalopus micropterus",6,2,NA,NA,-0.0666560464940589,-0.446461820403585,-0.603203276384903,-0.606129544095077,-0.50750260060721,0.00551609516143716,-1.13888093491776,-0.605929554771724,1.35893094146477,-0.196872328499871,0.299147824109616,-0.0704380447106279,0.30582454837228,0.114099470326667
"Scytalopus rodriguezi",0,1,NA,1,-0.308004446103237,-0.544545831682651,-0.651057040882715,-0.691522869181867,-0.662594014323111,-0.143019185807666,-0.983581097695041,-0.974791213191883,1.22916231598177,-0.216748401138607,0.257321706527797,-0.0337183574850261,0.237204325308367,0.0476997199135363
"Scytalopus spillmanni",0,9,NA,1,-0.244110124160981,-0.521467240793459,-0.651057040882715,-0.632181744969013,-0.64688855470631,0.0117050652018165,-1.14535176146871,-0.804326781914925,1.39922232716306,-0.207823687009464,0.357164024857048,-0.0331497180737272,0.212715489508974,0.0180639417823689
"Serpophaga cinerea",3,0,1,NA,-1.03286557904649,-0.665708433850911,-0.746764569878338,-0.672707390772914,-0.57621398643071,-0.427711807665113,-0.582389851536343,-1.55067821679085,0.7940521594792,-0.0936819562250604,0.0268956398402523,-0.248682160862004,-0.0668092543842879,-0.325788029297635
"Setophaga fusca",2,1,NA,NA,-0.914735185709793,-0.659938786128612,-0.627130158633809,-0.533762319445255,-0.58602989869121,-0.3720110773017,0.517650662124601,-1.47975829669927,-0.140694478782922,0.209283790317556,0.118598800101304,0.0724879919190091,-0.306535956589501,-0.0655058614407826
"Setophaga petechia",1,0,1,NA,-0.876642953776505,-0.694556672462401,-0.651057040882715,-0.613366266560059,-0.662594014323111,-0.223475796332597,-0.0517820743587111,-1.41465339150496,0.423938107639311,0.0637003110093136,0.202769794911654,0.0306811176537389,-0.271573196930088,-0.109130162859183
"Setophaga pitiayumi",1,3,NA,NA,-1.1839351767175,-0.677247729295507,-0.746764569878338,-0.721917103534793,-0.705784028269311,-0.464845627907389,-0.278261003641847,-1.7560510560097,0.533439474480698,-0.0995813460793006,0.0823041602463938,-0.183161946554015,-0.189852949490377,-0.313060124824018
"Sicalis flaveola",0,14,NA,1,-0.49397179506935,-0.723404911073891,-0.172519395904596,-0.47876322871139,-0.46431258666101,-0.254420646534493,-0.245906870887113,-0.881553178833699,0.525561478568459,-0.111400399254801,-0.206232241724361,0.284180148527951,-0.204464892783481,-0.000823743407237704
"Siptornis striaticollis",1,0,1,NA,-0.692811341151788,-0.688787024740103,-0.842472098873962,-0.581524687714137,-0.51928169531981,-0.440089747745872,-0.103548686766285,-1.43990792035276,0.422796736822074,0.225827022974055,0.0938573690079256,-0.094101275279022,0.0787736216199634,-0.0710104724235621
"Sphenopsis frontalis",0,7,NA,1,-0.489500538009386,-0.440692172681286,-0.38786133614475,-0.461395094795432,-0.234620239765309,-0.1925309461307,-0.621214810842024,-0.686304465802547,0.755163078420268,-0.1469284359067,-0.0560941347571822,-0.163622499422935,-0.0132638696986629,-0.113946523664779
"Spinus psaltria",5,6,NA,NA,-0.988532715317039,-0.781101388296872,-0.340007571646938,-0.603234855109084,-0.719526305434011,-0.693837519401423,0.10351776286401,-1.63044292149466,0.123672551822332,-0.171238446814712,-0.306738695168956,0.22438213437819,-0.177921189612001,-0.203676474229248
"Sporathraupis cyanocephala",0,1,NA,1,0.0791379696638817,-0.388765343180604,-0.0289581024111609,-0.242846076352969,0.0696730403101918,0.0240830052825751,-0.452973320517409,0.074366890499854,0.614087796156963,-0.0433973780222171,-0.193873518604551,0.084651716565237,-0.0225604794154048,0.170556065967413
"Sporophila intermedia",1,0,1,NA,-0.747184315707861,-0.775331740574574,-0.172519395904596,-0.69441755816786,-0.62725673018531,-0.526735328311182,-0.511210759475929,-1.29388220314931,0.704300039553497,-0.388849856187671,-0.380953266485343,0.200766028478118,-0.126842392533146,-0.0994714165395841
"Sporophila minuta",1,4,NA,NA,-1.07995375691891,-0.838797865519852,-0.26822692490022,-0.771126816296672,-0.735231765050811,-0.489601508068906,-0.427090014313622,-1.59024496779133,0.676000208436455,-0.376226309974491,-0.281673799807969,0.137004821141668,-0.343105156742373,-0.216061197183156
"Sporophila nigricollis",5,22,NA,NA,-0.922588891985224,-0.84456751324215,-0.26822692490022,-0.726259137013782,-0.66848356167941,-0.607191938836113,-0.627685637392971,-1.50411761489422,0.809461235711172,-0.384412728760841,-0.412904081149552,0.129684397102824,-0.122585316457995,-0.225197605911795
"Stelgidopteryx ruficollis",0,7,NA,1,-0.530724492884075,-0.706095967906997,-0.38786133614475,0.0234653103583773,-0.51535533041561,-0.780483099966733,1.76004935990637,-1.25743826452925,-1.4046733926872,0.648689299981511,-0.215792650967785,0.659522345696255,-0.0790303540984011,-0.0200054037797333
"Stilpnia cyanicollis",26,19,NA,NA,-0.489500538009386,-0.659938786128612,-0.38786133614475,-0.527972941473269,-0.59977217585591,-0.384389017382458,-0.161786125724806,-1.10094013064715,0.427418559326972,-0.0783553686458934,-0.070921225777361,0.225949886022492,-0.00120070481533035,0.0114452888938575
"Stilpnia heinei",4,1,NA,NA,-0.358790246686138,-0.752253149685381,-0.38786133614475,-0.41363272652655,-0.56443489171811,-0.3720110773017,0.0452803239054899,-1.02551480765923,0.286325412572369,0.118167378143539,-0.0958036041940453,0.37214297258393,0.00940555416361988,0.0624130464102769
"Stilpnia larvata",1,0,1,NA,-0.366331362372109,-0.688787024740103,-0.363934453895844,-0.481657917697383,-0.60762490566431,-0.334877257059424,-0.194140258479539,-0.996205585699543,0.482176978244172,-0.0411723433728081,-0.0572594838613314,0.312114632523829,0.0321902904156619,0.04845547567098
"Stilpnia vitriolina",19,24,NA,NA,-0.260409158226354,-0.665708433850911,-0.0768118669089728,-0.426658826963518,-0.38774847102911,-0.19871991617108,-0.226494391234273,-0.625367822924407,0.49810150808181,-0.110298297594011,-0.221425332996984,0.349767232479538,-0.139504527599692,0.117499542286868
"Streptoprocne rutila",0,4,NA,1,-0.358790246686138,-0.959960467688111,-0.579276394135997,0.39688018955146,-0.63903582489791,-0.71859339956294,3.01538971079004,-1.34886937686537,-2.35171245815301,1.42477777878342,0.0148031315631156,1.17790960248638,-0.204926485525071,0.11057093983349
"Streptoprocne zonaris",0,9,NA,1,0.746135191246026,-0.538776183960353,-0.196446278153502,1.59093939627353,-0.193393408271209,-0.0749405153634937,2.67243590358986,0.636427342968816,-2.23708993214515,1.73185357348932,0.259004233539898,1.59255285372498,0.168119127423504,-0.191650120267532
"Sturnella magna",0,7,NA,1,0.788580541829715,0.563226530998575,-0.00503122016225508,0.0799117455852386,-0.189467043367009,1.0019402716625,0.0258678442526496,1.28624855037907,0.132693312462843,-0.200172899602376,1.13194553344838,0.189544350920967,-0.0624408592929003,0.497042869697188
"Synallaxis albescens",0,2,NA,1,-0.805761810875825,-0.619551252072526,-0.722837687629432,-0.697312247153853,-0.00689107532170826,-0.272987556655631,-0.685923076351491,-1.11661229709977,0.91546076093273,0.10000622450113,-0.140019412096235,-0.556114952699347,-0.10770824200222,-0.109586146950295
"Synallaxis azarae",8,31,NA,NA,-0.49397179506935,-0.458001115848181,-0.722837687629432,-0.703101625125839,0.265991285520192,-0.149208155848045,-0.660039770147704,-0.74380208978774,0.88503808188515,0.177008033359233,-0.0989119307194625,-0.702741079248703,-0.0145820173270345,0.125135643540469
"Synallaxis brachyura",2,18,NA,NA,-0.433654396045257,-0.42915287723669,-0.651057040882715,-0.646655189898978,-0.00689107532170826,-0.143019185807666,-0.763572994962852,-0.734740079719255,0.954506979752311,0.0129713613381099,0.00596165490458116,-0.494796483098229,0.0656284268331724,0.057106595936286
"Syndactyla subalaris",2,3,NA,NA,-0.0873501887845457,-0.059895423009615,-0.411788218393655,-0.21389918649304,0.144273973489992,-0.10588536556539,-0.440031667415515,-0.0619447217601853,0.445369525714224,-0.00526863112966175,0.0470779824493795,-0.370565094629074,0.236048718647024,-0.0137896557829704
"Tachyphonus rufus",10,6,NA,NA,0.044683133203589,-0.290681331901537,-0.00503122016225508,-0.283371722156869,0.00292483693879177,-0.0935074254846314,-0.53062323912877,0.0142231524437257,0.601221411349667,-0.211786318416932,-0.22094355758148,0.0383504291208864,0.0816301775467867,0.128648337841652
"Tangara arthus",4,0,1,NA,-0.294098076608926,-0.602242308905632,-0.363934453895844,-0.384685836666621,-0.44468076214001,-0.28536549673639,-0.0906070336643916,-0.803425582687583,0.356725758188198,0.0518559524277606,-0.0475279976040914,0.238908784440998,0.0365422560524897,0.0559306750892118
"Tangara chrysotis",0,1,NA,1,-0.228154253277111,-0.481079706737373,-0.363934453895844,-0.390475214638607,-0.58406671623911,-0.396766957463217,0.0905761097621169,-0.857133077766286,0.127327916187369,-0.0395840161033567,0.0192580635830698,0.300304754088281,0.171534005898204,0.102959038921578
"Tangara gyrola",0,11,NA,1,-0.329354474088836,-0.63686019523942,-0.316080689398032,-0.420869448991532,-0.50357623570301,-0.310121376897907,-0.213552738132379,-0.851033441645078,0.465720928332423,-0.0386324090281799,-0.0933554583948462,0.271689075497028,0.0313900111934815,0.0276535890513027
"Tangara inornata",1,0,1,NA,-0.446181555198235,-0.642629842961718,-0.363934453895844,-0.445474305372471,-0.56443489171811,-0.415333867584355,-0.0194279416039775,-1.04042077314949,0.273934320991481,-0.0197079456773965,-0.0985192716357383,0.268984852562921,0.0208890900482208,0.00395600245246939
"Tangara labradorides",5,4,NA,NA,-0.584358664293232,-0.700326320184699,-0.363934453895844,-0.54389373089623,-0.57425080397861,-0.433900777705492,-0.187669431928593,-1.17022374879921,0.440802593045783,-0.0970711563539217,-0.157020718282987,0.200182182392684,-0.0435543764018586,-0.0390124401709578
"Tangara nigroviridis",0,10,NA,1,-0.489500538009386,-0.677247729295507,-0.435715100642562,-0.47876322871139,-0.54283988474501,-0.45246768782663,0.0129261911507562,-1.1370444838183,0.261062521329954,0.0403066365602042,-0.109637334793062,0.220013253060859,0.0275907475132781,0.0104424338845508
"Tangara parzudakii",1,2,NA,NA,-0.111327172167713,-0.42915287723669,-0.26822692490022,-0.23850404287398,-0.37596937631651,-0.378200047342079,-0.0194279416039775,-0.559330795541957,0.163704531361069,-0.00897402801905463,-0.103712933346275,0.260589128028085,0.223944205240264,0.0418136179593329
"Tangara xanthocephala",0,3,NA,1,-0.405205312655675,-0.533006536238055,-0.531422629638185,-0.412185382033553,-0.53695033738871,-0.378200047342079,-0.0323695947058711,-1.00413497670089,0.267928366570801,0.0555821403201067,0.0620385688712051,0.138899369765437,0.129671025544552,-0.0128964914099533
"Thalurania colombica",28,6,NA,NA,-1.49682060492247,-0.19259732062247,-0.91425274562068,-0.727706481506779,-0.862838624437311,-1.2075220327529,2.83420656736353,-2.58403396557332,-2.52139224834612,0.320431968218389,0.249677386042188,-0.0833312112082118,-0.277611824441248,0.139387330872738
"Thamnophilus multistriatus",6,9,NA,NA,-0.124982962762931,-0.215675911511662,-0.100738749157879,-0.448368994358464,-0.207135685435909,0.104539615807506,-0.970639444593147,-0.0911575947378202,1.0393831442963,-0.448545697835683,0.0596672226291193,-0.0912204041113117,-0.00294587081541281,0.0470929149425077
"Thamnophilus unicolor",10,4,NA,NA,-0.221864790845744,-0.0945133093434032,-0.292153807149126,-0.480210573204386,-0.295478895780409,-0.0749405153634937,-1.08711432251019,-0.296823142759229,1.05017444068623,-0.525262137527058,0.127922946125634,-0.26226014057032,0.225916141082518,-0.0762452914560865
"Thraupis episcopus",0,30,NA,1,0.0577879416782824,-0.55031547940495,0.0667494265844628,-0.221135908958022,-0.256215246738409,-0.0811294854038728,-0.103548686766285,-0.168960939075479,0.348880825680359,-0.0438027346417159,-0.204026980755585,0.470640365307584,-0.0755293491710856,0.197982563212359
"Thraupis palmarum",0,6,NA,1,0.139800406651322,-0.504158297626565,-0.0528849846600667,-0.145873995322207,-0.130571569804009,-0.180153006049942,-0.161786125724806,-0.120132983453534,0.348485936726071,0.0600008957725472,-0.246686109789611,0.351895564009954,0.121746681187713,0.154717259224945
"Thripadectes holostictus",0,1,NA,1,0.172136276920166,0.0151099973802597,-0.26822692490022,-0.263108899254919,0.401450874715093,0.166429316211299,-0.705335556004331,0.395415509197252,0.730612581444438,-0.0525462825037618,0.046909450318765,-0.464931126976521,0.158533787700783,0.18755050853247
"Tiaris olivaceus",7,67,NA,NA,-1.0148200628715,-0.84456751324215,-0.483568865140373,-0.762442749338693,-0.699894480913011,-0.415333867584355,-0.355910922253208,-1.61208363796685,0.675140344308756,-0.16804707621493,-0.117274645507189,0.0600107966291145,-0.285701614807169,-0.160154195085182
"Tolmomyias sulphurescens",0,1,NA,1,-0.620578055388605,-0.596472661183334,-0.172519395904596,-0.572840620756159,-0.42308575516691,-0.310121376897907,-0.562977371883503,-0.90896594948607,0.722915201574578,-0.33199140231811,-0.243337252836114,0.0600826572272899,-0.152767933893603,-0.0975648090381999
"Tringa solitaria",1,0,1,NA,0.303454734016372,0.517069349220191,-0.818545216625056,0.347670476789581,-0.45449667440051,0.370665327543816,1.63710365543839,0.203958843926424,-1.38286882682215,0.627865403409279,1.40712494494613,0.162734903846942,0.196940387452476,0.235323931290651
"Troglodytes aedon",0,13,NA,1,-0.826338890427876,-0.452231468125883,-0.746764569878338,-0.740732581943746,-0.705784028269311,-0.217286826292217,-0.744160515310012,-1.3289116288807,0.942812330148335,-0.27545053795596,0.328637946798934,-0.258472378162565,0.00329744079146063,-0.187068339670787
"Troglodytes solstitialis",1,0,1,NA,-0.792347728422793,-0.434922524958989,-0.722837687629432,-0.787047605719633,-0.760753136928111,-0.297743436817148,-0.711806382555278,-1.38327310113739,0.892238221021521,-0.341881112752635,0.29680366208718,-0.226448689681164,0.0684866446674902,-0.138962666411456
"Trogon collaris",3,0,1,NA,0.53159238223735,-0.198366968344768,0.497433307064769,0.269513874167773,1.0924910978543,-0.63194781899763,0.905900255181405,0.76665791858911,-0.985790859639306,0.386844048379038,-1.21266988444238,0.0968257479686112,0.201769663176074,0.386074324461342
"Trogon personatus",0,1,NA,1,0.508053972469412,-0.279142036456941,0.569213953811487,0.334644376352613,1.5852498933314,-0.576247088634216,0.847662816222885,1.01397727278304,-0.923991567198399,0.589378008568859,-1.5003119827416,-0.121222604880047,0.0471372007807421,0.3777650373252
"Turdus fuscater",0,1,NA,1,1.12449563304374,0.378597803885037,0.186383837828992,0.705164566559704,1.2946988904206,1.23712113319692,-0.349440095702261,2.50535365418592,0.436826427994892,0.576087949609417,0.359357571526977,-0.25790654034148,-0.184023426411242,0.302987677219364
"Turdus ignobilis",8,46,NA,NA,0.512820503108336,-0.123361547954893,-0.00503122016225508,0.113200668924157,0.209058994409292,0.630602069239745,-0.220023564683326,0.897403706877193,0.467247407362963,0.212210863949645,0.320178588935754,0.192283067268268,-0.150016020252862,0.284522679877949
"Turdus leucomelas",0,2,NA,1,0.57330016525505,-0.0887436616211053,-0.244300042651314,0.130568802840114,0.295439022301693,0.543956488674436,-0.129431992970072,0.822090523832125,0.37836940608343,0.406677315467375,0.380777471007436,0.0470795616227386,0.0360597762580584,0.309335965249973
"Turdus leucops",2,0,1,NA,0.496004817667443,-0.00219894578663451,-0.196446278153502,0.210172749954919,0.199243082148792,0.215941076534333,0.0776344566602235,0.658627370569301,0.032808936698802,0.297173622240352,0.230032138722172,0.0979882199813063,0.220642408733404,0.179875204051966
"Tyrannus melancholicus",2,37,NA,NA,0.108052272615913,-0.0137382412312306,0.856336540798358,0.0900431570362137,0.291512657397493,-0.303932406857527,-0.0453112478077645,0.677326146471202,-0.185265474542926,-0.605262998531705,-0.815806510825191,0.311957103041594,-0.0996589377185725,-0.00181353765998706
"Tyrannus savana",0,1,NA,1,-0.01249902175378,-0.209906263789364,0.0906763088333687,0.0437281332603274,2.7081902559326,-0.353444167180562,0.491767355920814,1.0312928194002,-0.54370860301717,1.03172373751211,-1.65061033151331,-1.38943837098842,-0.324612023616319,0.350896649558235
"Tyrannus tyrannus",1,0,1,NA,0.157091100489715,-0.129131195677192,0.497433307064769,0.204383371982933,0.207095811957192,-0.316310346938286,0.575888101083122,0.436404250098999,-0.626302274797671,-0.101377671900274,-0.56764341988443,0.418733555484302,-0.0420367009702359,0.0759599598396422
"Uranomitra franciae",5,8,NA,NA,-1.41697041209634,0.0670368268809421,-0.842472098873962,-0.711785692083818,-0.847133164820511,-1.10230954206646,2.36183622914442,-2.28631187474648,-2.21037614661646,0.0210804854605369,0.354142547145998,-0.244117155270841,-0.156548243530981,0.0471355326537986
"Vanellus chilensis",0,29,NA,1,1.75134654580758,0.655540894555344,0.0667494265844628,1.78633090282805,0.476051807894893,3.1557018457145,0.427059090411347,3.92551080764812,0.192505856240742,1.27956508395419,2.43206382625552,0.827890737206531,-0.942430919707546,0.165955488761035
"Vireo leucophrys",8,30,NA,NA,-0.734759842805754,-0.561854774849546,-0.555349511887091,-0.545341075389226,-0.53695033738871,-0.3720110773017,-0.355910922253208,-1.20491395915213,0.553123793517806,-0.102501381454633,0.0209904860976592,-0.062446126075706,-0.0188141199553643,-0.180746014089601
"Volatinia jacarina",0,1,NA,1,-0.899267794297169,-0.769562092852276,-0.435715100642562,-0.792836983691619,-0.672409926583611,-0.421522837624734,-0.666510596698651,-1.47619610946573,0.90887414151158,-0.318737009408304,-0.154098650667756,0.0015001176588354,-0.153241501882265,-0.150494315372299
"Xenops rutilans",1,2,NA,NA,-0.805761810875825,-0.602242308905632,-0.770691452127244,-0.532314974952258,-0.55069261455341,-0.576247088634216,-0.058252900909658,-1.48553450427949,0.27396808493512,0.0990449749504644,0.0148573795939438,-0.111098113401795,0.111567988899611,-0.198406449308841
"Xiphocolaptes promeropirhynchus",4,0,1,NA,0.798423223982623,1.54983629151154,0.521360189313675,0.473589447680272,0.894209670192195,0.531578548593677,-0.582389851536343,2.38885754856264,-0.12489801975075,-0.880360847821063,0.379366016654259,-0.775346587753669,0.411997284823329,-0.0104149939701908
"Xiphorhynchus triangularis",25,1,NA,NA,0.269836987711929,0.545917587831681,-0.196446278153502,0.169647104151018,0.409303604523493,-0.0811294854038728,-0.122961166419125,0.716195338819735,-0.154630433094859,-0.136599144345937,0.14644879383138,-0.475124670632384,0.479004654847217,-0.0503748084512174
"Zenaida auriculata",0,3,NA,1,0.927032791923705,-0.273372388734643,-0.579276394135997,0.48661554811724,0.311144481918493,-0.161586095928804,0.537063141777442,0.519941466476297,-0.329461419665091,0.995625091791167,0.0665091300147713,0.30055941635434,0.773571728824734,0.279365284043612
"Zentrygon frenata",0,5,NA,1,1.70351516286903,0.176660133604605,-0.363934453895844,0.770295068744544,0.464272713182293,1.15666452267199,-0.401206708109835,2.123682410181,0.677882999286111,0.848268312006531,0.948431112637495,0.321179807508353,0.536629557034525,0.46103045274832
"Zimmerius chrysops",3,48,NA,NA,-0.861926454997784,-0.838797865519852,-0.555349511887091,-0.720469759041796,-0.61547763547271,-0.409144897543975,-0.731218862208118,-1.46802386093665,0.999851668572773,-0.15578090240097,-0.140831880920485,-0.0217052523842143,-0.0880031082431632,-0.198265092569182
"Zonotrichia capensis",6,91,NA,NA,-0.355047642174683,-0.584933365738738,-0.196446278153502,-0.559814520319191,-0.346521639535009,0.0117050652018165,-0.491798279823089,-0.605009664395846,0.787389807439684,-0.166071451195512,-0.0195424220444984,0.115393218064871,-0.24546416684667,0.129071100842801
