"Species","HON_H","HON_M","HON_EXT","HON_NEW","weight_z","T_cul_z","Bill_w_z","Wing_l_z","Tail_l_z","Tars_z","HWI_z","Comp.1","Comp.2","Comp.3","Comp.4","Comp.5","Comp.6","Comp.7"
"Actitis macularius",2,0,1,NA,0.166529278175978,0.113194008659327,-0.818545216625056,-0.0315337803754876,-0.47216531646941,0.0364609453633336,1.49474547131756,-0.403396471483276,-1.77386397568126,-0.401298559902469,-0.489926049760661,0.493709442592849,0.435185401377454,0.380653899290417
"Amazilia tzacatl",1,22,NA,NA,-1.44790841684734,-0.0945133093434032,-0.722837687629432,-0.668365357293924,-0.841243617464211,-1.10849851210684,2.41360284155199,-2.05139560004948,-2.89975004126951,0.118910487031751,-0.136411322388708,-0.195180547940395,-0.31521153983543,0.0387347308039665
"Amazona amazonica",0,1,NA,1,1.84497667958933,0.770933849001305,2.93797529645317,1.44186291349489,0.434824976400793,-0.136830215767287,0.245875946984838,3.37116458117868,-0.315010556064715,1.76092799429432,2.17293811247138,0.350926187394703,0.0767470978492693,-0.113158085822467
"Amazona farinosa",0,6,NA,1,2.24350371096418,1.12865200778378,3.41651294143129,2.01645867721448,1.1180124697316,0.203563136453574,0.271759253188626,4.58006063216662,-0.32483458443552,2.07608408941787,2.05537870978749,0.26107227865878,-0.0350143706898187,-0.241631789894247
"Amazona ochrocephala",2,32,NA,NA,2.03732847109107,0.840169621668881,3.24902476568895,1.59672877424551,0.774455540614094,-0.0996963955250108,0.252346773535785,3.84994479648747,-0.272710051413233,2.07142346255593,2.18847988752695,0.294720640779558,0.00217505198009794,-0.097866296805036
"Anthracothorax nigricollis",1,0,1,NA,-1.16196622189195,0.113194008659327,-0.890325863371774,-0.525078252487276,-0.782348143901211,-1.18276615259139,2.56890267877472,-1.8497321617124,-3.11932984613769,0.0833674561708421,-0.285179720683593,-0.1752002389053,0.0309106269296996,0.0521247351954547
"Aramides cajaneus",0,2,NA,1,1.8983563594335,1.59022382556763,-0.196446278153502,1.10173695764073,-0.279773436163609,2.4377813210305,-0.828281260472319,2.75894018958802,0.571797087556756,-2.0956011991023,0.00182914153984326,0.538946838537649,0.962976898660451,0.35147814238298
"Ardea alba",0,3,NA,1,2.49408474167257,5.91745961729117,1.40665483252319,3.99787328812662,1.2456193291181,7.30231177276862,0.498238182471761,9.16481337938073,-1.60664263823674,-4.60894247241772,-0.176204970279728,-0.635909287810305,-0.67085327835644,-0.0881982836689487
"Ardea cocoi",0,2,NA,1,3.02365445424553,7.10600704808457,3.00975594319989,5.26429971949851,1.9877022960119,10.0749703508585,0.478825702818921,12.4868793791255,-1.59306311212612,-5.34392384976821,0.296935123190734,-0.60224493866375,-2.09319184525728,-0.00682913304950097
"Arremon aurantiirostris",1,27,NA,NA,0.046883064714639,-0.446461820403585,0.114603191082274,-0.432448204935503,-0.209098867888009,0.116917555888264,-0.847693740125159,-0.285861619118196,1.0018411948317,-0.0402929383679543,0.273963972329374,0.13362821859778,-0.0583692966192283,0.223659629270695
"Arremonops conirostris",7,8,NA,NA,0.0770298295746604,-0.331068865957624,0.018895662086651,-0.417974760005539,-0.185540678462809,0.277830776938126,-1.04828936320451,-0.194827138902372,1.1953302973805,-0.242776407430064,0.195669407116473,0.0669607150041226,-0.00692083847264763,0.211176681184145
"Atalotriccus pilaris",2,11,NA,NA,-1.1839351767175,-0.584933365738738,-0.651057040882715,-0.888361720229384,-0.856949077081011,-0.508168418190044,-1.00946440389883,-1.94684905713979,0.962634938350065,-0.560830947936049,0.175783490473573,-0.282494993393157,-0.136888902245903,-0.290602614073625
"Automolus ochrolaemus",1,1,NA,NA,0.162768099868809,-0.0714347184542111,-0.316080689398032,-0.221135908958022,-0.0343756296511085,-0.00686184491932138,-0.446502493966462,-0.158477140270949,0.446934627514235,-0.170171244331255,-0.178646729938384,0.00486832160556075,0.32783123313357,0.124315774471807
"Baryphthengus martii",2,0,1,NA,1.2329483099023,1.47483087112167,1.33487418577648,0.696480499601725,3.4110095737844,0.556334428755194,-0.537094065679716,3.68847173941888,0.746393609307881,1.64338151816899,-1.11391174341899,-1.63966618454507,-0.1267571538339,0.270693571198341
"Basileuterus rufifrons",0,29,NA,1,-0.861926454997784,-0.642629842961718,-0.531422629638185,-0.745074615422736,-0.299405260684609,-0.217286826292217,-0.847693740125159,-1.37983922799222,0.926958503787663,-0.27103928412841,-0.189060001344282,-0.183787642959997,-0.248473565143324,-0.0861531623986339
"Brotogeris jugularis",3,66,NA,NA,0.505659417954787,-0.152209786566384,0.736702129553828,0.117542702403146,-0.213025232792209,-0.712404429522561,1.13885001101549,0.274080071470858,-1.24072586678391,1.00884219921962,0.715189179283385,0.427733713756206,0.173043434384637,0.260640247771272
"Buteo nitidus",0,10,NA,1,2.10144254020514,0.378597803885037,1.21523977453195,2.09461527983629,1.8365372472002,2.53680484167657,0.200580161128211,4.35151883150577,0.0711516886059207,0.357118493653884,-0.740049787651277,1.19537438350338,-0.4630437383749,0.197420696848387
"Buteo platypterus",0,1,NA,1,1.99953271727908,0.263204849439076,1.19131289228304,2.53460800570721,1.9975182082724,1.84364019715409,0.808837856917204,4.27571811792829,-0.651353028403563,0.932795971914619,-0.89508171197779,1.31414966298631,-0.313673705118265,-0.256981157986616
"Butorides striata",1,5,NA,NA,1.38440518583218,2.68645689280426,0.736702129553828,1.0322644219769,-0.262104794094709,1.44754611456981,0.278230079739572,2.99185735504233,-0.945881606181548,-1.39387203741785,0.939979775852283,-0.593220614206484,0.786070164906679,0.168142440454833
"Campephilus melanoleucos",0,1,NA,1,1.56583162323036,1.26135390539664,1.45450859702101,1.17844621576954,0.831387831724995,0.568712368835953,-0.161786125724806,3.03843836129815,0.0167168639916938,0.533544158533319,0.704363425874624,-0.156805409675519,0.410579241303971,-0.0312427480092531
"Camptostoma obsoletum",0,3,NA,1,-1.05135127288648,-0.804179979186064,-0.698910805380527,-0.727706481506779,-0.709710393173511,-0.601002968795733,-0.511210759475929,-1.8975215452492,0.49229048903223,-0.264102337627339,-0.0514325346884625,0.00765960025627349,-0.132290865465881,-0.249672778307678
"Campylorhamphus trochilirostris",0,1,NA,1,0.173996095947729,2.13257071146365,-0.411788218393655,-0.0590333257424202,0.291512657397493,-0.130641245726907,-0.601802331189184,0.837252019414859,0.0427402276222448,-0.910511259152332,-0.105921053420005,-1.69246110098476,1.07010590450085,-0.178301761388754
"Campylorhynchus zonatus",2,7,NA,NA,0.0490766288318044,0.0151099973802597,-0.531422629638185,-0.349949568834706,0.097157594639592,0.0921616757267474,-0.763572994962852,-0.247293931956357,0.78000566704478,-0.368727605037246,-0.408199490864845,-0.216675863146217,0.350350208160993,0.117383040832955
"Cantorchilus leucotis",2,5,NA,NA,-0.389415660847677,-0.284911684179239,-0.627130158633809,-0.585866721193127,-0.56836125662231,-0.0996963955250108,-0.789456301166639,-1.05261598812638,0.761501729701146,-0.598632359361376,-0.0340149103715711,-0.0552272679376882,0.214605950653152,0.0101464822686915
"Cantorchilus nigricapillus",0,3,NA,1,-0.231318666531602,-0.261833093290047,-0.459641982891467,-0.532314974952258,-0.44664394459211,0.0797837356459886,-0.94475613838936,-0.755907446310225,0.970251296990653,-0.563996065489849,0.0136011110933603,-0.0364523324655347,0.163157507839427,0.0729348625850683
"Capsiempis flaveola",0,1,NA,1,-1.08973293612876,-0.746483501963083,-0.507495747389279,-0.775468849775661,-0.56050852681391,-0.471034597947768,-0.744160515310012,-1.72146529195942,0.770674708924314,-0.228598317704916,0.0171450516195022,-0.15126669703939,-0.293409341931782,-0.226638063333727
"Cardellina canadensis",0,10,NA,1,-0.891650887234226,-0.619551252072526,-0.507495747389279,-0.580077343221141,-0.47805486382571,-0.272987556655631,0.0970469363130635,-1.39522448436194,-0.134150819561929,-0.167415727134652,-0.151977375238948,0.0676896229764093,-0.335202722880179,-0.0342594339944354
"Catharus minimus",1,8,NA,NA,-0.0196601069073298,-0.423383229514392,-0.38786133614475,-0.025744402403502,-0.154129759229209,0.395421207705333,0.414117437309454,-0.236134087769134,-0.407033850797523,-0.213955889381454,-0.393678879481488,0.552863901527725,-0.134081370568394,0.203979367329525
"Catharus ustulatus",0,47,NA,1,-0.0514980237451451,-0.544545831682651,-0.363934453895844,-0.0865328711093528,-0.171798401298109,0.370665327543816,0.478825702818921,-0.333799610935184,-0.441315369355715,-0.139217924236669,-0.381186863493628,0.614461482631338,-0.201555476371303,0.255680672728099
"Cercomacra nigricans",5,8,NA,NA,-0.507546054184375,-0.302220627346133,-0.316080689398032,-0.538104352924244,-0.209098867888009,-0.0378066951212178,-0.92534365873652,-0.78447538536583,0.96664575041253,-0.321190971660727,-0.0405262217128761,-0.237547289066663,-0.0938262166104977,-0.0546482622428065
"Cercomacroides tyrannina",0,12,NA,1,-0.521367881777388,-0.319529570513027,-0.292153807149126,-0.577182654235148,-0.326889815014009,-0.0749405153634937,-0.977110271144094,-0.864147801807083,1.01225519124144,-0.354086148401329,0.0736069025007665,-0.221535424953611,-0.076968717145503,-0.0567307822535658
"Certhiaxis cinnamomeus",0,10,NA,1,-0.57432042650167,-0.458001115848181,-0.746764569878338,-0.626392366997027,-0.291552530876209,-0.316310346938286,-0.711806382555278,-1.248704355938,0.725433714577891,-0.33756459373811,-0.336489446670709,-0.142086825826513,0.137264164984742,-0.0688142081803845
"Chalybura buffonii",2,12,NA,NA,-1.1839351767175,0.170890485882307,-0.866398981122868,-0.559814520319191,-0.713636758077711,-1.18895512263177,2.6918483832427,-1.82019217265188,-3.25119301395758,0.131882320439446,-0.315786566565924,-0.247128347741377,-0.00731828734228812,0.102808462067833
"Chiroxiphia lanceolata",0,7,NA,1,-0.425416533705134,-0.665708433850911,-0.483568865140373,-0.468631817260415,-0.55658216190971,-0.341066227099803,-0.860635393227053,-1.17518208397791,0.907259895404987,-0.256656796214797,0.0468752892583141,0.173970423034167,0.134702297897706,-0.161939993255356
"Chlorestes julie",1,1,NA,NA,-1.73187954210028,-0.446461820403585,-1.22530221485646,-0.860862174862452,-1.00222457853641,-1.2075220327529,0.388234131105667,-2.71292244313885,-0.725897377750664,-0.428715453722155,-0.24632046583439,-0.392558470225668,-0.0154526994604026,-0.491203589603769
"Chloroceryle americana",0,4,NA,1,0.0291021700065139,1.05364658739391,0.018895662086651,-0.373107080722649,-0.37793255876861,-0.97853014125887,0.0776344566602235,-0.179401386641768,-0.499460517350926,-0.0354623489836462,0.618278099256524,-0.946800669956742,0.838864391439643,-0.015474974786268
"Chlorophanes spiza",2,0,1,NA,-0.405205312655675,-0.452231468125883,-0.38786133614475,-0.496131362627347,-0.56639807417021,-0.291554466776769,0.0193970177017028,-1.05042004132612,-0.0658751817912781,-0.161661453456864,0.0638293593799752,0.17247389804485,0.0184914145944578,0.0973048630493901
"Chlorophonia cyanocephala",0,1,NA,1,-0.63664669702983,-0.827258570075256,-0.483568865140373,-0.555472486840201,-0.770569049188611,-0.563869148553458,0.291171732841466,-1.55590389820589,-0.326916232643814,0.00147473430471352,0.0742210833629055,0.40305099422024,-0.0773962970128246,0.0242001837855188
"Chlorostilbon gibsoni",0,3,NA,1,-1.91256550472202,-0.261833093290047,-1.0099602746163,-0.769679471803675,-0.960997747042311,-1.15182130238949,2.75008582220122,-2.57766519679563,-3.2823835569941,0.00333088892733147,-0.359004311661205,-0.176765264453689,-0.542629420144136,-0.0479475469227413
"Chrysolampis mosquitus",0,2,NA,1,-1.60527328178102,-0.198366968344768,-1.03388715686521,-0.704548969618835,-0.884433631410411,-1.2384668829548,2.82126491426164,-2.3920915328674,-3.35125616421281,0.104884682653184,-0.407357739778321,-0.110838866782597,-0.287420841542675,0.0365123615132843
"Chrysuronia goudoti",1,8,NA,NA,-1.58608552594234,-0.238754502400855,-0.938179627869586,-0.769679471803675,-0.927623645356611,-1.18276615259139,2.4977235867143,-2.3803160602075,-2.98220810859352,0.0624925254689725,-0.271098676372821,-0.135860897345655,-0.311668553588677,0.0433255716814829
"Claravis pretiosa",0,6,NA,1,0.563364286804812,-0.411843934069796,-0.698910805380527,0.118990046896143,-0.0186701700343085,-0.45246768782663,0.148813548720637,-0.274989605926386,-0.162345058421589,0.175235992462844,-0.56477730421481,0.575902468740457,0.826188277407931,0.0370852261842205
"Clibanornis rubiginosus",0,1,NA,1,0.155189277977531,0.153581542715413,-0.340007571646938,-0.242846076352969,-0.00492789286960837,0.110728585847885,-0.873577046328946,-0.0362034379079224,0.854980016492571,-0.400252663101129,-0.151374024166859,-0.226906387952763,0.399560610206641,0.0563826522849202
"Cnemotriccus fuscatus",0,11,NA,1,-0.658615651855381,-0.573394070294142,-0.172519395904596,-0.51928887451529,-0.283699801067809,-0.328688287019045,-0.666510596698651,-1.02047908559512,0.720840353608882,0.00514550476679111,0.0925080436843218,-0.0942547430243625,-0.231457458432804,-0.14281971122173
"Coccycua minuta",0,1,NA,1,0.145607913026128,-0.0137382412312306,-0.172519395904596,0.0480701667393169,1.3908948305735,0.0674057955652301,-0.634156463943917,0.639198982909372,0.80492457865425,0.541472874232775,-1.07305916186753,-0.488368031093608,0.0162575998000151,-0.0345393006030004
"Coereba flaveola",4,8,NA,NA,-0.891650887234226,-0.60801195662793,-0.603203276384903,-0.69441755816786,-0.843206799916311,-0.415333867584355,-0.336498442600368,-1.67669616537234,0.269574185045304,-0.411967346000937,0.109826741651268,0.0509765950902404,-0.0999798255702764,-0.116931920043191
"Colaptes punctigula",0,6,NA,1,0.49113100104163,0.0670368268809421,0.210310720077898,0.0799117455852386,-0.160019306585509,-0.149208155848045,-0.375323401906048,0.334221807011159,0.329244697021734,0.0999782057751253,0.367934781992852,0.134822834182758,0.425732129444725,0.0275306050606999
"Colinus cristatus",18,2,NA,NA,1.07805267271201,-0.533006536238055,0.018895662086651,-0.0271917468964983,-0.41326984290641,0.265452836857367,0.0841052832111701,0.266895133889552,0.0587810735980681,0.0596181930275865,0.215253505441418,1.03169017758402,0.511542565065712,0.62961015027988
"Colonia colonus",3,1,NA,NA,-0.433654396045257,-0.654169138406315,-0.196446278153502,-0.315213301002791,1.6225503599213,-0.526735328311182,-0.355910922253208,-0.188783583799443,0.654800806802817,1.21225355017831,-1.29768149439676,-0.555699666843471,-0.374929094047427,-0.0603310372145974
"Columbina passerina",2,6,NA,NA,0.0664002601905051,-0.567624422571844,-0.866398981122868,-0.30363454505882,-0.342595274630809,-0.520546358270803,0.0646928035583299,-0.996799150017601,-0.0827059212453768,-0.0504846090567007,-0.467095494081758,0.432145467673745,0.606260656425296,0.0904970282643068
"Columbina talpacoti",0,62,NA,1,0.264910366635762,-0.55031547940495,-0.722837687629432,-0.228372631423004,-0.220877962600609,-0.446278717786251,-0.29120265674374,-0.718098543774778,0.330780834471439,-0.00120867618021876,-0.401107198124147,0.424424820500539,0.67007853603342,0.0732542419196566
"Conirostrum leucogenys",2,5,NA,NA,-1.16196622189195,-0.729174558796189,-0.770691452127244,-0.705996314111832,-0.874617719149911,-0.588625028714975,-0.148844472622912,-2.00599564536493,0.0482569204301004,-0.3732114728054,-0.0311389218202234,0.0506863742936002,-0.172714856253924,-0.248082860672994
"Contopus cinereus",1,2,NA,NA,-0.779166946225075,-0.492619002181969,0.0428225443355568,-0.467184472767418,-0.326889815014009,-0.650514729118768,-0.0647237274606048,-1.05809172192141,0.0245480602319096,0.323775728162522,0.284256844243294,-0.147169100046588,-0.316411048198044,-0.179445659286273
"Contopus virens",0,2,NA,1,-0.642079522254397,-0.544545831682651,0.0428225443355568,-0.312318612016798,-0.281736618615709,-0.582436058674596,0.427059090411347,-0.905299062594033,-0.479487282645284,0.43658272921031,0.172065921889471,0.0878622392928471,-0.338723709913479,-0.0985943070635942
"Coragyps atratus",0,11,NA,1,3.07760714248506,2.09218317740756,2.07660753549256,4.45089211443451,2.0210763976976,3.24853639632019,-0.653568943596757,7.35361620385424,0.426528838924721,-0.27932371470886,-0.051859196268036,1.13824183289337,0.184385399865447,-1.34246021602502
"Corapipo leucorrhoa",2,1,NA,NA,-0.772661533977914,-0.781101388296872,-0.698910805380527,-0.645207845405981,-0.825538157847411,-0.539113268391941,-0.362381748804154,-1.74590530635856,0.333175960569849,-0.304447020557214,0.014700834808408,0.212923968993432,0.0360418562634198,-0.140678552503103
"Coryphospingus pileatus",0,10,NA,1,-0.569350730835511,-0.683017377017805,-0.363934453895844,-0.562709209305184,-0.38774847102911,-0.402955927503596,-0.388265055007941,-1.20179269894212,0.436948762807239,0.00242715784190573,-0.0199464010597883,0.0885851423311033,-0.0987840856352431,-0.0318764020840257
"Crotophaga ani",0,34,NA,1,0.926344752045853,0.395906747051931,0.90419030529617,0.599508418570963,2.0328554924102,0.754381470047331,0.0258678442526496,2.40154727242904,0.211661892445968,1.10060481059885,-0.76778270826978,-0.330121735844484,-0.366793612933622,0.33351675664886
"Crotophaga major",1,21,NA,NA,1.15207672086578,1.35366826895341,1.81341183075459,1.3173912870972,3.4384941281138,1.07620791214705,-0.0453112478077645,4.31137585840476,0.237360794139039,1.73285438460914,-0.953091471234848,-1.188134609005,-0.72541171023997,0.021477137295778
"Crotophaga sulcirostris",0,3,NA,1,0.703021622685598,0.182429781326903,0.808482776300546,0.386748778100485,1.6814458334843,0.630602069239745,-0.330027616049421,1.89155308486832,0.587426626598918,0.931581726951843,-0.566487567813873,-0.296705270700741,-0.375050647903705,0.264039991320425
"Crypturellus soui",0,5,NA,1,1.43777065457112,0.0266492928248558,-0.459641982891467,0.360696577226549,-0.57228762152651,0.791515290289607,0.0646928035583299,0.746210407346855,-0.09683389918848,-0.74163167558402,-0.0667395901531498,1.12845802056131,0.96621040693223,0.545511372897157
"Cyanocorax affinis",2,37,NA,NA,1.4229029256968,0.845939269391179,1.45450859702101,0.943976407904117,1.6284399072776,1.63940418582157,-0.918872832185574,3.39089888259147,1.14522226903829,0.39493964559282,0.00569195115525066,-0.196437675518063,-0.36009250193859,0.292489866654939
"Cyanoloxia cyanoides",0,2,NA,1,0.00162329755632422,-0.238754502400855,0.975970952042887,-0.332581434918749,-0.201246138079609,-0.155397125888424,-0.685923076351491,0.122463930964474,0.791521101406936,0.482611313796384,1.01981696168986,-0.101573356974776,-0.342929199936328,0.133521204225386
"Cyclarhis gujanensis",2,34,NA,NA,-0.0899771441821138,-0.331068865957624,-0.0768118669089728,-0.381791147680628,-0.254252064286309,-0.0501846352019764,-0.621214810842024,-0.444908156316734,0.678904063530401,-0.0969762497243289,0.157575576819915,0.0529487706989192,0.0379227621460105,0.100340999112498
"Dacnis lineata",1,0,1,NA,-0.819417601471043,-0.625320899794824,-0.651057040882715,-0.623497678011034,-0.711673575625611,-0.588625028714975,0.0970469363130635,-1.65275337900992,-0.186891326659927,-0.180102426975769,-0.0492680436588219,0.112461258625901,-0.0321753289940163,-0.0793227854856565
"Dendrocincla fuliginosa",1,10,NA,NA,0.133948054223459,0.355519212995845,0.0667494265844628,0.0335967218093524,0.189427169888292,0.0674057955652301,-0.394735881558888,0.408518825585637,0.303136346168624,-0.0740779431984817,0.00550254973485233,-0.304240107227901,0.181986640169281,-0.0489275780044776
"Dendrocygna autumnalis",0,17,NA,1,2.38580600924292,1.56137558695614,2.91404841420427,2.00053788779152,-0.216951597696409,1.80031740687143,0.537063141777442,4.61195556094133,-0.791202592245363,0.159080833811564,2.39026913153967,0.918263316345696,-0.104295398849285,0.215579457539943
"Dendroplex picus",2,11,NA,NA,0.183227341299903,0.28051379260597,-0.316080689398032,-0.0633753592214095,0.124642148968992,-0.180153006049942,-0.427090014313622,0.0681001932661446,0.321981440044134,-0.135477563045485,-0.221526171789774,-0.272205822317297,0.506307987373043,-0.0513667596652552
"Donacobius atricapilla",1,7,NA,NA,0.0957952527897667,0.136272599548519,-0.363934453895844,-0.310871267523802,0.421082699236093,0.500633698391781,-0.957697791491254,0.189539337307998,1.0422626978527,-0.41262578804835,-0.522831813008665,-0.34967079700996,0.11582104973718,0.203610273788379
"Dryobates kirkii",2,3,NA,NA,-0.0899771441821138,-0.16374908201098,-0.196446278153502,-0.23850404287398,-0.364190281603909,-0.440089747745872,-0.446502493966462,-0.545149219964113,0.374858919416795,-0.0465108269178217,0.193249112373414,-0.0146134034830294,0.333691643737946,-0.113977257612668
"Dryocopus lineatus",0,2,NA,1,1.31224711974782,1.01325905333782,1.16738601003413,1.18857762722052,0.882430575479595,0.308775627140023,-0.155315299173859,2.62731707807073,0.0158190240307042,0.621314895335547,0.419362447591791,-0.119574521817022,0.422546193115312,-0.239181512903842
"Dysithamnus mentalis",2,0,1,NA,-0.589428087030185,-0.458001115848181,-0.459641982891467,-0.619155644532045,-0.67633629148781,-0.28536549673639,-0.860635393227053,-1.25863953451651,0.847647881076785,-0.439663159620762,0.180773789645541,-0.046604934411662,0.0613401079095242,-0.113851477723725
"Elaenia flavogaster",3,45,NA,NA,-0.203303637666482,-0.63686019523942,-0.26822692490022,-0.36442301376467,-0.126645204899809,-0.136830215767287,-0.517681586026876,-0.678077301853272,0.63403121034974,0.0467813877420619,-0.14400425128118,0.206774955636545,-0.0292378445980631,0.0418853587127272
"Empidonax traillii",4,0,1,NA,-0.669843647934301,-0.613781604350228,-0.0528849846600667,-0.522183563501283,-0.352411186891309,-0.322499316978665,-0.058252900909658,-1.02160646425301,0.0850400190143684,0.153123750369834,0.162955275878203,0.0502445732157031,-0.385516758242367,0.012132034792398
"Empidonax virescens",0,8,NA,1,-0.716496889855955,-0.602242308905632,-0.00503122016225508,-0.457053061316443,-0.35830073424761,-0.402955927503596,0.200580161128211,-1.0188216737084,-0.210334704431779,0.252000859796543,0.183811109160559,0.0751075790378325,-0.42967395524838,-0.0219057879130115
"Eucometis penicillata",2,12,NA,NA,-0.138889332257241,-0.331068865957624,0.0667494265844628,-0.200873086056072,-0.00492789286960837,-0.19871991617108,-0.401206708109835,-0.270924760781965,0.447150142149773,0.214546919951854,0.0794891241559127,0.00845986770777435,-0.059347214984695,-0.037098099528139
"Euphonia concinna",1,0,1,NA,-0.869248984168736,-0.850337160964448,-0.507495747389279,-0.678496768744899,-0.811795880682711,-0.594813998755354,0.0776344566602235,-1.76677240014445,-0.1098967925699,-0.0736049637716826,0.107646030112436,0.25469844876142,-0.183311551478019,-0.0477408108226811
"Euphonia laniirostris",5,35,NA,NA,-0.584358664293232,-0.78687103601917,-0.124665631406785,-0.601787510616088,-0.784311326353311,-0.390577987422837,-0.0647237274606048,-1.31480295779582,0.0864107838659622,0.0101329127815306,0.403505788638184,0.326282628032659,-0.240110770585162,0.0740792986428359
"Euscarthmus meloryphus",0,4,NA,1,-1.1839351767175,-0.683017377017805,-0.770691452127244,-0.818889184565555,-0.747010859763411,-0.334877257059424,-0.892989525981787,-1.90412095695038,0.876818080926596,-0.597410822269533,-0.0612935492265111,-0.156370275384411,-0.218734468520775,-0.267609821704313
"Falco sparverius",4,6,NA,NA,0.956704320186555,-0.382995695458306,0.545287071562581,1.1552887038816,0.970773785824095,0.624413099199367,1.24885406238158,1.73922716894284,-1.13851737870181,0.961713327207332,-0.599092635877658,1.07330888578275,-0.281089045698543,0.0855198321715024
"Fluvicola pica",1,3,NA,NA,-0.734759842805754,-0.423383229514392,-0.340007571646938,-0.559814520319191,-0.55854534436181,-0.180153006049942,-0.491798279823089,-1.15040393502233,0.457850458019844,-0.341522089121237,0.131314899524069,-0.071658260006202,-0.201148198290644,-0.0975364791059285
"Formicivora grisea",5,21,NA,NA,-0.861926454997784,-0.475310059015075,-0.579276394135997,-0.7190224145488,-0.55461897945761,-0.1925309461307,-1.10005597561208,-1.41051715695168,1.11007339791302,-0.557413415572234,0.00160141169130137,-0.234854237821912,-0.103642067124359,-0.191974152968711
"Forpus conspicillatus",4,20,NA,NA,-0.155920967513929,-0.590703013461036,0.832409658549452,-0.367317702750663,-0.750937224667611,-0.848561770410905,0.905900255181405,-0.650466773840138,-0.955535770582622,0.908124204785186,1.15774351621945,0.417219601418203,-0.283504301981175,0.251685519247609
"Furnarius leucopus",0,2,NA,1,0.3975756269022,0.0497278837140481,-0.483568865140373,-0.180610263154122,-0.307257990493009,0.413988117826471,-0.53062323912877,-0.0178385936460609,0.507168545832639,-0.65744001469226,-0.150524440030222,0.214496255599439,0.46993530776069,0.265593586443756
"Galbula ruficauda",5,16,NA,NA,-0.153055648889549,1.73446501862508,-0.172519395904596,-0.351396913327702,0.468199078086493,-0.761916189845595,-0.213552738132379,0.339192871590915,-0.266350238218315,-0.161339409028779,-0.0372992424100641,-1.80140310294286,0.804492431895268,-0.123453526187187
"Geothlypis philadelphia",2,5,NA,NA,-0.772661533977914,-0.648399490684016,-0.674983923131621,-0.630734400476017,-0.57425080397861,-0.0935074254846314,0.0582219770073833,-1.42745821669214,-0.0760576835044609,-0.376625173314989,-0.238915867400037,0.19582710834255,-0.246488883767939,0.0898869199759995
"Geotrygon montana",0,4,NA,1,1.07466425034605,-0.244524150123153,-0.627130158633809,0.490957581596229,-0.0147438051301084,0.203563136453574,0.174696854924425,0.470879727202216,-0.17759685419353,-0.14211672063839,-0.592012464796134,0.938997929271655,0.895000510538182,0.158713556427306
"Glaucis hirsutus",0,2,NA,1,-1.1839351767175,0.540147940109383,-0.698910805380527,-0.633629089462009,-0.745047677311311,-1.2075220327529,2.29065713708401,-1.64757146872552,-2.90741987477953,-0.0115318723917763,-0.0426964176307404,-0.620442914065775,0.0847556902258243,0.0527350884582117
"Habia cristata",2,0,1,NA,0.273103699120506,-0.157979434288682,0.210310720077898,-0.0865328711093528,0.159979433106792,0.0364609453633336,-0.56944819843445,0.256759149477553,0.655798841635316,0.199200508460762,0.101573515635841,0.0364644821451047,0.0860110177952784,0.101834613421143
"Habia gutturalis",0,1,NA,1,0.0875123739147249,-0.238754502400855,0.329945131322428,-0.0923222490813384,0.279733562684893,0.0797837356459886,-0.55003571878161,0.253181928367293,0.666803995412534,0.310751590935721,0.0841673680438302,-0.0202931284400836,-0.164843489744007,0.0561674490060892
"Hafferia immaculata",5,0,1,NA,0.28282018956128,-0.065665070731913,-0.220373160402408,-0.315213301002791,0.0677098578580919,0.618224129158987,-1.1712350676725,0.16509613455906,1.3096315189527,-0.519324873187148,-0.173194216322848,-0.0259243708196817,0.146838763835515,0.275401673064898
"Heliomaster longirostris",1,0,1,NA,-1.20656001723816,0.649771246833046,-0.818545216625056,-0.639418467433995,-0.909955003287711,-1.18895512263177,2.64655259738608,-1.735061303602,-3.34360044436575,-0.150749677181365,-0.0495225237685866,-0.575386880415842,0.132650359365858,0.114418807965496
"Hemithraupis flavicollis",0,1,NA,1,-0.7045615900641,-0.590703013461036,-0.483568865140373,-0.501920740599333,-0.46823895156521,-0.489601508068906,-0.220023564683326,-1.31634793023655,0.186650684027307,-0.0808188282915913,-0.0630842155030038,0.0436502396756055,-0.0660377877963483,-0.150049150840996
"Hemitriccus margaritaceiventer",2,6,NA,NA,-1.02378911279695,-0.544545831682651,-0.579276394135997,-0.775468849775661,-0.642962189802111,-0.260609616574872,-1.00946440389883,-1.5992831758452,1.00642672838969,-0.542822032026445,0.0499594269516309,-0.236268298279784,-0.200301931935418,-0.221126341498322
"Henicorhina leucosticta",1,19,NA,NA,-0.62589650439643,-0.37145640001371,-0.627130158633809,-0.700206936139846,-0.906028638383511,-0.0687515453231143,-0.938285311838414,-1.37022758315756,0.890087789904178,-0.813068993019475,0.200456211102274,-0.0240157367131311,0.0915621883565363,-0.0518145236038128
"Herpetotheres cachinnans",0,8,NA,1,2.24059253245479,0.545917587831681,1.55021612601663,2.4578987475784,2.7867175540166,2.18403354937495,-0.355910922253208,5.06758632876048,0.704135006960282,1.05199014456371,-1.01734658475662,0.723936168286114,-0.391114878046419,-0.201940736241042
"Hylophilus flavipes",0,91,NA,1,-0.772661533977914,-0.561854774849546,-0.531422629638185,-0.669812701786921,-0.62921991263741,-0.248231676494114,-0.815339607370426,-1.41038603760689,0.821005336603992,-0.444166545881723,0.0563725574994579,-0.0576303126340569,-0.0908892622700629,-0.133758071335897
"Hypnelus ruficollis",0,7,NA,1,0.325065693618734,0.684389133166834,1.16738601003413,-0.216793875479033,0.103047141995892,-0.272987556655631,-0.116490339868178,0.848455550299613,0.00773013837612864,0.571450153182859,1.07170176191114,-0.657202990339406,-0.0202823160166158,0.284053940902052
"Icterus auricapillus",2,1,NA,NA,-0.00540496802195822,-0.16374908201098,-0.411788218393655,-0.153110717787189,0.258138555711793,-0.124452275686528,-0.194140258479539,-0.21269465881874,0.202656437893312,0.0565772671884762,-0.502679898609068,-0.0472339490467735,0.208031750805079,0.0317983025512169
"Icterus chrysater",3,7,NA,NA,0.377962217655302,0.113194008659327,-0.00503122016225508,-0.0923222490813384,0.403414057167193,0.172618286251678,-0.388265055007941,0.450926524796896,0.435552070914745,0.0818669300524076,-0.238218724662044,-0.133426829162205,0.209783280978622,0.226643777499723
"Icterus galbula",0,1,NA,1,0.00858698397748509,-0.152209786566384,-0.26822692490022,-0.151663373294193,-0.0736392786931086,-0.0130508149597008,0.194109334577265,-0.231688149186031,-0.238497997520669,-0.0356670975809047,-0.209052911365307,0.150745049508149,0.103621388119377,0.152988265973019
"Icterus nigrogularis",0,9,NA,1,0.162768099868809,0.0901154177701344,0.0428225443355568,-0.132847894885239,0.150163520846292,0.0797837356459886,-0.355910922253208,0.213210015739441,0.351983779032607,0.0104216614721171,-0.0202947504417127,-0.141254501365911,0.118311648863737,0.127534810749509
"Jacana jacana",0,15,NA,1,0.899012007993615,0.592074769610065,-0.483568865140373,0.382406744621496,-0.66652037922731,1.87458504735598,-0.284731830192794,1.06843284724419,0.142853112687462,-1.7514718206927,-0.0842717306246601,0.728613817315037,0.352879201051302,0.45772815972224
"Laterallus albigularis",0,5,NA,1,0.286031532812767,-0.146440138844086,-0.770691452127244,-0.415080071019546,-0.996335031180112,0.191185196372816,-0.504739932924982,-0.739570019529795,0.420660592169767,-0.968518809407705,0.115546130637836,0.454261121807277,0.68767393224295,0.296063914153248
"Legatus leucophaius",0,10,NA,1,-0.287239424610136,-0.619551252072526,0.0428225443355568,-0.34850222434171,-0.42897530252321,-0.526735328311182,0.0711636301092767,-0.822871883690013,-0.0588380469775052,0.344146504799359,0.315637749488184,0.26993524631182,-0.0785562747081306,0.0238806043156916
"Leistes militaris",0,5,NA,1,0.297165271585005,-0.204136616067066,-0.148592513655691,-0.208109808521054,-0.38578528857701,0.345909447382298,-0.362381748804154,-0.081516562066911,0.39426189328814,-0.370897795117584,0.126719269075424,0.363854961286807,0.182735268681296,0.29536254040808
"Lepidocolaptes albolineatus",3,0,1,NA,-0.355047642174683,0.0208796451025578,-0.603203276384903,-0.289161100128855,-0.0206333524864084,-0.477223567988148,-0.058252900909658,-0.6884058357921,-0.084521681752167,-0.0914570666769533,-0.398681745412978,-0.304774235603241,0.312253084947431,-0.129887003619524
"Lepidocolaptes souleyetii",0,19,NA,1,-0.176287379691892,0.517069349220191,-0.483568865140373,-0.1487686843082,0.146237155942092,-0.254420646534493,-0.213552738132379,-0.142279338729225,-0.00299693906530946,-0.272901702880452,-0.358251520861167,-0.590217651945118,0.416630828887835,-0.142702052804259
"Leptopogon amaurocephalus",0,11,NA,1,-0.772661533977914,-0.573394070294142,-0.555349511887091,-0.577182654235148,-0.42701212007111,-0.563869148553458,-0.368852575355101,-1.41811125317923,0.338908831202682,-0.0973201957317981,-0.116998927008981,-0.0759646127566081,-0.0277916831015962,-0.180441954844045
"Leptotila verreauxi",0,52,NA,1,1.14488814242642,-0.244524150123153,-0.603203276384903,0.493852270582222,0.491757267511693,0.253074896776609,-0.148844472622912,0.735202338966245,0.247950499477908,0.0588968339913256,-0.898627029972621,0.734112964692837,0.860681566209482,0.159463577056333
"Loriotus luctuosus",0,8,NA,1,-0.692811341151788,-0.561854774849546,-0.292153807149126,-0.585866721193127,-0.45253349194841,-0.390577987422837,-0.440031667415515,-1.20954531375969,0.447795819845352,-0.0766954879456716,0.103979186024897,-0.0448266802590558,-0.1684378384506,-0.0855351120053833
"Machaeropterus striolatus",0,2,NA,1,-0.946650464449722,-0.809949626908362,-0.651057040882715,-0.749416648901725,-1.07093596435991,-0.601002968795733,-0.2717901770909,-1.98508423847391,0.20621635052947,-0.367899098929433,0.222197414406991,0.213377527098009,-0.0582114560552139,-0.14234806932336
"Machetornis rixosa",0,1,NA,1,-0.0692121226890127,-0.0887436616211053,-0.124665631406785,-0.127058516913253,0.00685120184299184,0.383043267624574,-0.414148361211728,0.0136178544010541,0.430674808372586,-0.281615135081325,-0.137174766125762,0.0238471679320663,-0.112374597525241,0.0716668196866802
"Manacus manacus",2,26,NA,NA,-0.502994233454077,-0.706095967906997,-0.411788218393655,-0.729153825999775,-0.868728171793611,-0.167775065969183,-0.55003571878161,-1.38718939146054,0.593511239165717,-0.406272382127543,0.276113493404101,0.268137145040843,-0.0499034234260861,0.133887273292106
"Megaceryle torquata",1,1,NA,NA,1.72780813603964,3.4538200398699,2.10053441774147,1.28410236375828,0.847093291341795,-0.576247088634216,0.00645536459980937,3.9265143389144,-0.783337186287588,0.640037967859043,1.73453936527512,-1.92357047786299,1.36432819054694,-0.391971599219328
"Megarynchus pitangua",0,11,NA,1,0.58202401264122,0.574765826443171,1.86126559525241,0.158068348207047,0.171758527819392,-0.272987556655631,-0.0711945540115514,1.44921291359342,0.0141912669773811,1.03651754619822,1.54882345341595,-0.404360973090953,-0.218808222202552,0.163106624603823
"Megascops choliba",0,1,NA,1,1.0638331960563,-0.111822252510297,0.210310720077898,0.871609183254295,0.279733562684893,0.395421207705333,-0.220023564683326,1.27406724372528,0.260724414075846,0.195250651664442,-0.11168686939639,0.785502614958826,0.452105528506735,-0.135036279125132
"Melanerpes rubricapillus",6,43,NA,NA,0.362187505102258,-0.0310471843981248,-0.100738749157879,0.0335967218093524,-0.344558457082909,-0.211097856251838,0.0258678442526496,-0.0274617824335624,-0.126875209226229,-0.0239334599725416,0.190277481320539,0.287431222524157,0.468015540165643,0.0557615088237108
"Melanospiza bicolor",3,4,NA,NA,-0.90696203168755,-0.75802279740768,-0.459641982891467,-0.721917103534793,-0.756826772023911,-0.45246768782663,-0.627685637392971,-1.66599498293225,0.637831890026705,-0.267699661489398,0.181710550605134,0.0412264828407721,-0.18537260414024,-0.159364112004674
"Microcerculus marginatus",0,9,NA,1,-0.437807150947392,-0.261833093290047,-0.651057040882715,-0.635076433955006,-1.03756186267421,-0.00686184491932138,-0.828281260472319,-1.25107046193519,0.739299437370399,-0.927958884399044,0.273536734432149,0.0775991181331871,0.244553663336065,0.0118291943367511
"Milvago chimachima",1,25,NA,NA,1.7234924756208,0.390137099329633,1.23916665678085,2.65329025413292,2.382301968884,1.59608139553892,0.355879998350933,4.34915258327031,-0.212289945888288,1.11548932322478,-1.04181881084294,0.886530467264782,-0.365026011553166,-0.648947368444294
"Mimus gilvus",1,1,NA,NA,0.357827708572445,-0.048356127565019,-0.244300042651314,0.0466228222463203,0.758750080997294,0.581090308916711,-0.103548686766285,0.614646744242075,0.222040050691182,0.0391780352343943,-0.818829962292903,0.0582560923866681,-0.0173291899859069,0.300644560908261
"Mionectes oleagineus",1,25,NA,NA,-0.805761810875825,-0.688787024740103,-0.459641982891467,-0.60902423308107,-0.56639807417021,-0.471034597947768,-0.472385800170249,-1.47127616820929,0.474211979876671,-0.147143927486299,0.0393404093670516,0.0277815611639649,-0.137259566314082,-0.164437414457561
"Mniotilta varia",1,0,1,NA,-0.826338890427876,-0.57916371801644,-0.770691452127244,-0.488894640162365,-0.59780899340381,-0.390577987422837,0.0711636301092767,-1.51229389785185,-0.16704869383883,-0.315525887155199,-0.259381870879891,0.136738464685127,-0.0635762096383126,-0.149605168388321
"Molothrus bonariensis",0,1,NA,1,0.186888584523737,-0.232984854678557,0.0906763088333687,0.105963946459175,0.110899871804292,0.116917555888264,0.187638508026318,0.225673781947198,-0.170405667131578,0.221985146396259,-0.0913183934864207,0.310155543948336,-0.0549113483339988,0.0992136800203964
"Momotus aequatorialis",0,1,NA,1,1.2000940566629,1.22673601906285,1.21523977453195,0.755821623814579,4.0137065865791,0.296397687059264,-0.452973320517409,3.69356801503805,0.765818897347555,2.14791396750686,-1.65383465808743,-1.70142465086982,-0.158285514127167,0.1944400673101
"Momotus momota",1,0,1,NA,0.959345005343874,1.0824948260054,0.856336540798358,0.574903562190023,3.4718682297995,0.296397687059264,-0.375323401906048,3.0612399369974,0.624674701289697,1.72747478582068,-1.5931187714007,-1.51897235823149,-0.108783134446468,0.19632304392637
"Momotus subrufescens",4,1,NA,NA,0.831119415592676,1.00171975789323,0.760629011802734,0.314381553450663,2.7081902559326,0.284019746978505,-0.401206708109835,2.49702422867605,0.583890862621405,1.30367126515943,-1.12440275696171,-1.33227588057398,-0.0415191919112342,0.291861060678704
"Myiarchus apicalis",5,12,NA,NA,-0.0795235181239724,-0.123361547954893,0.306018249073522,-0.219688564465026,0.230654001382392,-0.0811294854038728,-1.03534771010261,0.0801221821303922,1.13087145125039,0.203975161381629,0.19971007283523,-0.317376587389866,-0.08672455385083,-0.0924659548422798
"Myiarchus crinitus",0,1,NA,1,-0.00776228212591097,-0.059895423009615,0.569213953811487,-0.0546912922634309,0.216911724217692,-0.112074335605769,-0.194140258479539,0.310865949228317,0.21924949347085,0.480413368984131,0.335199507823887,-0.149466862483837,-0.239419867700371,0.0160840870500222
"Myiarchus panamensis",0,5,NA,1,-0.0172655523927046,-0.123361547954893,0.37779889582024,-0.176268229675132,0.226727636478192,-0.0378066951212178,-0.465914973619302,0.168317177302804,0.53528570944602,0.326841442619236,0.190132392568999,-0.173726848518274,-0.176792808169384,0.0582200595341025
"Myiodynastes maculatus",0,14,NA,1,0.21731507875888,0.147811894993115,1.07167848103851,0.0625436116692814,0.165868980463092,-0.248231676494114,-0.220023564683326,0.715275205016475,0.211746965905607,0.719380326726902,0.840993128600835,-0.224135036443832,-0.19295363261553,0.00265432917523869
"Myiopagis gaimardii",0,5,NA,1,-0.753473778139228,-0.717635263351593,-0.531422629638185,-0.655339256856956,-0.47609168137361,-0.359633137220941,-0.388265055007941,-1.44098386471985,0.421540134137364,-0.160300068150073,-0.108038455477925,0.06159048262222,-0.158751176512112,-0.0456824010666133
"Myiopagis viridicata",3,14,NA,NA,-0.785728683088471,-0.688787024740103,-0.555349511887091,-0.616260955546052,-0.42701212007111,-0.415333867584355,-0.349440095702261,-1.43703755657864,0.364906706955262,-0.127009552992656,-0.158210562005843,0.0224890522434704,-0.145297334798955,-0.10049445121251
"Myiophobus fasciatus",0,1,NA,1,-0.899267794297169,-0.584933365738738,-0.244300042651314,-0.62928705598302,-0.44860712704421,-0.440089747745872,-0.388265055007941,-1.32928626242492,0.384423572798568,-0.0318042455709001,0.131951506786978,-0.132413177361047,-0.323489233211904,-0.143922677681247
"Myiothlypis fulvicauda",0,8,NA,1,-0.589428087030185,-0.544545831682651,-0.38786133614475,-0.568498587277169,-0.53695033738871,-0.0687515453231143,-0.58886067808729,-1.10880221238721,0.616920492152473,-0.36262039999179,0.0587726134376038,0.0724470966934321,-0.160153270753456,-0.00876505761630816
"Myiozetetes cayanensis",2,42,NA,NA,-0.170412343500738,-0.538776183960353,-0.172519395904596,-0.267450932733909,-0.110939745283009,-0.19871991617108,-0.582389851536343,-0.547831290339069,0.669596659312,0.0866000549982912,-0.0506328187577375,0.148789880368763,0.0160658041656334,-0.054755667768376
"Myiozetetes similis",0,4,NA,1,-0.111327172167713,-0.365686752291412,-0.148592513655691,-0.225477942437012,-0.156092941681309,-0.248231676494114,-0.517681586026876,-0.456921045165466,0.546842385818803,0.049856962018903,0.0287243834943607,0.0776398028713288,0.119888526278106,-0.0702120778965663
"Myrmeciza longipes",4,23,NA,NA,-0.114038716646612,-0.198366968344768,-0.435715100642562,-0.546788419882223,-0.47020213401731,0.345909447382298,-1.16476424112155,-0.586329337659788,1.2202431855083,-0.756595740610804,0.0506254559442519,-0.016862607927208,0.15786536696405,0.160294329619631
"Notharchus hyperrhynchus",2,0,1,NA,0.821694930952592,1.52675770062235,2.45943765147505,0.175436482123004,0.240469913642892,-0.229664766372976,0.122930242516851,2.25490843527703,-0.367623803209626,1.0328233948899,2.12581484877992,-1.03018816973967,-0.131229058718952,0.323768325372292
"Notharchus tectus",0,1,NA,1,-0.144524123072185,0.0670368268809421,0.593140836060393,-0.445474305372471,-0.45842303930471,-0.662892669199526,0.129401069067797,-0.343261533588107,-0.252012998016563,0.43408208025633,0.927548760986019,-0.268059848463664,0.00177015837135494,0.153339100881698
"Nyctibius griseus",0,1,NA,1,1.26443729677382,0.28051379260597,-0.244300042651314,2.22632362869897,2.0564136818354,-0.817616920209009,1.25532488893253,2.22592784745886,-1.45776573513712,1.6448198427244,-1.75701563472794,0.497626242110174,1.05937001236108,-1.10429438167366
"Nyctidromus albicollis",0,1,NA,1,0.437969336077571,-0.434922524958989,-0.26822692490022,0.699375188587718,1.1612024836778,-0.0935074254846314,0.73765876485679,0.71721687736283,-0.653502324316621,0.90323496850092,-1.22641279027623,0.484740275479831,0.102014063322991,-0.154159867885839
"Nystalus radiatus",1,0,1,NA,0.478807544583979,0.384367451607335,1.07167848103851,-0.158900095759175,0.0225566614597918,-0.415333867584355,-0.103548686766285,0.70401600370187,0.050333171556705,0.700777273731544,1.02483639792264,-0.347358233473306,0.122478431836393,0.273783525962173
"Ortalis columbiana",0,5,NA,1,2.14223430617565,0.401676394774229,0.401725778069146,1.78054152485606,3.7859774221355,2.41302544086898,-0.808868780819479,4.58733647846817,1.39349250424954,0.851860598155982,-2.61877215999573,0.220479878807366,-0.201257240273443,0.264710566602939
"Pachyramphus cinnamomeus",0,2,NA,1,-0.355047642174683,-0.4003046386252,0.353872013571334,-0.370212391736656,-0.346521639535009,-0.242042706453735,-0.239436044336167,-0.500233960589045,0.263884417432016,0.237717250924,0.536617263596981,0.0271571948673989,-0.31762630373563,0.032421430143628
"Pachysylvia semibrunnea",0,2,NA,1,-0.792347728422793,-0.446461820403585,-0.507495747389279,-0.58441937670013,-0.52909760758031,-0.353444167180562,-0.763572994962852,-1.31962491551309,0.728832401775222,-0.365818638083887,0.0262372780037216,-0.167477032622513,-0.0517869209132301,-0.230145991744023
"Parkesia noveboracensis",1,1,NA,NA,-0.521367881777388,-0.284911684179239,-0.627130158633809,-0.415080071019546,-0.53302397248451,-0.0378066951212178,0.232934293882945,-1.00840815817474,-0.348756522630633,-0.448469508812305,-0.203832311435653,0.137837316362718,-0.0384627669684017,0.074616846895248
"Patagioenas cayennensis",0,20,NA,1,1.48136223359382,0.04395823599175,-0.363934453895844,1.12489446952867,0.699854607434294,-0.0130508149597008,0.692362979000163,1.39769475328454,-0.75265213787955,0.496505151933662,-0.892726286481147,0.897370745553291,1.06371497154647,-0.06500812937285
"Phaeomyias murina",3,7,NA,NA,-0.891650887234226,-0.723404911073891,-0.507495747389279,-0.678496768744899,-0.49179714099041,-0.303932406857527,-0.58886067808729,-1.49092303126317,0.629064060512903,-0.238828430557586,-0.069282779020176,-0.0154129620391719,-0.260501047821661,-0.124465935396988
"Phaethornis anthophilus",0,15,NA,1,-1.29153101247472,0.730546314945218,-0.91425274562068,-0.656786601349953,-0.277810253711509,-1.17038821251063,2.25830300432927,-1.53538284942489,-2.87564951383169,0.00669412330831487,-0.523531629643583,-0.960794878116974,0.0782268971703152,0.0286567632640811
"Phaethornis guy",0,4,NA,1,-1.24181641471807,1.0767251782831,-0.674983923131621,-0.627839711490024,-0.248362516930009,-1.17038821251063,2.56243185222377,-1.2456143566304,-3.26802877740299,0.0642756756871426,-0.326537711898226,-1.16061035594448,0.0501028275796607,0.104961653896898
"Phaethornis striigularis",0,3,NA,1,-1.80411282786346,-0.00219894578663451,-0.890325863371774,-0.918755954582309,-0.798053603518011,-1.21371100279328,2.7047900363446,-2.40132472367949,-3.24487903855247,0.087492445266674,-0.301738904231818,-0.474617829026619,-0.457338555988612,0.10723399138314
"Pheugopedius fasciatoventris",2,9,NA,NA,-0.228154253277111,-0.204136616067066,-0.507495747389279,-0.512052152050308,-0.48394441118201,-0.0625625752827349,-0.854164566676106,-0.809243751757739,0.836763483097521,-0.538562906009153,0.0204943973917874,-0.0663932919196982,0.267825882936321,0.0299001597013925
"Pheugopedius mystacalis",0,2,NA,1,-0.0847323075169625,-0.238754502400855,-0.507495747389279,-0.551130453361212,-0.34848482198711,0.042649915403713,-0.990051924245988,-0.684586636188092,1.03696620171161,-0.514187339488176,-0.0715818669236507,-0.0520481504390354,0.295318474144692,0.138745796476214
"Pheugopedius sclateri",0,5,NA,1,-0.366331362372109,-0.336838513679922,-0.746764569878338,-0.611918922067063,-0.43290166742741,-0.155397125888424,-0.808868780819479,-1.09606341468876,0.808368333872683,-0.53705054545483,-0.221913364268715,-0.0740604775252363,0.276045873315527,0.0250679970797591
"Phimosus infuscatus",0,18,NA,1,2.15771148156437,5.27702872011608,0.975970952042887,2.35513728857565,0.633106404062894,2.13452178905191,0.653538019694483,5.70898123300489,-1.93666795328011,-2.08981248816176,0.702436684801363,-1.78409790108317,1.50867801839417,-0.344801397000357
"Phyllomyias griseiceps",0,2,NA,1,-1.14061619390635,-0.850337160964448,-0.579276394135997,-0.737837892957754,-0.62529354773321,-0.582436058674596,-0.414148361211728,-1.86894372097588,0.415168450895361,-0.144416276205895,-0.0380286525833306,-0.0178752362535004,-0.302334054413061,-0.237750223841754
"Phyllomyias plumbeiceps",0,2,NA,1,-0.869248984168736,-0.856106808686746,-0.674983923131621,-0.619155644532045,-0.42897530252321,-0.489601508068906,-0.284731830192794,-1.62490904562751,0.318292329882093,-0.0802136191088196,-0.281443806711097,0.11665624987545,-0.165471837907458,-0.14382771313874
"Piaya cayana",0,3,NA,1,0.86843073465584,0.465142519719508,0.569213953811487,0.627007963937895,3.9665902077287,0.68011382956278,-0.860635393227053,3.0051111107227,1.36565887884934,1.78387784398099,-2.29150660052829,-1.24264046968947,-0.407000259349938,0.141984223902822
"Picumnus olivaceus",3,9,NA,NA,-0.847490287597661,-0.775331740574574,-0.603203276384903,-0.726259137013782,-0.992408666275912,-0.700026489441802,-0.575919024985397,-1.89248425078113,0.531713628232381,-0.306532862492603,0.263721103814138,0.129394902157059,0.0699457105124429,-0.210802473154822
"Pionus menstruus",0,29,NA,1,1.55088289651252,0.182429781326903,2.02875377099475,1.09884226865474,-0.0402651770074084,-0.464845627907389,0.304113385943359,2.12064536696259,-0.354223512478369,1.44673948163461,1.72816211491441,0.718727528988384,0.36309537915203,-0.112682284944551
"Pionus tumultuosus",2,0,1,NA,1.51375502190074,0.332440622106653,1.86126559525241,1.18568293823452,0.0441516684328918,-0.28536549673639,0.750600417958684,2.21837507759977,-0.866663179384138,1.32322957122348,1.46908257678045,0.728509029625351,0.311111555414151,-0.0569150314206451
"Piranga rubra",4,11,NA,NA,-0.0821234379066831,-0.261833093290047,0.545287071562581,-0.153110717787189,-0.112902927735109,-0.254420646534493,0.310584212494306,-0.0476425460955839,-0.315050330121988,0.539287922305724,0.486007476915453,0.108263847655694,-0.288377482277238,0.133832028006092
"Pitangus lictor",0,1,NA,1,-0.182208315068393,-0.0195078889535287,-0.0768118669089728,-0.228372631423004,-0.0559706366242084,-0.297743436817148,-0.465914973619302,-0.300597788263113,0.409528697027365,0.0242371501757274,0.0714784887268101,-0.247154951777928,0.13806923050276,-0.108698453141953
"Pitangus sulphuratus",1,33,NA,NA,0.502053340381823,0.320901326662057,0.952044069793982,0.134910836319104,0.152126703298392,0.135484466009402,-0.407677534660781,1.02642345020057,0.404698066199557,0.377752510514703,0.750637914102545,-0.145339729711067,-0.0387757208497844,0.122740118600388
"Platyrinchus mystaceus",0,1,NA,1,-0.914735185709793,-0.590703013461036,0.306018249073522,-0.69441755816786,-0.923697280452411,-0.483412538028527,-0.621214810842024,-1.31715078409532,0.605709050347484,-0.0190337934483207,0.954254451805143,-0.081411096421723,-0.474037648315588,-0.156110317953767
"Poecilotriccus sylvia",3,6,NA,NA,-1.15121602925855,-0.573394070294142,-0.292153807149126,-0.807310428621583,-0.880507266506211,-0.248231676494114,-0.847693740125159,-1.64453511691893,0.820795460405315,-0.503275441946827,0.424330642120571,-0.183805619252275,-0.422975529398639,-0.204550307994379
"Polioptila plumbea",2,35,NA,NA,-1.22988111492622,-0.642629842961718,-0.818545216625056,-0.810205117607576,-0.48983395853831,-0.45246768782663,-0.782985474615692,-1.86900714483535,0.76728744321384,-0.426733413720414,-0.272765626803658,-0.297012304864384,-0.219754889214682,-0.292203029768783
"Polyerata amabilis",0,1,NA,1,-1.53127544138276,-0.140670491121788,-0.986033392367398,-0.727706481506779,-0.939402740069211,-1.19514409267215,2.57537350532566,-2.32781171687854,-3.09639127240288,0.0192674145176223,-0.293594331281051,-0.150131155149074,-0.222573073675039,0.0403178587454641
"Psittacara wagleri",1,0,1,NA,1.35565802758467,0.320901326662057,2.57907206271958,1.33475942101316,1.5342071495768,-0.27917652669601,1.28120819513632,3.11863222388384,-1.20778074522169,2.54071610607697,0.920436209208392,0.218838858884414,-0.486735034110056,0.0260321918601062
"Pyrocephalus rubinus",1,0,1,NA,-0.61529666904423,-0.538776183960353,-0.172519395904596,-0.40929069304756,-0.38185892367281,-0.427711807665113,-0.129431992970072,-1.01362914287466,0.109725993257066,0.0939975419604928,0.115549847132449,0.0482053055889367,-0.195934577374305,-0.11942353718073
"Ramphocaenus melanurus",0,3,NA,1,-0.914735185709793,0.0324189405471539,-0.79461833437615,-0.758100715859704,-0.697931298460911,-0.112074335605769,-1.05476018975545,-1.38045995313525,0.902538592387106,-0.989222623176396,-0.00757399879879644,-0.543797457816215,0.0983331404649018,-0.201175288945357
"Ramphocelus dimidiatus",1,30,NA,NA,-0.111327172167713,-0.4003046386252,0.114603191082274,-0.381791147680628,-0.112902927735109,-0.130641245726907,-0.543564892230663,-0.368689075067254,0.638101536898707,0.156754538327598,0.205637679166089,0.0227587013214255,-0.0903141393871914,0.11323074538288
"Rupornis magnirostris",0,9,NA,1,1.60337219757413,0.153581542715413,1.0238247165407,1.71251633368523,1.6107712652087,2.34494677042481,0.232934293882945,3.60428337037269,0.0417240778255276,0.285236345189023,-0.739927918771356,1.07696585208843,-0.665957186288138,0.217468222569116
"Saltator coerulescens",0,2,NA,1,0.398957351757853,-0.0829740138988072,0.640994600558205,-0.0271917468964983,0.362187225673093,0.197374166413195,-0.640627290494864,0.705775742082811,0.784460085236458,0.409155852551958,0.307327732607994,-0.0341341042222038,-0.118686765765123,0.181943609114324
"Saltator maximus",0,9,NA,1,0.290823177057127,-0.175288377455576,0.664921482807111,-0.093769593574335,0.232617183834493,0.104539615807506,-0.485327453272142,0.512840084098212,0.618805750582506,0.456413308617577,0.400701242950315,0.0167709198056799,-0.189264938100517,0.196062103102362
"Saltator striatipectus",7,26,NA,NA,0.139800406651322,-0.244524150123153,0.593140836060393,-0.170478851703147,0.203169447052993,0.228319016615092,-0.58886067808729,0.379223931911221,0.744002582332296,0.32911414377734,0.343082148143338,0.00390307232400169,-0.317487170007961,0.194946365358157
"Schiffornis turdina",1,0,1,NA,-0.0172655523927046,-0.388765343180604,-0.292153807149126,-0.151663373294193,-0.183577496010709,-0.0935074254846314,-0.55003571878161,-0.408383289161163,0.585451280792926,-0.106066397245737,-0.0948337602857682,0.210383802430988,0.18885242493424,-0.0625372308883362
"Setophaga castanea",1,6,NA,NA,-0.766211487612605,-0.590703013461036,-0.555349511887091,-0.472973850739404,-0.49964987079881,-0.27917652669601,0.40117578420756,-1.31056951479528,-0.473318352922988,-0.141599171341131,-0.207092263312042,0.200843677416727,-0.2481140745613,0.00184470451644911
"Setophaga fusca",1,8,NA,NA,-0.914735185709793,-0.659938786128612,-0.627130158633809,-0.533762319445255,-0.58602989869121,-0.3720110773017,0.517650662124601,-1.53632459974841,-0.608780296456961,-0.142430727681556,-0.216873735485499,0.207296867356212,-0.293178888751336,-0.023206018160227
"Setophaga petechia",2,4,NA,NA,-0.876642953776505,-0.694556672462401,-0.651057040882715,-0.613366266560059,-0.662594014323111,-0.223475796332597,-0.0517820743587111,-1.5523774337419,0.0183660137749456,-0.357185327092913,-0.138574202406025,0.179873551780631,-0.247963123698346,-0.0404289976046902
"Setophaga ruticilla",2,1,NA,NA,-1.04205206574675,-0.659938786128612,-0.507495747389279,-0.587314065686123,-0.48001804627781,-0.409144897543975,0.0129261911507562,-1.53088592043513,-0.0596707280383494,-0.114760721146219,-0.133468932511553,-0.00688834975364546,-0.37182399873992,-0.15776405962063
"Sicalis flaveola",0,24,NA,1,-0.49397179506935,-0.723404911073891,-0.172519395904596,-0.47876322871139,-0.46431258666101,-0.254420646534493,-0.245906870887113,-1.03473128303021,0.305822471714109,0.0302541877538883,0.141904569464379,0.249010118711078,-0.224952652157777,0.0220934646080751
"Sipia palliata",0,3,NA,1,-0.197216248526114,-0.19259732062247,-0.363934453895844,-0.51928887451529,-0.61547763547271,0.191185196372816,-0.912402005634627,-0.690434192386207,0.910998025581064,-0.681549323811944,0.202177361836669,0.0151552470113445,0.133932716669878,0.110610703340316
"Spinus psaltria",2,0,1,NA,-0.988532715317039,-0.781101388296872,-0.340007571646938,-0.603234855109084,-0.719526305434011,-0.693837519401423,0.10351776286401,-1.67993151277172,-0.162372146977514,0.0708944312008755,0.19086385170916,0.123529452952775,-0.293430333183134,-0.175229561409678
"Sporophila crassirostris",1,1,NA,NA,-0.332972026892492,-0.481079706737373,0.521360189313675,-0.516394185529297,-0.342595274630809,-0.310121376897907,-0.53062323912877,-0.53531330212517,0.622174386909953,0.347786753848317,0.714143277919455,-0.0444684183863813,-0.348487807026636,0.0920004736492562
"Sporophila funerea",1,4,NA,NA,-0.692811341151788,-0.642629842961718,0.186383837828992,-0.688628180195874,-0.55658216190971,-0.384389017382458,-0.582389851536343,-1.10997235183614,0.650944827603875,0.117839523811633,0.579300217776897,-0.0527045781180381,-0.400618015106079,0.00077884943709941
"Sporophila intermedia",0,18,NA,1,-0.747184315707861,-0.775331740574574,-0.172519395904596,-0.69441755816786,-0.62725673018531,-0.526735328311182,-0.511210759475929,-1.43210021509182,0.561251189443238,0.0349206888776455,0.326060986482187,0.0584001292286023,-0.229899602990865,-0.0681733759094514
"Sporophila minuta",1,1,NA,NA,-1.07995375691891,-0.838797865519852,-0.26822692490022,-0.771126816296672,-0.735231765050811,-0.489601508068906,-0.427090014313622,-1.721342087687,0.448702333600656,-0.0918681200004764,0.288765270640516,0.0156340597253812,-0.436529113915342,-0.141957739081782
"Sporophila nigricollis",0,8,NA,1,-0.922588891985224,-0.84456751324215,-0.26822692490022,-0.726259137013782,-0.66848356167941,-0.607191938836113,-0.627685637392971,-1.64169802200843,0.671514218607918,-0.00825322398834599,0.285233761130461,0.0142870537380018,-0.260355059311397,-0.183077001363393
"Sporophila schistacea",1,1,NA,NA,-0.710505745032612,-0.625320899794824,-0.172519395904596,-0.594550788151105,-0.723452670338211,-0.588625028714975,0.0323386708035962,-1.37411369047766,-0.0827773831797934,0.0585084685945757,0.360514882583965,0.118761142158485,-0.183676141970291,-0.032883180994803
"Stelgidopteryx ruficollis",0,1,NA,1,-0.530724492884075,-0.706095967906997,-0.38786133614475,0.0234653103583773,-0.51535533041561,-0.780483099966733,1.76004935990637,-1.12913357136342,-1.96242274765538,0.517862246423024,-0.182607947573394,0.691063988057607,-0.128260150883763,-0.0968145735288797
"Stilpnia cyanicollis",3,8,NA,NA,-0.489500538009386,-0.659938786128612,-0.38786133614475,-0.527972941473269,-0.59977217585591,-0.384389017382458,-0.161786125724806,-1.22950926123857,0.164303983978857,-0.0886702201219105,0.0868558387211897,0.239377857924976,-0.0268498534929747,0.0210846673346987
"Stilpnia nigrocincta",1,0,1,NA,-0.489500538009386,-0.659938786128612,-0.340007571646938,-0.496131362627347,-0.58014035133491,-0.514357388230423,-0.200611085030486,-1.22934048131136,0.196087102263036,0.00746446958939873,0.133860125676738,0.206230461544357,0.0140349406130505,-0.0477485744629976
"Stilpnia vitriolina",4,12,NA,NA,-0.260409158226354,-0.665708433850911,-0.0768118669089728,-0.426658826963518,-0.38774847102911,-0.19871991617108,-0.226494391234273,-0.786574633499171,0.30713613848971,0.0994175718243001,0.171729946826689,0.297115009113595,-0.139361564651613,0.119590428052248
"Streptoprocne zonaris",1,0,1,NA,0.746135191246026,-0.538776183960353,-0.196446278153502,1.59093939627353,-0.193393408271209,-0.0749405153634937,2.67243590358986,0.736788748017048,-2.95576318602855,0.634003316591505,-0.506401161405369,1.86451120264521,0.267002460809974,-0.356700397760108
"Ciccaba virgata",0,1,NA,1,1.64449670889803,0.534378292387084,0.688848365056017,1.99764319880553,1.4144530199987,1.05145203198554,-0.23296521778522,3.23747818137375,0.244652492125958,0.462352016776559,-0.5832233372083,0.672747162706534,0.362128624075192,-0.546065264379928
"Synallaxis albescens",0,7,NA,1,-0.805761810875825,-0.619551252072526,-0.722837687629432,-0.697312247153853,-0.00689107532170826,-0.272987556655631,-0.685923076351491,-1.31631201575358,0.772405627432142,-0.158479947496558,-0.5593296430714,-0.235416735129597,-0.155719801505934,-0.0719744467936185
"Syrigma sibilatrix",0,1,NA,1,2.01491067614427,2.62299076785898,1.0238247165407,2.71263137834577,0.525131369197393,3.97264589104456,0.368821651452827,5.39883460532323,-0.868901581557214,-2.10812599349327,0.0980217222892325,0.615815154045516,-0.170590067293107,-0.126961954836393
"Tangara gyrola",2,4,NA,NA,-0.329354474088836,-0.63686019523942,-0.316080689398032,-0.420869448991532,-0.50357623570301,-0.310121376897907,-0.213552738132379,-0.997508545070318,0.237681620683998,-0.0418257730159393,0.0745135801439832,0.293006875797886,0.0132401236343924,0.0261758165573529
"Tangara inornata",0,1,NA,1,-0.446181555198235,-0.642629842961718,-0.363934453895844,-0.445474305372471,-0.56443489171811,-0.415333867584355,-0.0194279416039775,-1.15053125578257,0.00543910041646657,-0.0188315730764055,0.0683005285930798,0.279297962029527,-0.010947618420769,0.00151298234713289
"Tapera naevia",0,1,NA,1,0.303454734016372,-0.227215206956259,-0.244300042651314,0.0495175112323133,1.3692998236004,0.271641806897747,-0.103548686766285,0.651015593425293,0.323126962901314,0.590069756558737,-1.23449362017794,-0.122872143780229,-0.0722437717807213,0.23277409043251
"Taraba major",2,0,1,NA,0.456107402173104,0.147811894993115,0.210310720077898,-0.17337354068914,0.077525770118592,0.624413099199367,-1.24241415973291,0.601527932534785,1.35549039152025,-0.37953429034245,0.210317448297994,-0.108289836785904,0.1270734887796,0.244499133639532
"Thalurania colombica",1,0,1,NA,-1.49682060492247,-0.19259732062247,-0.91425274562068,-0.727706481506779,-0.862838624437311,-1.2075220327529,2.83420656736353,-2.2777667432795,-3.33927213682835,0.175725635903426,-0.322826833755815,-0.0917006910912962,-0.29480385682666,0.129915834568213
"Thamnophilus atrinucha",0,33,NA,1,-0.240891962750488,-0.250293797845451,-0.172519395904596,-0.501920740599333,-0.41130666045431,-0.112074335605769,-0.983581097695041,-0.662692395782437,1.0107444803367,-0.31111001748248,0.256237288474183,-0.121656322978024,0.108654069897521,0.00124824433863158
"Thamnophilus doliatus",5,32,NA,NA,-0.138889332257241,-0.261833093290047,-0.124665631406785,-0.45415837233045,-0.277810253711509,0.172618286251678,-0.996522750796934,-0.423340042887905,1.07562997516704,-0.354575657437869,0.157627831991622,-0.0488305755043239,-0.0023460725158545,0.100962226705704
"Thamnophilus multistriatus",0,9,NA,1,-0.124982962762931,-0.215675911511662,-0.100738749157879,-0.448368994358464,-0.207135685435909,0.104539615807506,-0.970639444593147,-0.381575072149991,1.04255936950499,-0.281270443694138,0.142549084957729,-0.112949560481948,0.0245048019778907,0.0936581872818597
"Thamnophilus punctatus",3,0,1,NA,-0.389415660847677,-0.244524150123153,-0.292153807149126,-0.490341984655361,-0.46627576911311,-0.143019185807666,-0.92534365873652,-0.81055665643497,0.913396203103651,-0.396188619876605,0.188201333417582,-0.144812661476891,0.0882438755548223,-0.0867783740275815
"Thraupis episcopus",3,49,NA,NA,0.0577879416782824,-0.55031547940495,0.0667494265844628,-0.221135908958022,-0.256215246738409,-0.0811294854038728,-0.103548686766285,-0.338269646607397,0.18593483364872,0.191143150629063,0.181339172682243,0.404280032641936,-0.046761294886574,0.175450178218891
"Thraupis palmarum",0,15,NA,1,0.139800406651322,-0.504158297626565,-0.0528849846600667,-0.145873995322207,-0.130571569804009,-0.180153006049942,-0.161786125724806,-0.28488603557482,0.234721172079416,0.228865302279758,0.0217367010256987,0.36518437685305,0.117206119086955,0.105394587519919
"Threnetes ruckeri",0,3,NA,1,-1.3872459798599,0.557456883276277,-0.746764569878338,-0.665470668307931,-0.800016785970111,-1.13325439226835,2.43301532120483,-1.76892349324723,-3.08290534433301,-0.112043524944421,-0.0748790732185307,-0.659558062981755,-0.0676675782946464,0.0308068371653701
"Tiaris olivaceus",1,0,1,NA,-1.0148200628715,-0.84456751324215,-0.483568865140373,-0.762442749338693,-0.699894480913011,-0.415333867584355,-0.355910922253208,-1.74889324488527,0.377216621372947,-0.198315236149283,0.0697960183245951,0.0818794874699979,-0.338853411868159,-0.0927802609890123
"Tityra inquisitor",0,2,NA,1,0.215558702831648,0.147811894993115,1.31094730352757,0.045175477753324,-0.224804327504809,-0.124452275686528,0.135871895618744,0.700707073990159,-0.192088391787349,0.635343346808639,1.25514715189892,-0.0207156417641641,-0.350515178227208,0.131620516209096
"Todirostrum cinereum",2,30,NA,NA,-1.24181641471807,-0.515697593071161,-0.316080689398032,-0.86954624182043,-0.849096347272611,-0.27917652669601,-0.60827315774013,-1.70662228484209,0.552439417259113,-0.472482697826798,0.370675084724291,-0.260843656217157,-0.482845051902163,-0.147866095272463
"Tolmomyias sulphurescens",0,22,NA,1,-0.620578055388605,-0.596472661183334,-0.172519395904596,-0.572840620756159,-0.42308575516691,-0.310121376897907,-0.562977371883503,-1.08776115171127,0.610648058392016,-0.0427154947777551,0.179164816095651,-0.0112860721943255,-0.214826223074963,-0.0566518105989573
"Tringa solitaria",0,2,NA,1,0.303454734016372,0.517069349220191,-0.818545216625056,0.347670476789581,-0.45449667440051,0.370665327543816,1.63710365543839,0.125967938646965,-2.04114574528969,-0.701524178900656,-0.529471897951506,0.495059760366497,0.493686470855593,0.237422510093101
"Troglodytes aedon",2,48,NA,NA,-0.826338890427876,-0.452231468125883,-0.746764569878338,-0.740732581943746,-0.705784028269311,-0.217286826292217,-0.744160515310012,-1.54480354110923,0.699850092459075,-0.646890488036719,-0.057238109623972,-0.12117147793346,-0.00271677574032848,-0.0997380680275554
"Turdus ignobilis",4,26,NA,NA,0.512820503108336,-0.123361547954893,-0.00503122016225508,0.113200668924157,0.209058994409292,0.630602069239745,-0.220023564683326,0.601999689544794,0.313280053300475,-0.125591276754485,-0.239450695460671,0.371939786389026,0.0413226057853848,0.289415017894006
"Turdus leucomelas",3,28,NA,NA,0.57330016525505,-0.0887436616211053,-0.244300042651314,0.130568802840114,0.295439022301693,0.543956488674436,-0.129431992970072,0.544974426441651,0.201467137714558,-0.145002268450586,-0.485782355907538,0.362438010593853,0.223355753767852,0.287228770074223
"Tyrannulus elatus",0,3,NA,1,-1.16196622189195,-0.890724695020535,-0.698910805380527,-0.787047605719633,-0.713636758077711,-0.613380908876492,-0.336498442600368,-2.01972353344246,0.325880241340527,-0.205592474931409,-0.0808124327675658,0.0327741038401391,-0.253219369322315,-0.208820182248911
"Tyrannus melancholicus",1,22,NA,NA,0.108052272615913,-0.0137382412312306,0.856336540798358,0.0900431570362137,0.291512657397493,-0.303932406857527,-0.0453112478077645,0.54392560375737,0.0534631932804943,0.788008691306776,0.53125450392968,-0.147889738280699,-0.225935007473282,-0.0452520189204169
"Uranomitra franciae",0,1,NA,1,-1.41697041209634,0.0670368268809421,-0.842472098873962,-0.711785692083818,-0.847133164820511,-1.10230954206646,2.36183622914442,-2.04874861131244,-2.88586126895325,-0.0179746005988621,-0.193845204325161,-0.313292007098238,-0.185110784391855,0.0617221362998265
"Vanellus chilensis",0,15,NA,1,1.75134654580758,0.655540894555344,0.0667494265844628,1.78633090282805,0.476051807894893,3.1557018457145,0.427059090411347,3.30706980642137,-0.444785120474198,-1.37942522844694,-0.784943761856313,1.50541893022799,-0.140180616916637,0.334720104863171
"Vireo leucophrys",0,1,NA,1,-0.734759842805754,-0.561854774849546,-0.555349511887091,-0.545341075389226,-0.53695033738871,-0.3720110773017,-0.355910922253208,-1.35664337470464,0.321645945063046,-0.255747599533559,-0.0693158192706605,0.0270382390793827,-0.0683595271480871,-0.138868082231959
"Vireo olivaceus",0,4,NA,1,-0.530724492884075,-0.423383229514392,-0.435715100642562,-0.362975669271674,-0.47805486382571,-0.254420646534493,0.349409171799986,-1.01038923486571,-0.442021750228456,-0.131595569704674,-0.0930640695621069,0.192599195609276,-0.102252967804246,0.0176106819044732
"Volatinia jacarina",1,41,NA,NA,-0.899267794297169,-0.769562092852276,-0.435715100642562,-0.792836983691619,-0.672409926583611,-0.421522837624734,-0.666510596698651,-1.64645703496142,0.708712672357134,-0.227284678568232,0.145633125303821,-0.00895138190079736,-0.224648333211398,-0.0885936189688159
"Xenops minutus",0,6,NA,1,-0.847490287597661,-0.55031547940495,-0.698910805380527,-0.587314065686123,-0.54676624964921,-0.551491208472699,-0.148844472622912,-1.55931203170135,0.0690148372973382,-0.218388286231257,-0.17537548683098,-0.029084180051486,-0.0149788010017395,-0.169649766091989
"Xiphorhynchus guttatus",1,0,1,NA,0.462481500918524,0.984410814726333,0.0428225443355568,0.175436482123004,0.580100477856194,0.0612168255248509,-0.498269106374036,1.01755841611845,0.313145992220857,-0.112624711115195,-0.171293411426284,-0.738398368864427,0.555132668388417,-0.0470282131083351
"Xiphorhynchus susurrans",1,13,NA,NA,0.276356390265311,0.707467724056026,-0.172519395904596,-0.0112709574735375,0.226727636478192,0.0178940352421957,-0.427090014313622,0.479210344362025,0.251746766705816,-0.277911902796025,-0.137351549589242,-0.532720356567558,0.517020758155791,0.0016088686318477
"Zenaida auriculata",0,14,NA,1,0.927032791923705,-0.273372388734643,-0.579276394135997,0.48661554811724,0.311144481918493,-0.161586095928804,0.537063141777442,0.406075231670322,-0.548930671085377,0.306723269329521,-0.77895332437446,0.76072174503406,0.825518224789042,0.102857517052599
"Zimmerius chrysops",1,0,1,NA,-0.861926454997784,-0.838797865519852,-0.555349511887091,-0.720469759041796,-0.61547763547271,-0.409144897543975,-0.731218862208118,-1.6482657482567,0.789992959990406,-0.24543202573331,-0.00256987149396298,0.06558625444056,-0.16334192393223,-0.145865647854061
