"Species","BARB_H","BARB_M","BARB_EXT","BARB_NEW","weight_z","T_cul_z","Bill_w_z","Wing_l_z","Tail_l_z","Tars_z","HWI_z","Comp.1","Comp.2","Comp.3","Comp.4","Comp.5","Comp.6","Comp.7"
"Accipiter superciliosus",0,1,NA,1,0.825636052020149,-0.250293797845451,0.138530073331181,0.634244686402878,0.540836828814193,0.8534049906934,0.161755201822531,1.35599407437487,0.106009909949667,1.05057531658897,0.0847211243259131,-0.0154389282908895,-0.245621932471623,0.264424263627242
"Actitis macularius",5,6,NA,NA,0.166529278175978,0.113194008659327,-0.818545216625056,-0.0315337803754876,-0.47216531646941,0.0364609453633336,1.49474547131756,-0.479085559880892,-1.18730158823004,0.637461546070885,0.799164738227912,-0.171991921912849,0.19249948499107,0.30098963898678
"Amaurolimnas concolor",1,0,1,NA,1.06955304111895,0.28051379260597,-0.627130158633809,0.307144830985681,-0.57425080397861,0.958617481379848,0.174696854924425,0.761988507475348,0.227458818421155,0.904949519018645,1.42221927540771,0.0219149373551129,0.334252348683752,0.316308669573406
"Amazilia tzacatl",4,16,NA,NA,-1.44790841684734,-0.0945133093434032,-0.722837687629432,-0.668365357293924,-0.841243617464211,-1.10849851210684,2.41360284155199,-2.37224062984497,-2.21323895485622,-0.254199831906013,0.175433704260011,-0.323339947605962,-0.313075297416346,-0.0390605566921625
"Amazona farinosa",0,1,NA,1,2.24350371096418,1.12865200778378,3.41651294143129,2.01645867721448,1.1180124697316,0.203563136453574,0.271759253188626,4.2946047423208,-0.885606468906262,-0.895822459857618,-0.689080028139437,1.74136109232064,-0.339936821957319,-0.0821858806573956
"Amblycercus holosericeus",1,0,1,NA,0.587425859269311,0.378597803885037,0.210310720077898,-0.115479760969282,0.401450874715093,0.488255758311022,-0.892989525981787,1.01115861628136,0.981992875863466,-0.0512169701788844,0.00492562945989697,-0.348667380122674,0.225603730587335,0.319401327920371
"Androdon aequatorialis",10,12,NA,NA,-1.13016256784821,0.93248398522565,-0.722837687629432,-0.500473396106336,-0.699894480913011,-1.10849851210684,2.37477788224631,-1.71852342232519,-2.44104520634325,-0.734689289518362,0.487545606757718,-0.64189872132916,0.243056367567791,-0.13717671312545
"Arremon aurantiirostris",4,5,NA,NA,0.046883064714639,-0.446461820403585,0.114603191082274,-0.432448204935503,-0.209098867888009,0.116917555888264,-0.847693740125159,-0.172279765356811,1.11856013150234,0.0110802380186687,-0.104341093485584,0.0970923484719002,-0.134593901480851,0.215189054783959
"Arremonops conirostris",6,0,1,NA,0.0770298295746604,-0.331068865957624,0.018895662086651,-0.417974760005539,-0.185540678462809,0.277830776938126,-1.04828936320451,-0.0370932656267154,1.32405106694623,0.0449693877049256,0.0146139109706401,-0.0545579876208125,-0.0799092374417199,0.185337474004708
"Atlapetes leucopis",1,0,1,NA,0.213798247049585,-0.417613581792094,-0.124665631406785,-0.329686745932756,0.159979433106792,0.352098417422678,-0.718277209106225,0.140961730198823,1.01873747562316,0.382126397592933,-0.14896782629943,-0.194451989702034,-0.0487130565254396,0.351046581805955
"Attila spadiceus",0,13,NA,1,0.141741190998486,-0.0829740138988072,0.282091366824616,-0.245740765338962,-0.181614313558609,0.0797837356459886,-0.621214810842024,0.120357147960752,0.778868037625691,-0.184706023943837,-0.00112185262869903,0.105084549397701,-0.0628700114061745,0.127084132848406
"Aulacorhynchus haematopygus",1,0,1,NA,1.35721904950298,4.0538634029889,3.99075811540503,0.4620106917363,1.5302807846726,0.748192500006952,-0.60827315774013,4.94716972225925,-0.271647516543979,-3.54490010623328,0.0478567747028746,-0.576431695054763,-0.231145526864711,0.433560692220253
"Automolus subulatus",10,3,NA,NA,-0.0899771441821138,0.107424360937029,-0.363934453895844,-0.321002678974777,-0.152166576777109,-0.217286826292217,-0.349440095702261,-0.354324669390124,0.414481534146099,-0.113096292932175,-0.00576498118918688,-0.261404003495749,0.359514144780517,0.00026191246085959
"Bangsia edwardsi",6,0,1,NA,0.0999029911569828,-0.394534990902902,0.018895662086651,-0.182057607647118,-0.45057030949631,-0.000672874878941999,-0.0970778602153385,-0.29134414810254,0.363201254812001,0.160412878968635,0.166338931096892,0.307368941373071,-0.129655551665942,0.128421918043546
"Baryphthengus martii",12,12,NA,NA,1.2329483099023,1.47483087112167,1.33487418577648,0.696480499601725,3.4110095737844,0.556334428755194,-0.537094065679716,3.84798883081078,-0.0533391865673304,-0.249647658364996,-2.00462670471087,-1.44181888558874,0.460474121474199,0.651210261199074
"Boissonneaua flavescens",1,0,1,NA,-1.04205206574675,-0.16374908201098,-0.818545216625056,-0.396264592610592,-0.56247170926601,-1.06517572182418,2.38771953534821,-1.96961953108813,-2.23736155044487,0.0821875354623734,0.0308564453069066,-0.226308504697499,-0.0682723372194533,-0.00260096357588135
"Butorides striata",2,1,NA,NA,1.38440518583218,2.68645689280426,0.736702129553828,1.0322644219769,-0.262104794094709,1.44754611456981,0.278230079739572,2.97174259548527,-0.434887815114532,-0.655748843682666,2.16376212986328,-0.49442161984036,0.343497631179862,-0.129898906073176
"Cacicus uropygialis",9,16,NA,NA,0.481288318888722,0.401676394774229,0.210310720077898,0.482273514638251,0.540836828814193,0.364476357503436,-0.129431992970072,1.17547754479152,0.093719939660578,0.230830468877085,-0.0833619347624775,-0.274517328126061,0.122627629735268,-0.0441027259781998
"Campephilus gayaquilensis",0,2,NA,1,1.52069937253404,1.30174143945273,1.47843547926991,1.09450023517575,0.886356940383795,0.531578548593677,-0.155315299173859,2.96838538444766,-0.186286613984957,-0.425366632814626,-0.0190398582797029,0.269102895842371,0.243706032961738,0.0566169445745229
"Campephilus haematogaster",1,0,1,NA,1.50738627960389,1.3767468598426,1.38272795027429,1.14081525895163,0.648811863679694,0.673924859522401,-0.601802331189184,2.98281966500708,0.263132533140821,-0.459938558712593,0.237919283427804,0.263889627952287,0.306301728738695,-0.137465801537759
"Camptostoma obsoletum",0,5,NA,1,-1.05135127288648,-0.804179979186064,-0.698910805380527,-0.727706481506779,-0.709710393173511,-0.601002968795733,-0.511210759475929,-1.85283724364552,0.758417034014983,-0.0164239078628587,-0.242222462135378,-0.130677057688167,-0.0697536421930461,-0.291889587500483
"Campylorhamphus pusillus",1,0,1,NA,0.168402890683752,1.80370079129266,-0.459641982891467,-0.101006316039317,0.352371313412593,-0.173964036009562,-0.53062323912877,0.696497626441826,0.135649820627368,-0.879653241091001,0.284451401692141,-1.1338942214209,1.20606160696311,-0.217628333313875
"Campylorhamphus trochilirostris",1,0,1,NA,0.173996095947729,2.13257071146365,-0.411788218393655,-0.0590333257424202,0.291512657397493,-0.130641245726907,-0.601802331189184,0.853488676837134,0.139774243688802,-1.09148347519013,0.46296904201854,-1.23031235904887,1.28618203150957,-0.310130610413258
"Cantorchilus leucopogon",1,23,NA,NA,-0.401226952478672,-0.331068865957624,-0.555349511887091,-0.690075524688871,-0.727379035242411,-0.272987556655631,-0.834752087023266,-1.13261750519285,1.06682510678855,-0.151383105536922,0.174778375336975,-0.0766212222954691,0.228037687233209,-0.0601664654372051
"Cantorchilus nigricapillus",8,11,NA,NA,-0.231318666531602,-0.261833093290047,-0.459641982891467,-0.532314974952258,-0.44664394459211,0.0797837356459886,-0.94475613838936,-0.610873154186294,1.20379762248348,0.0357718863583553,0.187667138851488,-0.239584841572555,0.12160586665279,0.00280994328101336
"Capito quinticolor",1,10,NA,NA,0.466280385431,-0.13490084339949,0.640994600558205,-0.351396913327702,-0.678299473939911,-0.0935074254846314,-0.220023564683326,-0.0150775590860311,0.451497628771251,-0.419276055443452,0.300954617808902,0.742961501935794,-0.122030500082126,0.373383601972883
"Capito squamatus",0,7,NA,1,0.457386517874884,-0.048356127565019,0.521360189313675,-0.29929251157983,-0.39756438328961,-0.0749405153634937,-0.323556789498474,0.137525581010018,0.492990518204473,-0.349102070405315,0.129757943961448,0.510324211496956,0.000279482190386635,0.340346323635937
"Carpodectes hopkei",0,1,NA,1,0.86843073465584,-0.0945133093434032,0.234237602326804,0.690691121629739,0.297402204753793,0.0302719753229545,-0.459444147068355,1.04543313663232,0.380837710548451,0.424047086662199,-0.278199236759946,0.459700188825107,0.394399225838352,-0.169160946142447
"Cathartes aura",0,3,NA,1,2.91492893395085,1.60176312101222,1.95697312424803,5.87507909554301,3.2775131670416,1.88077401739636,0.161755201822531,7.83778359602429,-1.39806053510239,2.2509056574249,-0.8263526772969,0.420597591788737,0.234416963382334,-2.36865860481473
"Catharus ustulatus",0,2,NA,1,-0.0514980237451451,-0.544545831682651,-0.363934453895844,-0.0865328711093528,-0.171798401298109,0.370665327543816,0.478825702818921,-0.263834697568991,-0.0542565856056842,0.768991394458893,0.255758606357946,-0.130941027834818,-0.377465654520024,0.247582683427925
"Celeus loricatus",4,9,NA,NA,0.651393473206537,0.0381885882694518,0.210310720077898,0.234777606335858,-0.146277029420809,-0.204908886211459,-0.0453112478077645,0.412710695907253,0.045430578574804,0.0304061971086711,0.0101727737148109,0.503736925216363,0.355412598994285,0.0436315417241176
"Ceratopipra mentalis",4,46,NA,NA,-0.584358664293232,-0.671478081573209,-0.411788218393655,-0.637971122940999,-0.962960929494411,-0.551491208472699,-0.511210759475929,-1.53352258084999,0.762077867123234,-0.149292845204541,0.0514583745283538,0.294155181155017,0.0203617817147262,-0.168758710867696
"Cercomacroides tyrannina",5,4,NA,NA,-0.521367881777388,-0.319529570513027,-0.292153807149126,-0.577182654235148,-0.326889815014009,-0.0749405153634937,-0.977110271144094,-0.740345863921776,1.18077065771943,-0.141953949257337,-0.10601667562073,-0.299780933337434,-0.0334258169839138,-0.0999770022095306
"Chalybura urochrysia",4,0,1,NA,-1.22988111492622,0.142042247270817,-0.842472098873962,-0.540999041910237,-0.723452670338211,-1.0899316019857,2.75655664875217,-2.14714853220802,-2.6001435206002,-0.159437232813462,0.286961718058682,-0.400493802817397,-0.120179523941488,0.0366079532362296
"Chloroceryle americana",2,0,1,NA,0.0291021700065139,1.05364658739391,0.018895662086651,-0.373107080722649,-0.37793255876861,-0.97853014125887,0.0776344566602235,-0.364795033692633,-0.38776497690424,-1.19190479215889,0.0560511306486891,-0.0284269736877313,0.910221285866333,-0.100607357410032
"Chloroceryle inda",1,0,1,NA,0.359283762571521,1.60753276873452,0.640994600558205,-0.0807434931373669,-0.260141611642609,-0.823805890249388,0.168226028373478,0.469986207725529,-0.617494432678651,-1.57975764583387,0.203380394525523,0.0958705823069491,0.846760479297202,-0.117060755803846
"Chlorophanes spiza",1,1,NA,NA,-0.405205312655675,-0.452231468125883,-0.38786133614475,-0.496131362627347,-0.56639807417021,-0.291554466776769,0.0193970177017028,-1.04775427063313,0.250750450060559,0.0664546795914223,0.0785447970767282,0.0213053377208989,-0.0570675633674059,0.0511598050337448
"Chlorospingus flavigularis",7,0,1,NA,-0.179242065201984,-0.417613581792094,-0.244300042651314,-0.336923468397738,-0.303331625588809,-0.143019185807666,-0.427090014313622,-0.567005012519917,0.63579191944008,0.111695682836,-0.0837627505425488,0.0132157843533407,0.0199704736290079,0.0144070490746989
"Chlorothraupis olivacea",7,3,NA,NA,0.139800406651322,-0.157979434288682,0.497433307064769,-0.174820885182136,-0.213025232792209,-0.0811294854038728,-0.394735881558888,0.0908276050628747,0.52162342250898,-0.266460351993588,-0.114996616906076,0.327682488651348,-0.156771099842001,0.109391500649804
"Chlorothraupis stolzmanni",3,0,1,NA,0.13590386401444,-0.106052604788,0.521360189313675,-0.187846985619104,-0.240509787121609,-0.0254287550404593,-0.452973320517409,0.130895857170165,0.586429278714922,-0.306102448104668,-0.0528971271821665,0.300186140799807,-0.177287613105676,0.105823973760685
"Chordeiles minor",1,0,1,NA,0.677647090666417,-0.63686019523942,-0.674983923131621,1.30581253115323,0.529057734101594,-0.427711807665113,2.34889457604253,0.309221728094731,-2.34281645366346,1.72502771225061,-0.397152097040955,0.481077248837432,0.32543872367743,-0.134682256219917
"Chrysothlypis salmoni",3,1,NA,NA,-0.72253577338823,-0.521467240793459,-0.531422629638185,-0.567051242784173,-0.61351445302061,-0.464845627907389,-0.446502493966462,-1.36189520846134,0.644287250550987,-0.0652811827942495,-0.103588793022612,-0.0884498710144225,0.0270884720721056,-0.2179315378652
"Coereba flaveola",1,22,NA,NA,-0.891650887234226,-0.60801195662793,-0.603203276384903,-0.69441755816786,-0.843206799916311,-0.415333867584355,-0.336498442600368,-1.64706505020227,0.628334888970599,-0.0561479480448099,0.0819247084927232,-0.0959421906178274,-0.125491784977394,-0.199368315210362
"Colibri delphinae",1,0,1,NA,-1.22988111492622,-0.273372388734643,-1.03388715686521,-0.501920740599333,-0.705784028269311,-1.13325439226835,2.54949019912188,-2.33852763991299,-2.34520945405245,0.157647516648817,0.0992363203727724,-0.281131582132393,-0.0935596623120034,-0.0166721890002144
"Colonia colonus",6,8,NA,NA,-0.433654396045257,-0.654169138406315,-0.196446278153502,-0.315213301002791,1.6225503599213,-0.526735328311182,-0.355910922253208,-0.0639005096456054,0.281126907610863,0.381132260124593,-1.97212014189247,-0.831441018687971,0.128864909477539,0.239936181288315
"Contopus cooperi",0,1,NA,1,-0.00776228212591097,-0.221445559233961,0.569213953811487,0.0307020328233595,-0.161982489037609,-0.551491208472699,0.873546122426672,-0.212249605510404,-0.820992203282424,-0.207900875346922,-0.326833658541166,0.544318877369744,-0.262295841160643,0.102192780101266
"Contopus fumigatus",1,0,1,NA,-0.370130246884585,-0.204136616067066,0.210310720077898,-0.144426650829211,0.0578939455975919,-0.501979448149665,0.226463467331998,-0.398071295482798,-0.212463791715514,-0.208525482388473,-0.539147480417346,0.0263559105568629,-0.136287953718706,-0.0711950377534979
"Contopus sordidulus",1,1,NA,NA,-0.687003834776981,-0.423383229514392,0.0667494265844628,-0.289161100128855,-0.330816179918209,-0.607191938836113,0.588829754185015,-1.00557324467074,-0.460779392551887,-0.171603291704132,-0.345125338617717,0.119792858090185,-0.344062099942727,-0.105316989545582
"Contopus virens",0,1,NA,1,-0.642079522254397,-0.544545831682651,0.0428225443355568,-0.312318612016798,-0.281736618615709,-0.582436058674596,0.427059090411347,-0.996712827741709,-0.278679333099926,-0.0922010347249913,-0.425308862461823,0.141533155401242,-0.32992005646589,-0.0745589662796327
"Coragyps atratus",0,51,NA,1,3.07760714248506,2.09218317740756,2.07660753549256,4.45089211443451,2.0210763976976,3.24853639632019,-0.653568943596757,7.64463186730689,0.13308500880453,1.63952123289507,1.0923210940623,0.0526187107772162,-0.360743972026438,-1.30526132884446
"Cotinga nattererii",3,1,NA,NA,0.430060994335628,-0.325299218235325,-0.0289581024111609,0.133463491826107,-0.00492789286960837,-0.0687515453231143,0.0258678442526496,0.169436715852102,0.108208594851386,0.394632002604321,-0.127692803519181,0.29807045896993,0.149035149380387,0.123968297866511
"Crotophaga ani",2,4,NA,NA,0.926344752045853,0.395906747051931,0.90419030529617,0.599508418570963,2.0328554924102,0.754381470047331,0.0258678442526496,2.53818609328526,-0.101701134163381,0.466796583598176,-1.0724701645077,-0.68373694139438,-0.186897574889014,0.58218606301542
"Cryptoleucopteryx plumbea",1,0,1,NA,2.04539021559038,0.482451462886402,1.21523977453195,1.96001224198762,1.341815269271,2.18403354937495,0.427059090411347,4.1785489128071,-0.22561431161548,1.53907643953538,0.552381122861583,0.0684062403761435,-0.70243238818465,0.295498849696739
"Cryptopipo holochlora",2,2,NA,NA,-0.589428087030185,-0.556085127127248,-0.507495747389279,-0.457053061316443,-0.62529354773321,-0.539113268391941,-0.278261003641847,-1.31150949929684,0.455802131254797,0.00205394679778913,-0.114444150547782,0.0687985588865163,0.0837970461564502,-0.214126763610885
"Crypturellus berlepschi",1,0,1,NA,2.09822313601763,0.240126258549884,-0.196446278153502,0.897661384128231,-0.44860712704421,1.84364019715409,-0.0711945540115514,2.16908995689598,0.622507767154752,1.49148571773946,1.88904291684216,0.433848304608376,0.160565247816377,0.542037925835179
"Crypturellus soui",0,4,NA,1,1.43777065457112,0.0266492928248558,-0.459641982891467,0.360696577226549,-0.57228762152651,0.791515290289607,0.0646928035583299,0.859170950149862,0.323674956622009,0.969718810188812,1.22849751324584,0.463996192199433,0.470411560524618,0.437572516863182
"Cyanerpes caeruleus",0,10,NA,1,-0.753473778139228,-0.244524150123153,-0.651057040882715,-0.664023323814935,-0.882470448958311,-0.607191938836113,0.0711636301092767,-1.61253330359042,0.122429124495191,-0.238144890194832,0.217825007876786,-0.0919741396625259,0.133229178552276,-0.157065989170708
"Cyanerpes cyaneus",20,2,NA,NA,-0.63664669702983,-0.250293797845451,-0.555349511887091,-0.603234855109084,-0.829464522751611,-0.613380908876492,0.10351776286401,-1.47934734067299,0.0750812524181444,-0.227951674388167,0.172860629029373,-0.00225471730049867,0.142591640178648,-0.122818491036685
"Cyanoloxia cyanoides",3,8,NA,NA,0.00162329755632422,-0.238754502400855,0.975970952042887,-0.332581434918749,-0.201246138079609,-0.155397125888424,-0.685923076351491,0.102821803874722,0.799675483582762,-0.633169321427016,-0.357039476032016,0.470779682377758,-0.415816093174303,0.137571507367842
"Cymbilaimus lineatus",6,0,1,NA,0.0749158090312709,0.055497531436346,0.569213953811487,-0.387580525652614,-0.108976562830909,0.135484466009402,-0.92534365873652,0.270391081124398,1.05926356794923,-0.497485471998942,-0.0821835129942013,0.0285998340735947,-0.173977123935863,0.170839936027035
"Cyphorhinus phaeocephalus",1,0,1,NA,-0.209440317943638,-0.244524150123153,-0.627130158633809,-0.571393276263162,-0.872654536697811,0.00551609516143716,-0.892989525981787,-0.909383996473306,1.18676039222092,0.00168508512512119,0.529170241971582,-0.0594994131685933,0.234043194939836,-0.0637612833791952
"Cypseloides cryptus",0,10,NA,1,0.046883064714639,-0.873415751853641,-0.579276394135997,0.501088993047204,-0.63314627754161,-0.471034597947768,2.80832326115974,-0.997124268871189,-2.43862944880613,1.24578408178882,0.363902683532043,0.735561751922544,-0.312110998518867,0.128087483672676
"Dacnis cayana",5,4,NA,NA,-0.692811341151788,-0.57916371801644,-0.579276394135997,-0.590208754672116,-0.650814919610511,-0.501979448149665,0.0193970177017028,-1.48017728418837,0.234451092698176,0.0458876111057491,-0.0376665016606144,-0.0351527836565282,-0.0291363951780927,-0.0788533958924362
"Dacnis venusta",2,5,NA,NA,-0.530724492884075,-0.613781604350228,-0.555349511887091,-0.549683108868216,-0.750937224667611,-0.54530223843232,0.122930242516851,-1.46729017369629,0.140391525260059,0.0801979294566381,0.0360798433944313,0.151546620163956,0.0291547348421526,-0.0301727844084071
"Dendrocincla fuliginosa",1,4,NA,NA,0.133948054223459,0.355519212995845,0.0667494265844628,0.0335967218093524,0.189427169888292,0.0674057955652301,-0.394735881558888,0.46019473531314,0.377487271614579,-0.136520034386127,-0.0666651597907075,-0.292056379360426,0.201339467643478,-0.0555845223386174
"Dendrocolaptes sanctithomae",0,3,NA,1,0.548778512627261,0.93248398522565,0.664921482807111,0.340433754324599,0.729302344215794,0.364476357503436,-0.284731830192794,1.59750046577485,0.126536746582521,-0.361240909829321,-0.136081027378645,-0.4223042474896,0.142249757500859,0.0787861858255216
"Discosura conversii",6,0,1,NA,-1.80411282786346,-0.538776183960353,-1.15352156810974,-0.873888275299419,-0.688115386200411,-1.06517572182418,2.898914832873,-2.90845882269942,-2.51606707052896,0.225054369850083,0.0180530319806095,-0.628712768047925,-0.546181200753376,0.141366435487662
"Discosura popelairii",1,0,1,NA,-1.94228993695846,-0.463770763570479,-1.15352156810974,-1.0041492796691,-1.12001552566241,-1.2075220327529,2.61419846463134,-3.24132626507514,-2.25011130358837,-0.083449431427139,0.238314967323886,-0.479176424650935,-0.479455682586128,-0.0230855023819231
"Dryobates kirkii",6,0,1,NA,-0.0899771441821138,-0.16374908201098,-0.196446278153502,-0.23850404287398,-0.364190281603909,-0.440089747745872,-0.446502493966462,-0.542953403404778,0.489118987068706,-0.159633568567036,-0.125013877693128,0.148470540092764,0.314753501147012,-0.138273405619241
"Dryocopus lineatus",0,1,NA,1,1.31224711974782,1.01325905333782,1.16738601003413,1.18857762722052,0.882430575479595,0.308775627140023,-0.155315299173859,2.58914525539324,-0.218328379590109,-0.19126300275922,-0.232252253287741,0.284072117167215,0.338455915026856,-0.166961155707006
"Dysithamnus puncticeps",8,4,NA,NA,-0.589428087030185,-0.331068865957624,-0.292153807149126,-0.648102534391974,-0.784311326353311,-0.204908886211459,-0.685923076351491,-1.10847322736798,0.940172336583894,-0.26669852258578,0.202830216581779,-0.0502256108003512,-0.087861134639395,-0.124919660979915
"Elaenia brachyptera",0,1,NA,1,-0.564413411266647,-0.584933365738738,-0.38786133614475,-0.442579616386479,-0.275847071259409,-0.303932406857527,-0.284731830192794,-0.985817433501182,0.502324592828796,0.133041852709361,-0.276469255871566,-0.13587285331227,-0.0955662027994711,-0.0742383182229671
"Elaenia flavogaster",2,12,NA,NA,-0.203303637666482,-0.63686019523942,-0.26822692490022,-0.36442301376467,-0.126645204899809,-0.136830215767287,-0.517681586026876,-0.585056738184928,0.753903017996162,0.262419457829788,-0.313157936902096,-0.0162886109656633,-0.0317314138100046,0.0679287092628638
"Empidonax virescens",0,3,NA,1,-0.716496889855955,-0.602242308905632,-0.00503122016225508,-0.457053061316443,-0.35830073424761,-0.402955927503596,0.200580161128211,-1.06064613762943,0.035678121742773,-0.0715627947403297,-0.308131458357795,0.0363561313607836,-0.435141330152927,-0.0192263315462962
"Epinecrophylla fulviventris",3,12,NA,NA,-0.861926454997784,-0.504158297626565,-0.483568865140373,-0.747969304408729,-0.860875441985211,-0.440089747745872,-0.834752087023266,-1.54620925089267,1.06126257682319,-0.292572764956417,0.0287622406093349,-0.0755965109998317,-0.0223709573881189,-0.2780496260664
"Euphonia fulvicrissa",2,3,NA,NA,-0.819417601471043,-0.78687103601917,-0.340007571646938,-0.743627270929739,-0.988482301371712,-0.563869148553458,-0.2717901770909,-1.74655110058435,0.584230887925876,-0.171947105915173,0.00630348293705768,0.250364413793957,-0.229271234460029,-0.123377639975616
"Euphonia minuta",1,2,NA,NA,-0.891650887234226,-0.75802279740768,-0.483568865140373,-0.740732581943746,-0.968850476850711,-0.693837519401423,-0.0970778602153385,-1.89406080060334,0.375670255230285,-0.151666869191213,-0.036667093438269,0.190384282041988,-0.134333284849535,-0.159504258338956
"Euphonia xanthogaster",2,0,1,NA,-0.692811341151788,-0.752253149685381,-0.316080689398032,-0.595998132644102,-0.805906333326411,-0.446278717786251,-0.129431992970072,-1.47319703859238,0.4370703075394,-0.0181613359912771,-0.018222649746456,0.201465052163876,-0.247968534877009,-0.0855800908977555
"Eutoxeres aquila",0,2,NA,1,-0.847490287597661,0.217047667660692,-0.603203276384903,-0.464289783781425,-0.45253349194841,-1.04041984166266,2.34889457604253,-1.6323958342862,-2.26979817340592,-0.225216269351252,0.0826052912182343,-0.292843359232573,0.0512893123108225,0.139010841050096
"Florisuga mellivora",9,8,NA,NA,-1.11985117241325,-0.00796859350893244,-0.842472098873962,-0.503368085092329,-0.790200873709611,-1.15182130238949,2.69831920979365,-2.18637650344594,-2.53332099980196,-0.0824911775116896,0.253448108470917,-0.211060024572501,-0.0703985583456143,0.036809034432389
"Galbula ruficauda",6,1,NA,NA,-0.153055648889549,1.73446501862508,-0.172519395904596,-0.351396913327702,0.468199078086493,-0.761916189845595,-0.213552738132379,0.247953215671212,-0.297020426359163,-1.3295752144006,-0.25678518734484,-1.02138119403483,1.1505908085228,-0.162713775600309
"Geothlypis semiflava",4,6,NA,NA,-0.480636391658528,-0.498388649904267,-0.651057040882715,-0.650997223377967,-0.59584581095171,-0.130641245726907,-0.692393902902438,-1.13114531524586,0.996467485152072,0.109917962774189,0.124029395030835,-0.199950133737651,0.0728501108401074,-0.0228720739989966
"Geotrygon purpurata",1,0,1,NA,1.04640999485269,-0.181058025177874,-0.698910805380527,0.457668658257311,-0.236583422217409,0.748192500006952,0.122930242516851,0.687720719768326,0.236102816584833,1.23344928623208,0.85473442988141,0.130546743929842,0.362119872640543,0.242971872808447
"Glaucis aeneus",2,12,NA,NA,-1.44790841684734,0.442063928830316,-0.938179627869586,-0.724811792520786,-0.860875441985211,-1.16419924247025,2.34242374949158,-2.31870384804077,-2.26322976798841,-0.52679943307795,0.388944549829779,-0.623959886406807,0.0416413628399038,-0.116114184733209
"Glaucis hirsutus",0,1,NA,1,-1.1839351767175,0.540147940109383,-0.698910805380527,-0.633629089462009,-0.745047677311311,-1.2075220327529,2.29065713708401,-1.99493425369956,-2.28018951132501,-0.63457043079035,0.291394194385544,-0.458304727470844,0.132181651173169,-0.0516729351732568
"Glyphorynchus spirurus",6,16,NA,NA,-0.604843042986089,-0.57916371801644,-0.411788218393655,-0.490341984655361,-0.216951597696409,-0.440089747745872,-0.0323695947058711,-1.0993277889702,0.232691232482947,0.108988194343665,-0.370408443135409,-0.151783272682599,-0.0682937349587952,-0.0120171289291998
"Gymnopithys bicolor",9,19,NA,NA,-0.0317476976418051,-0.302220627346133,-0.244300042651314,-0.394817248117596,-0.59780899340381,0.24688592673623,-0.970639444593147,-0.373095184991172,1.27720389517973,0.0779256367555012,0.37908918720283,0.00758456604295795,-0.00846883344795735,0.0108151846564766
"Gymnopithys leucaspis",3,0,1,NA,-0.133296126993265,-0.302220627346133,-0.363934453895844,-0.442579616386479,-0.660630831871011,0.160240346170919,-0.880047872879893,-0.566460583635206,1.18365830378254,0.0690689873428976,0.396593855578145,-0.0333286324956472,0.031773368803417,-0.020214993057812
"Hafferia immaculata",11,0,1,NA,0.28282018956128,-0.065665070731913,-0.220373160402408,-0.315213301002791,0.0677098578580919,0.618224129158987,-1.1712350676725,0.402228134519046,1.4491049649498,0.26382775883122,0.184782327032213,-0.414818483106501,0.0911949665909234,0.245231959161184
"Heliornis fulica",1,0,1,NA,1.0638331960563,0.499760406053296,-0.411788218393655,0.563324806246052,0.093231229735392,-0.124452275686528,0.763542071060577,0.750044665444149,-0.834068802131804,0.491480843032822,0.342200539453987,0.187022466949069,0.883178065713188,0.130943832971014
"Heliothryx barroti",2,3,NA,NA,-1.34473712633316,-0.106052604788,-0.938179627869586,-0.561261864812187,-0.39363801838541,-1.18276615259139,2.82126491426164,-2.23537866772496,-2.66761656173993,0.0414767869827169,-0.113120662070254,-0.527029588848267,-0.151710057525378,0.0851894462863521
"Henicorhina leucosticta",5,9,NA,NA,-0.62589650439643,-0.37145640001371,-0.627130158633809,-0.700206936139846,-0.906028638383511,-0.0687515453231143,-0.938285311838414,-1.25149034560457,1.25037437197348,-0.0954471643164493,0.393576471286751,-0.195336208169558,0.0199947572125594,-0.181764418931067
"Herpetotheres cachinnans",1,2,NA,NA,2.24059253245479,0.545917587831681,1.55021612601663,2.4578987475784,2.7867175540166,2.18403354937495,-0.355910922253208,5.38128192431513,0.203815749342371,1.67819869373806,-0.719437276070477,-0.362617402381144,-0.483747835905843,0.101585312617006
"Heterospingus xanthopygius",0,3,NA,1,0.13590386401444,-0.16374908201098,0.0667494265844628,-0.226925286930008,-0.267994341451009,-0.19871991617108,-0.265319350539953,-0.193618168808527,0.392997182916361,-0.0964416296296213,-0.0432136497088824,0.219721808480992,0.112363373115188,0.108542918841732
"Hylopezus perspicillatus",1,0,1,NA,0.213798247049585,-0.250293797845451,-0.148592513655691,-0.334028779411745,-0.882470448958311,0.692491769643538,-0.58886067808729,-0.128808245057644,1.08728309634411,0.273946438623077,0.973201804547953,0.125775650982602,-0.281673542943385,0.221771739855078
"Hylophylax naevioides",8,13,NA,NA,-0.454649530147808,-0.411843934069796,-0.316080689398032,-0.58441937670013,-0.776458596544911,-0.0935074254846314,-0.698864729453385,-0.995218969148195,0.994644560793434,-0.10714229214996,0.258602576295409,0.00694610535187123,-0.0962408403129062,-0.0789306290374328
"Ictinia plumbea",0,1,NA,1,1.54755422891063,0.00934034965796156,1.11953224553632,2.64894822065393,1.1337179293484,0.59346824899747,1.12590835791359,3.13098585022462,-1.41752304896655,1.40831369236261,-0.407290208300996,0.945027399162813,-0.25142623192871,-0.705765870443653
"Ixothraupis rufigula",3,0,1,NA,-0.401226952478672,-0.544545831682651,-0.507495747389279,-0.552577797854208,-0.719526305434011,-0.27917652669601,-0.116490339868178,-1.19872232424268,0.428541311514603,0.120707500211,0.178100610750074,0.0742514451382485,-0.0147322334650729,0.0385105012113381
"Laterallus albigularis",3,1,NA,NA,0.286031532812767,-0.146440138844086,-0.770691452127244,-0.415080071019546,-0.996335031180112,0.191185196372816,-0.504739932924982,-0.633820752605814,0.870712513675277,0.294657215055931,0.936953565766179,0.11489346852992,0.408137338024989,0.140758571065506
"Legatus leucophaius",0,4,NA,1,-0.287239424610136,-0.619551252072526,0.0428225443355568,-0.34850222434171,-0.42897530252321,-0.526735328311182,0.0711636301092767,-0.880706726955429,0.112042552300934,-0.0524523875279782,-0.299538617614479,0.391448788383958,-0.143254104402107,0.034310495666035
"Lepidocolaptes albolineatus",5,0,1,NA,-0.355047642174683,0.0208796451025578,-0.603203276384903,-0.289161100128855,-0.0206333524864084,-0.477223567988148,-0.058252900909658,-0.677580976795005,0.0606317993481797,-0.0168184403795349,-0.254609537219361,-0.401479716971538,0.428036181130555,-0.126058614214931
"Lepidothrix coronata",12,61,NA,NA,-1.03286557904649,-0.740713854240785,-0.579276394135997,-0.662575979321938,-0.990445483823812,-0.582436058674596,-0.420619187762675,-1.87373160943541,0.682290148001726,-0.118336437426027,0.00687686482604788,0.0558207523699567,-0.149872529620849,-0.367048579160629
"Leptotila pallida",0,1,NA,1,1.00908052416092,-0.19259732062247,-0.651057040882715,0.48661554811724,0.313107664370593,0.413988117826471,0.0452803239054899,0.791162897764521,0.134214996866556,1.15807752210628,0.181321055210459,-0.00402459773187123,0.570636156633052,0.225567186502997
"Leptotila rufaxilla",1,0,1,NA,1.19528213019052,-0.198366968344768,-0.651057040882715,0.476484136666265,0.338629036247893,0.228319016615092,0.00645536459980937,0.794466001726349,0.116045769151779,1.10995747141612,0.0661234536016143,0.152540165449452,0.788055152788338,0.280891937277592
"Leptotrygon veraguensis",3,0,1,NA,1.18556563974974,-0.209906263789364,-0.842472098873962,0.428721768397382,-0.142350664516609,0.729625589885814,0.174696854924425,0.702121454838672,0.193039683542553,1.36030599959942,0.814854811894459,0.105399457768038,0.508522642668574,0.356441686074806
"Lipaugus unirufus",2,0,1,NA,0.703945298453072,0.0151099973802597,0.25816448457571,0.431616457383375,0.686112330269594,-0.149208155848045,-0.258848523989007,0.963537234550294,0.12990014529613,0.242404031306952,-0.655809436639965,0.14843191944579,0.421992402264603,0.0454087970716766
"Lophotriccus pileatus",1,1,NA,NA,-1.10967818915535,-0.60801195662793,-0.603203276384903,-0.776916194268658,-0.741121312407111,-0.526735328311182,-0.562977371883503,-1.77038400722716,0.798048037600023,-0.196632306573515,-0.133023814313018,-0.233335715684182,-0.119881442733113,-0.299895316181768
"Loriotus luctuosus",0,4,NA,1,-0.692811341151788,-0.561854774849546,-0.292153807149126,-0.585866721193127,-0.45253349194841,-0.390577987422837,-0.440031667415515,-1.17389268892838,0.655026930308398,-0.104937225675366,-0.241706275315242,-0.0794313495680059,-0.137685853065146,-0.108674051909833
"Machaeropterus deliciosus",12,0,1,NA,-0.710505745032612,-0.700326320184699,-0.555349511887091,-0.595998132644102,-1.03167231531791,-0.421522837624734,-0.25237769743806,-1.62946684560655,0.57260778999125,0.0226533993952843,0.22219759138919,0.179997683261573,-0.113926922704527,-0.195074803075936
"Malacoptila panamensis",6,12,NA,NA,0.20671524340668,0.320901326662057,0.808482776300546,-0.219688564465026,-0.103087015474609,-0.341066227099803,-0.122961166419125,0.280205083008805,0.0844446447436446,-0.774458001452676,-0.197358252343249,0.322220641199099,-0.0110342471292796,0.17712792401759
"Manacus manacus",26,96,NA,NA,-0.502994233454077,-0.706095967906997,-0.411788218393655,-0.729153825999775,-0.868728171793611,-0.167775065969183,-0.55003571878161,-1.31779950370942,0.941784797578129,0.0341821686120477,0.209668752900013,0.115500931855062,-0.171038172968936,0.0501609993088725
"Masius chrysopterus",5,0,1,NA,-0.785728683088471,-0.775331740574574,-0.555349511887091,-0.630734400476017,-0.686152203748311,-0.409144897543975,-0.750631341860958,-1.4934433497742,1.01209688913664,0.0268736847586876,-0.154166609034853,-0.0236190507886819,-0.0616078831133008,-0.244020962347227
"Megaceryle torquata",0,1,NA,1,1.72780813603964,3.4538200398699,2.10053441774147,1.28410236375828,0.847093291341795,-0.576247088634216,0.00645536459980937,3.56836481766548,-1.19486991365957,-2.41881289767279,0.0554768346134865,0.228137825942636,1.42781491083859,-0.447956480130855
"Megascops centralis",0,1,NA,1,0.978862200819741,-0.13490084339949,0.210310720077898,0.925160929495163,0.00488801939089167,0.166429316211299,0.0905761097621169,1.06064973622415,-0.0819044073137757,0.666498168604167,0.121923745762627,0.681895640451337,0.240442251479212,-0.199151614865676
"Melanerpes pucherani",6,4,NA,NA,0.496004817667443,0.130502951826221,0.114603191082274,0.11609535791015,-0.38185892367281,-0.260609616574872,0.0582219770073833,0.138717848976685,-0.0374757200013985,-0.0991165387374684,0.207411462153665,0.465407049638833,0.352205969058818,0.00924968931188996
"Microbates cinereiventris",5,16,NA,NA,-0.759815872667106,-0.215675911511662,-0.651057040882715,-0.717575070055803,-0.978666389111212,-0.0316177250808385,-0.815339607370426,-1.30217612722423,1.12562660993294,-0.186037709686693,0.534470039766644,-0.319818222468145,-0.0345616253836712,-0.23228741936095
"Microcerculus marginatus",7,17,NA,NA,-0.437807150947392,-0.261833093290047,-0.651057040882715,-0.635076433955006,-1.03756186267421,-0.00686184491932138,-0.828281260472319,-1.14575456460126,1.15297353592225,-0.0674653595590677,0.625487002896186,-0.0990334826069494,0.102702024441451,-0.145010420937751
"Micromonacha lanceolata",1,0,1,NA,-0.373948269435052,-0.0368168321204227,0.018895662086651,-0.574287965249155,-0.692041751104611,-0.662892669199526,-0.058252900909658,-1.00164073789688,0.136608110230589,-0.622387543668186,0.0154230789266467,0.22323000799151,0.118194327236821,-0.0172796872458441
"Microrhopias quixensis",0,4,NA,1,-1.07029915663156,-0.469540411292777,-0.483568865140373,-0.717575070055803,-0.47805486382571,-0.440089747745872,-0.427090014313622,-1.48410318399796,0.631470059290162,-0.205693324318155,-0.234320535033806,-0.383156119862655,-0.175621550973277,-0.228537183052563
"Mionectes oleagineus",0,9,NA,1,-0.805761810875825,-0.688787024740103,-0.459641982891467,-0.60902423308107,-0.56639807417021,-0.471034597947768,-0.472385800170249,-1.43089972753387,0.702145497290041,-0.0315849049994704,-0.237285305768643,-0.0611171501811681,-0.104030856239676,-0.193868452574009
"Mionectes olivaceus",6,25,NA,NA,-0.569350730835511,-0.481079706737373,-0.483568865140373,-0.527972941473269,-0.50161305325091,-0.421522837624734,-0.478856626721196,-1.16652307479536,0.662227610489049,-0.0369162768754814,-0.14141448393438,-0.0777135886446437,0.0846365612410729,-0.150349316490582
"Mitrospingus cassinii",13,2,NA,NA,0.166529278175978,-0.123361547954893,-0.172519395904596,-0.276134999691887,-0.0756024611452085,0.110728585847885,-0.763572994962852,0.0110408861544416,0.930765795885214,0.0824817235572853,-0.00739468859508105,-0.126696153898154,0.199437197137301,0.123717623768632
"Mniotilta varia",0,1,NA,1,-0.826338890427876,-0.57916371801644,-0.770691452127244,-0.488894640162365,-0.59780899340381,-0.390577987422837,0.0711636301092767,-1.49218782848654,0.194352017369792,0.225696577700862,0.0142573527713289,-0.227344954962296,-0.0667335500444605,-0.197624706173187
"Molothrus bonariensis",2,6,NA,NA,0.186888584523737,-0.232984854678557,0.0906763088333687,0.105963946459175,0.110899871804292,0.116917555888264,0.187638508026318,0.248742636681712,-0.0136586416897158,0.348367172617243,-0.106512396584717,0.0418027680617787,-0.14877377768358,0.131671111088932
"Mustelirallus colombianus",3,0,1,NA,0.44449716173575,-0.129131195677192,-0.651057040882715,-0.0807434931373669,-0.923697280452411,0.271641806897747,-0.0453112478077645,-0.328932298925908,0.397368049262726,0.499250295185389,1.00025927363139,0.251054301387197,0.302652887127365,0.0970031059727801
"Myiobius barbatus",5,14,NA,NA,-0.819417601471043,-0.625320899794824,-0.435715100642562,-0.580077343221141,-0.44664394459211,-0.54530223843232,-0.491798279823089,-1.3724226278614,0.662063372958763,-0.0889340337414457,-0.364308577628104,-0.109915330115615,-0.0431259471419775,-0.227887987648122
"Myiopagis caniceps",0,1,NA,1,-0.854673998950953,-0.706095967906997,-0.627130158633809,-0.637971122940999,-0.51928169531981,-0.45246768782663,-0.381794228456995,-1.51445209345045,0.632962980292967,0.0788466327576959,-0.230536340316644,-0.184803999325929,-0.0724207686302343,-0.169349107054314
"Myiophobus fasciatus",0,2,NA,1,-0.899267794297169,-0.584933365738738,-0.244300042651314,-0.62928705598302,-0.44860712704421,-0.440089747745872,-0.388265055007941,-1.30656731107823,0.599197649593035,-0.184599138829915,-0.317097190612167,-0.144219363513124,-0.261136010768838,-0.165217093664203
"Myiornis atricapillus",1,10,NA,NA,-1.31766725328491,-0.694556672462401,-0.555349511887091,-0.985333801260146,-1.19657964129431,-0.669081639239906,-0.614743984291077,-2.24547527203432,0.90512753454306,-0.440421743086858,0.0595880450171595,-0.0347252315908548,-0.225449018111482,-0.354135748649886
"Myiothlypis bivittata",2,0,1,NA,-0.604843042986089,-0.527236888515757,-0.507495747389279,-0.548235764375219,-0.330816179918209,-0.0873184554442522,-0.653568943596757,-0.959531504674256,0.923882792562978,0.139299189904746,-0.111643903685862,-0.321358332965304,-0.0932931461504749,-0.0792589062617308
"Myiothlypis fulvicauda",12,6,NA,NA,-0.589428087030185,-0.544545831682651,-0.38786133614475,-0.568498587277169,-0.53695033738871,-0.0687515453231143,-0.58886067808729,-1.01405678557056,0.899785193441721,0.0636685374227638,0.044621253672908,-0.162318887407148,-0.195888924991358,-0.064513063293705
"Myiotriccus ornatus",7,0,1,NA,-0.899267794297169,-0.613781604350228,-0.316080689398032,-0.593103443658109,-0.58799308114331,-0.532924298351561,-0.323556789498474,-1.4413372414791,0.524708324822006,-0.171646411823194,-0.251942003000473,-0.0392007944077157,-0.198025015832192,-0.232124252858167
"Myiozetetes cayanensis",1,36,NA,NA,-0.170412343500738,-0.538776183960353,-0.172519395904596,-0.267450932733909,-0.110939745283009,-0.19871991617108,-0.582389851536343,-0.470649580010233,0.747154748616018,0.159310870726892,-0.351323283202392,0.0382087447116229,0.0234836496664632,-0.0287293716243291
"Myiozetetes granadensis",1,1,NA,NA,-0.076932486973248,-0.34260816140222,-0.100738749157879,-0.231267320408997,-0.201246138079609,-0.359633137220941,-0.53062323912877,-0.439521762822119,0.60936455226633,-0.0451387203444479,-0.299676340990541,0.153203821797051,0.185468614384594,-0.0745932003992287
"Myrmothera dives",5,0,1,NA,0.23122144825319,-0.169518729733278,-0.220373160402408,-0.393369903624599,-0.843206799916311,0.791515290289607,-1.11299762871398,-0.0271903725636556,1.58686264097921,0.208699691518421,0.97566321305023,-0.0110307501600599,-0.155480781311074,0.161655263756835
"Myrmotherula axillaris",2,21,NA,NA,-1.05135127288648,-0.504158297626565,-0.651057040882715,-0.745074615422736,-0.796090421065911,-0.501979448149665,-0.621214810842024,-1.71679982034342,0.837737909463036,-0.220093314249998,-0.0257270468560963,-0.242791701948216,-0.0321877218460026,-0.336071818251859
"Myrmotherula pacifica",0,27,NA,1,-0.884109771548255,-0.486849354459671,-0.603203276384903,-0.752311337887718,-0.962960929494411,-0.378200047342079,-0.88651869943084,-1.60751818755453,1.13752725137902,-0.245639286843582,0.167383958205651,-0.116671311645238,0.00310177694033287,-0.318668878123211
"Myrmotherula surinamensis",5,0,1,NA,-1.03286557904649,-0.492619002181969,-0.651057040882715,-0.774021505282665,-1.04541459248261,-0.415333867584355,-0.795927127717586,-1.77019273901122,1.05463034628431,-0.270052161252554,0.207583030618531,-0.153326599035807,-0.0530155848497574,-0.380876441248182
"Notharchus pectoralis",9,17,NA,NA,0.57330016525505,0.649771246833046,1.38272795027429,-0.0735067706723847,0.132494878777392,-0.440089747745872,0.304113385943359,0.860738797090431,-0.460618415722384,-1.0825255241699,-0.320695260808608,0.553167506453853,-0.0214926421211329,0.378952857684366
"Notharchus tectus",4,0,1,NA,-0.144524123072185,0.0670368268809421,0.593140836060393,-0.445474305372471,-0.45842303930471,-0.662892669199526,0.129401069067797,-0.499259102859891,-0.112012219672538,-0.822971103831612,-0.183594334822872,0.436642105488013,-0.0556992550022616,0.122085738741423
"Nyctidromus albicollis",1,0,1,NA,0.437969336077571,-0.434922524958989,-0.26822692490022,0.699375188587718,1.1612024836778,-0.0935074254846314,0.73765876485679,0.751733093879714,-0.76613955345178,1.11547839042711,-0.959095063450769,-0.198082893296786,0.208345374233132,0.0655854227424636
"Nyctiphrynus rosenbergi",2,0,1,NA,0.357827708572445,-0.561854774849546,-0.172519395904596,0.307144830985681,0.342555401152093,-0.378200047342079,0.582358927634068,0.0297841676571318,-0.519757500986411,0.681996899850564,-0.586646782215012,0.303162782420556,0.206614933559976,0.103983267419352
"Nystalus radiatus",2,0,1,NA,0.478807544583979,0.384367451607335,1.07167848103851,-0.158900095759175,0.0225566614597918,-0.415333867584355,-0.103548686766285,0.572181723299359,0.00622293120468975,-0.883596708180841,-0.327928339710079,0.517308315724731,0.0622516176228529,0.290785707542849
"Ornithion brunneicapillus",0,1,NA,1,-1.15121602925855,-0.833028217797554,-0.746764569878338,-0.855072796890466,-0.980629571563312,-0.662892669199526,-0.763572994962852,-2.11276952016479,1.02779527579802,-0.158090935551144,-0.118159902509298,-0.0536484554942712,-0.0386979251247944,-0.369897697348199
"Pachyramphus cinnamomeus",11,5,NA,NA,-0.355047642174683,-0.4003046386252,0.353872013571334,-0.370212391736656,-0.346521639535009,-0.242042706453735,-0.239436044336167,-0.520626516094966,0.426325882069873,-0.280923431039951,-0.222429930438508,0.218269064556091,-0.372720640139302,0.0207584881727737
"Pachyramphus homochrous",0,2,NA,1,0.106023152599508,-0.250293797845451,0.37779889582024,-0.218241219972029,-0.114866110187209,-0.186341976090321,-0.245906870887113,-0.0444588263585333,0.373390137331937,-0.173977170195568,-0.252259420036407,0.285444631127469,-0.10377817769538,0.164948253447781
"Pachyramphus marginatus",2,0,1,NA,-0.42952427207235,-0.521467240793459,0.186383837828992,-0.504815429585326,-0.52320806022401,-0.316310346938286,-0.168256952275752,-0.84629760486932,0.41363680324636,-0.23622040601477,-0.141019899705685,0.256006721312651,-0.349653976644178,0.0618640672584026
"Pachysylvia decurtata",0,10,NA,1,-1.0148200628715,-0.527236888515757,-0.627130158633809,-0.724811792520786,-0.805906333326411,-0.415333867584355,-0.750631341860958,-1.63869756824568,0.984853765389515,-0.189066730717362,0.00937094401389489,-0.232180721903067,-0.0604144947835981,-0.344774503229365
"Panyptila cayennensis",0,15,NA,1,-0.325754106873984,-0.896494342742833,-0.746764569878338,0.234777606335858,-0.48394441118201,-0.97853014125887,2.85361904701637,-1.54775080158805,-2.60296891934076,0.988532544981544,-0.0932253627925528,0.561026954543246,-0.121818839767922,0.0815484123804341
"Patagioenas cayennensis",0,4,NA,1,1.48136223359382,0.04395823599175,-0.363934453895844,1.12489446952867,0.699854607434294,-0.0130508149597008,0.692362979000163,1.39699396406422,-0.81458156353245,1.17755155080881,-0.198264457570727,0.388138193316561,0.916579524992825,0.0667731489300196
"Patagioenas goodsoni",0,26,NA,1,1.28186049797742,-0.388765343180604,-0.507495747389279,0.667533609741796,0.442677706209193,-0.223475796332597,0.634125540041643,0.672433085393036,-0.610468743700771,1.15959480370112,-0.294228450933529,0.524875240156619,0.844633387634215,0.279023081129393
"Patagioenas speciosa",0,3,NA,1,1.57319685003455,0.04395823599175,-0.316080689398032,1.18857762722052,0.417156334331893,0.00551609516143716,0.782954550713417,1.35889149290388,-0.872975890244296,1.1652338702424,0.0540144327880322,0.610020610715506,0.890753839624449,0.0310290527035021
"Phaenostictus mcleannani",2,13,NA,NA,0.34459578592642,-0.0195078889535287,-0.244300042651314,-0.184952296633111,0.120715784064792,0.531578548593677,-0.692393902902438,0.431422341421183,0.945716040936353,0.35867739230942,0.188264442009926,-0.368324284211272,0.113958744620735,0.270910637155415
"Phaethornis longuemareus",2,0,1,NA,-1.80411282786346,0.268974497161374,-0.938179627869586,-0.860862174862452,-0.790200873709611,-1.2075220327529,2.64655259738608,-2.62680907116747,-2.5030412906943,-0.496684477787498,0.232345865666637,-0.776429381271432,-0.241648058217557,-0.074764347735605
"Phaethornis striigularis",5,13,NA,NA,-1.80411282786346,-0.00219894578663451,-0.890325863371774,-0.918755954582309,-0.798053603518011,-1.21371100279328,2.7047900363446,-2.74423451877754,-2.48651447854271,-0.373289209357463,0.132906601768521,-0.64721090917216,-0.375243727176978,0.0254250041300806
"Phaethornis yaruqui",4,28,NA,NA,-1.35864349582747,1.26135390539664,-0.842472098873962,-0.623497678011034,-0.45645985685261,-1.15182130238949,2.53007771946904,-1.73665312838583,-2.66890450097078,-0.909656776065461,0.402708770945394,-1.08500102328904,0.314186723949294,-0.12112482102085
"Nannopterum brasilianum",0,2,NA,1,2.76109626037693,2.24219401818731,1.38272795027429,2.50131908236829,2.1624255342488,1.55275860525626,0.517650662124601,5.49565985606143,-1.07783903483243,0.605902308321691,0.250935782686861,-0.296506774066336,0.647457913652928,0.0320654734844713
"Philodice mitchellii",3,0,1,NA,-1.77926221225283,-0.365686752291412,-1.10566780361193,-0.967965667344189,-0.986519118919612,-1.21989997283366,2.63361094428418,-3.04520534839592,-2.31064145019669,-0.101384590049728,0.179207074638724,-0.476735744055352,-0.371536562599155,0.0491605470156575
"Piaya cayana",3,1,NA,NA,0.86843073465584,0.465142519719508,0.569213953811487,0.627007963937895,3.9665902077287,0.68011382956278,-0.860635393227053,3.35144550317889,0.454687698870019,0.77270319481148,-2.69296807573958,-1.85880784623191,0.35240976296614,0.656956132558453
"Piculus litae",0,1,NA,1,0.572202589576756,-0.157979434288682,-0.100738749157879,-0.251530143310948,-0.160019306585509,-0.36582210726132,0.452942396615134,-0.172804481536745,-0.300583623024536,0.127873338798831,-0.0281909430545815,0.378854119640988,0.392601425679976,0.497219101924694
"Picumnus olivaceus",1,0,1,NA,-0.847490287597661,-0.775331740574574,-0.603203276384903,-0.726259137013782,-0.992408666275912,-0.700026489441802,-0.575919024985397,-1.88229195957472,0.812986403515553,-0.150341197542752,-0.0668244109885022,0.186024867021787,0.0490304098288932,-0.28520030421931
"Pionus chalcopterus",0,1,NA,1,1.41571921434351,0.563226530998575,2.05268065324365,1.26239219636334,0.00881438429509174,-0.477223567988148,0.433529916962294,2.00509646596233,-0.845081109414789,-0.74687885607374,-0.272542543586068,1.69959428582386,0.0485999415410573,-0.253912239565356
"Pionus menstruus",4,36,NA,NA,1.55088289651252,0.182429781326903,2.02875377099475,1.09884226865474,-0.0402651770074084,-0.464845627907389,0.304113385943359,1.84414205199746,-0.595657311911252,-0.56220467420674,-0.36044064929374,1.89962211995519,0.0068173506026856,-0.0414117693458534
"Pipreola jucunda",1,0,1,NA,0.427406435147436,-0.313759922790729,0.0428225443355568,-0.0952169380673314,-0.37400619386441,-0.0996963955250108,-0.0776653805624982,-0.0792412487597629,0.278578525031182,0.167313991614167,0.121229473136147,0.468154700975819,0.121010572661471,0.208609316448466
"Piranga rubra",0,1,NA,1,-0.0821234379066831,-0.261833093290047,0.545287071562581,-0.153110717787189,-0.112902927735109,-0.254420646534493,0.310584212494306,-0.130886092576678,-0.173037349245404,-0.205475734059807,-0.282378647679646,0.313620665139778,-0.368625395160427,0.158295144802702
"Pittasoma rufopileatum",8,0,1,NA,0.826421822825014,0.545917587831681,0.425652660318052,-0.1487686843082,-0.913881368191911,1.32376671376223,-1.27476829248764,1.09704346758522,1.71123818862701,-0.165239983180195,1.56618771392439,0.110255178635602,-0.227658917438051,0.280688697323174
"Pluvialis dominica",1,0,1,NA,1.16825613982508,0.147811894993115,-0.555349511887091,1.14660463692362,-0.220877962600609,1.00812924170288,2.21947804502359,1.15464204755143,-1.80163263369712,1.69909015242267,1.41357362372642,0.180873350818622,-0.105393966877687,0.286948503067771
"Poliocrania exsul",15,80,NA,NA,-0.153055648889549,-0.157979434288682,-0.26822692490022,-0.530867630459262,-0.58799308114331,0.302586657099643,-1.10652680216303,-0.404942756143628,1.41341431671257,-0.0664165461803493,0.427363321184893,-0.188759276014868,-0.0160426918382666,0.0238341348096032
"Polyerata amabilis",0,6,NA,1,-1.53127544138276,-0.140670491121788,-0.986033392367398,-0.727706481506779,-0.939402740069211,-1.19514409267215,2.57537350532566,-2.65584443458573,-2.35176092280129,-0.154808781600849,0.245143942149039,-0.377322399166768,-0.21945569740038,-0.0472630345637988
"Polyerata rosenbergi",12,18,NA,NA,-1.64517069727536,0.00934034965796156,-0.938179627869586,-0.720469759041796,-0.923697280452411,-1.07755366190494,2.5947859849785,-2.57135405209917,-2.37121411075092,-0.232299601931228,0.337793587730569,-0.53491850848479,-0.325307831426398,-0.0906947716002036
"Psarocolius wagleri",6,5,NA,NA,1.18800646592842,1.9710205752393,1.28702042127866,1.14949932590961,0.827461466820794,0.748192500006952,0.265288426637679,3.0423928761803,-0.653277510213981,-0.619869633844493,0.459348791390129,-0.305802833087555,0.192680764785166,-0.117122478192203
"Pteroglossus torquatus",0,12,NA,1,1.44786885144434,4.6250585274964,4.2778807023919,0.64148140886786,1.5027962303432,0.68630279960316,-0.56944819843445,5.33475375408953,-0.489044053163399,-3.98511013864537,0.205348754132291,-0.576091952782702,-0.1022872041541,0.267952765668362
"Pygochelidon cyanoleuca",0,13,NA,1,-0.914735185709793,-0.873415751853641,-0.603203276384903,-0.1487686843082,-0.55461897945761,-0.836183830330147,1.5012162978685,-1.75875790065605,-1.26645371160983,0.470910850282219,-0.249488814796177,0.186375721167372,-0.321232598979348,-0.204616984192715
"Pyrilia haematotis",1,0,1,NA,1.15564560140216,0.113194008659327,1.0238247165407,0.718190666996671,-0.130571569804009,-0.45865665786701,0.711775458653003,1.00574438615616,-0.846419096469738,-0.153114492492923,-0.110975970139003,1.27789420496337,0.216221040303111,0.087510279928645
"Pyrilia pulchra",4,2,NA,NA,1.16071502413911,0.188199429049201,1.11953224553632,0.721085355982665,-0.177687948654409,-0.390577987422837,0.782954550713417,1.07618727281611,-0.902069756735961,-0.213736734978318,-0.0114096060936576,1.28409090308424,0.134485010928979,0.109696236343999
"Pyrrhura melanura",3,0,1,NA,0.588501623642128,-0.186827672900172,1.04775159878961,0.369380644184528,0.713596884598994,-0.638136789038009,1.06120009240413,0.743585843522789,-1.18462631886866,-0.0896487380646591,-1.04043395729878,0.684450288857998,-0.114748806313588,0.364039050163641
"Querula purpurata",8,44,NA,NA,0.907527556834381,0.292053088050566,1.52628924376772,1.09450023517575,0.796050547587194,0.042649915403713,-0.440031667415515,2.1003962289057,0.118824917910113,-0.236100513629171,-0.770352953799651,0.671834306403321,-0.113631996368436,-0.313710598763522
"Ramphastos ambiguus",4,18,NA,NA,2.27399606023585,7.57334851359071,7.67549798173655,1.75593666847512,1.6716299212238,1.67034903602347,-0.92534365873652,9.13502860214046,-0.785230130625485,-6.58804897976611,1.17650723930976,-0.287582103290722,-0.940993503773376,-0.176824556749477
"Ramphastos brevis",0,25,NA,1,1.92646375398784,5.92322926501347,6.40737322254453,1.35502224391511,1.2397297817618,1.28044392347957,-0.653568943596757,7.32028450537829,-0.655484745759599,-5.3393084558016,0.901074214982426,0.0305743896087179,-0.885317641684314,-0.0180004588153047
"Ramphocelus flammigerus",6,54,NA,NA,0.0131941463320667,-0.279142036456941,0.473506424815863,-0.239951387366976,-0.110939745283009,0.085972705686368,-0.595331504638237,0.0988944008005292,0.783273461806177,-0.169459130299332,-0.179851316953317,0.165912652873305,-0.308129663245767,0.123631319555038
"Rhynchocyclus pacificus",2,5,NA,NA,-0.197216248526114,-0.250293797845451,0.736702129553828,-0.347054879848713,-0.213025232792209,-0.310121376897907,-0.562977371883503,-0.181573422930874,0.643509475118644,-0.59396459523551,-0.413062785567476,0.348757445908258,-0.326302836266926,0.0245631164745415
"Rhynchortyx cinctus",2,2,NA,NA,1.16071502413911,-0.475310059015075,0.425652660318052,0.110305979938164,-0.61744081792481,0.494444728351401,0.763542071060577,0.531604502329524,-0.259659219854371,0.637807003010552,0.777372834556843,0.993205516152041,-0.308590484724276,0.75298887866599
"Rhytipterna holerythra",0,1,NA,1,0.0957952527897667,-0.059895423009615,0.234237602326804,0.00754452093541624,0.305254934562193,-0.000672874878941999,-0.511210759475929,0.377693737275537,0.539287394263285,-0.0180773579673037,-0.410865917671033,-0.102898426965112,0.0144753623062432,-0.00386211121225052
"Riparia riparia",0,3,NA,1,-0.710505745032612,-0.827258570075256,-0.579276394135997,-0.0112709574735375,-0.58602989869121,-0.811427950168629,1.85064093161963,-1.61370459580865,-1.60593720725284,0.583207551270072,-0.116589402801081,0.321016703834022,-0.29677457069822,-0.13491617301756
"Rupornis magnirostris",0,10,NA,1,1.60337219757413,0.153581542715413,1.0238247165407,1.71251633368523,1.6107712652087,2.34494677042481,0.232934293882945,3.89278353031631,0.0892989513408137,1.75107158431475,0.26179591770923,-0.358574780870034,-0.992992550099396,0.353594167878447
"Saltator atripennis",1,0,1,NA,0.400336562099186,-0.129131195677192,0.736702129553828,-0.00113954602256235,0.430898611496593,0.0364609453633336,-0.750631341860958,0.775324223811456,0.771935292140482,-0.185650523525828,-0.600877414729136,0.196145914862248,-0.0889321049297228,0.182703691436878
"Saltator grossus",10,4,NA,NA,0.234658532935169,-0.13490084339949,0.999897834291794,-0.093769593574335,0.203169447052993,0.00551609516143716,-0.375323401906048,0.59594214285046,0.458939211135008,-0.380042617365595,-0.464703510184872,0.334870924117513,-0.397439383773625,0.241701671823702
"Saltator maximus",5,14,NA,NA,0.290823177057127,-0.175288377455576,0.664921482807111,-0.093769593574335,0.232617183834493,0.104539615807506,-0.485327453272142,0.555195840749811,0.60365954913079,-0.137176012035587,-0.382544702350873,0.186537877361404,-0.236222455188991,0.246545848371216
"Sapayoa aenigma",5,5,NA,NA,-0.336606930135667,-0.4003046386252,0.37779889582024,-0.32389736796077,-0.305294808040909,-0.563869148553458,-0.349440095702261,-0.608490412918814,0.407139285051564,-0.425847046050622,-0.473082128082882,0.361616698755316,-0.153458251130124,-0.0991949782692745
"Sayornis nigricans",1,0,1,NA,-0.421330939587605,-0.325299218235325,-0.0528849846600667,-0.235609353887987,0.00292483693879177,-0.384389017382458,-0.155315299173859,-0.533471832061857,0.22608085101876,-0.0607769855443321,-0.477645932491566,-0.100087447564933,-0.0624602863533466,-0.108545178470224
"Schiffornis veraepacis",2,0,1,NA,-0.0317476976418051,-0.146440138844086,-0.196446278153502,-0.221135908958022,-0.134497934708209,-0.155397125888424,-0.414148361211728,-0.263005542818632,0.52181254660275,0.0204195917161922,-0.110064135095084,-0.0652924274103565,0.187853246306678,-0.00492010406268045
"Setophaga petechia",2,12,NA,NA,-0.876642953776505,-0.694556672462401,-0.651057040882715,-0.613366266560059,-0.662594014323111,-0.223475796332597,-0.0517820743587111,-1.50476389334203,0.415443389414377,0.218907532863527,0.0781695535157524,-0.222729432224199,-0.283461086382603,-0.0991661872132819
"Setophaga ruticilla",1,0,1,NA,-1.04205206574675,-0.659938786128612,-0.507495747389279,-0.587314065686123,-0.48001804627781,-0.409144897543975,0.0129261911507562,-1.51709786243651,0.256607135647717,0.0617148331155645,-0.213004764129813,-0.271895371919019,-0.322345504190309,-0.18296618214708
"Sipia berlepschi",19,13,NA,NA,-0.179242065201984,-0.129131195677192,-0.244300042651314,-0.554025142347205,-0.650814919610511,0.123106525928644,-1.04828936320451,-0.530494437033965,1.30720956410769,-0.191223769328934,0.376081747578506,-0.101642223458514,0.0597461742033764,-0.0108076792680705
"Sipia palliata",1,0,1,NA,-0.197216248526114,-0.19259732062247,-0.363934453895844,-0.51928887451529,-0.61547763547271,0.191185196372816,-0.912402005634627,-0.554258668499357,1.20995155762624,-0.021415561848047,0.407075288615823,-0.168768337750777,0.0265099241985134,0.00620740485644733
"Spizaetus ornatus",0,1,NA,1,2.73502975285629,0.886326803447266,1.47843547926991,3.62445840893354,4.17076118274711,4.34398409346732,-0.465914973619302,7.93659961762685,0.535425370355603,3.22209050610325,-0.278937341867204,-1.6308168888582,-1.22679458190575,0.0722313098435864
"Spizaetus tyrannus",0,2,NA,1,2.60385839600884,1.0709555305608,1.4305817147721,4.07892457973442,5.05223010374001,3.5146621080565,-0.420619187762675,8.12604703942015,-0.0120024641365726,3.07836950754444,-1.42944284565996,-1.79225140236604,-0.634214919114501,-0.395197190279655
"Sporophila corvina",7,25,NA,NA,-0.847490287597661,-0.752253149685381,-0.196446278153502,-0.721917103534793,-0.67437310903571,-0.390577987422837,-0.427090014313622,-1.44124337960268,0.731686148412463,-0.157997071442229,-0.176727484003805,0.0467497992839109,-0.360376840226511,-0.0813865916006459
"Sporophila funerea",3,18,NA,NA,-0.692811341151788,-0.642629842961718,0.186383837828992,-0.688628180195874,-0.55658216190971,-0.384389017382458,-0.582389851536343,-1.10128179723918,0.828701046896581,-0.385680726171523,-0.300191458523309,0.174081205185836,-0.410827821978028,-0.0262190290720954
"Sporophila nigricollis",7,11,NA,NA,-0.922588891985224,-0.84456751324215,-0.26822692490022,-0.726259137013782,-0.66848356167941,-0.607191938836113,-0.627685637392971,-1.61924125172025,0.862087977010529,-0.208047789775152,-0.376299306317985,0.105603968729179,-0.220130221834738,-0.208023708388714
"Stelgidopteryx ruficollis",6,4,NA,NA,-0.530724492884075,-0.706095967906997,-0.38786133614475,0.0234653103583773,-0.51535533041561,-0.780483099966733,1.76004935990637,-1.34481635325569,-1.55304529757575,0.467862998636635,-0.132134497614536,0.393364989742272,-0.257752916343523,-0.0746838978458148
"Stilpnia cyanicollis",0,2,NA,1,-0.489500538009386,-0.659938786128612,-0.38786133614475,-0.527972941473269,-0.59977217585591,-0.384389017382458,-0.161786125724806,-1.2161158100853,0.437110600167844,0.0874325179307817,-0.0686640290302982,0.116332500119055,-0.0847007917553324,-0.010643276531218
"Stilpnia larvata",6,27,NA,NA,-0.366331362372109,-0.688787024740103,-0.363934453895844,-0.481657917697383,-0.60762490566431,-0.334877257059424,-0.194140258479539,-1.11541514751155,0.482369941475335,0.148230394988164,-0.0334967878759556,0.194339595613633,-0.0664397627266424,0.0192009756932059
"Streptoprocne zonaris",0,17,NA,1,0.746135191246026,-0.538776183960353,-0.196446278153502,1.59093939627353,-0.193393408271209,-0.0749405153634937,2.67243590358986,0.500251837811042,-2.53686272931998,1.60934001391954,0.390850872339488,0.971132440335177,-0.186649521073616,-0.300467610211841
"Synallaxis brachyura",6,0,1,NA,-0.433654396045257,-0.42915287723669,-0.651057040882715,-0.646655189898978,-0.00689107532170826,-0.143019185807666,-0.763572994962852,-0.816201417956532,0.980321676419168,0.16844872959664,-0.327101547032589,-0.509027587434037,0.185191823309143,0.0906459304608218
"Tachyphonus delatrii",11,69,NA,NA,-0.446181555198235,-0.492619002181969,-0.292153807149126,-0.451263683344457,-0.372043011412309,-0.272987556655631,-0.56944819843445,-0.866678968589847,0.764062612339349,-0.00459351702473339,-0.18867977137641,-0.0455940037503108,-0.0196278137678888,-0.0969175210382097
"Tachyphonus rufus",0,3,NA,1,0.044683133203589,-0.290681331901537,-0.00503122016225508,-0.283371722156869,0.00292483693879177,-0.0935074254846314,-0.53062323912877,-0.13253560562482,0.67657468724597,0.0319659419751904,-0.276824563208805,-0.0020524949979284,0.0662915151267116,0.134709735181021
"Tangara florida",8,0,1,NA,-0.393332340745215,-0.613781604350228,-0.435715100642562,-0.540999041910237,-0.801979968422211,-0.45246768782663,0.00645536459980937,-1.32159182301977,0.281312319744785,0.0593610316549145,0.114428837888615,0.257084039417155,0.000206126876155316,0.0224637653398795
"Tangara johannae",0,2,NA,1,-0.366331362372109,-0.642629842961718,-0.316080689398032,-0.493236673641354,-0.58602989869121,-0.409144897543975,-0.0129571150530309,-1.13179166201057,0.284182618344033,0.091772306834117,-0.0629402094954363,0.212191059229598,-0.0670378028630935,0.0604406101451312
"Tangara lavinia",1,0,1,NA,-0.228154253277111,-0.561854774849546,-0.459641982891467,-0.477315884218393,-0.63903582489791,-0.489601508068906,-0.0323695947058711,-1.14743597704103,0.267348257882974,0.102581848270809,0.00545267599249913,0.2529699113858,0.16159972093112,0.058329494333501
"Taraba major",11,4,NA,NA,0.456107402173104,0.147811894993115,0.210310720077898,-0.17337354068914,0.077525770118592,0.624413099199367,-1.24241415973291,0.798742874689423,1.43442901259411,-0.0142972140387524,0.190266229613071,-0.219121711625583,0.0399245874581104,0.207663605331274
"Terenotriccus erythrurus",0,8,NA,1,-1.11985117241325,-0.850337160964448,-0.627130158633809,-0.795731672677611,-0.764679501832311,-0.54530223843232,-0.53062323912877,-1.90120231017947,0.821577652881202,-0.0530865904227153,-0.208240743697832,-0.127613199101565,-0.196566270300198,-0.260322333951193
"Thalurania colombica",10,2,NA,NA,-1.49682060492247,-0.19259732062247,-0.91425274562068,-0.727706481506779,-0.862838624437311,-1.2075220327529,2.83420656736353,-2.62968594100329,-2.58688059951669,-0.103319581043896,0.185671810590202,-0.341467205750602,-0.299782782902946,0.0617038575546881
"Thamnistes anabatinus",1,0,1,NA,-0.34025935105248,-0.0252775366758266,-0.00503122016225508,-0.491789329148358,-0.44860712704421,-0.223475796332597,-0.53062323912877,-0.579825814684527,0.660272946893479,-0.419462444195635,0.0417158057227987,-0.069647106379093,0.00255101157638996,-0.0415693978274493
"Thamnophilus atrinucha",12,88,NA,NA,-0.240891962750488,-0.250293797845451,-0.172519395904596,-0.501920740599333,-0.41130666045431,-0.112074335605769,-0.983581097695041,-0.563324447080781,1.15842819959114,-0.198028530072227,-0.0192494133313423,-0.0634505981626489,0.0929064028726993,-0.0498464858365831
"Thraupis episcopus",2,33,NA,NA,0.0577879416782824,-0.55031547940495,0.0667494265844628,-0.221135908958022,-0.256215246738409,-0.0811294854038728,-0.103548686766285,-0.316823397450681,0.362576777102825,0.205873886967289,-0.11203122971356,0.295450362229029,-0.170821836186502,0.185841202028044
"Thraupis palmarum",0,12,NA,1,0.139800406651322,-0.504158297626565,-0.0528849846600667,-0.145873995322207,-0.130571569804009,-0.180153006049942,-0.161786125724806,-0.257996662487797,0.347799567180623,0.253912765979175,-0.228549463504083,0.262128756492533,0.0365068758090942,0.136099189643581
"Threnetes ruckeri",4,13,NA,NA,-1.3872459798599,0.557456883276277,-0.746764569878338,-0.665470668307931,-0.800016785970111,-1.13325439226835,2.43301532120483,-2.11777703649524,-2.38117485180035,-0.624454849284541,0.386945523136484,-0.595324541884961,-0.0209559330709192,-0.0913976515447936
"Thripadectes virgaticeps",1,0,1,NA,0.536213590905531,0.245895906272182,-0.124665631406785,-0.0648227037144061,0.299365387205893,0.308775627140023,-0.718277209106225,0.688234092666719,0.798188621441385,0.14554921147262,0.00810875072283483,-0.309309557499923,0.400609872559433,0.221345092662719
"Tinamus major",0,3,NA,1,2.61809717530699,0.851708917113477,-0.220373160402408,2.00343257677752,0.120715784064792,2.52442690159581,-0.226494391234273,3.73697363120295,0.558745715428954,2.01891202030775,2.14415390367872,0.112328517035838,0.352801347786977,0.0256520376558135
"Tityra semifasciata",1,0,1,NA,0.677647090666417,0.245895906272182,1.0238247165407,0.259382462716798,-0.105050197926709,0.123106525928644,0.0258678442526496,0.984285225360939,0.0189776708385894,-0.346061317396456,0.111834883772216,0.603960563242555,-0.208733373951688,0.181339335245689
"Todirostrum cinereum",5,3,NA,NA,-1.24181641471807,-0.515697593071161,-0.316080689398032,-0.86954624182043,-0.849096347272611,-0.27917652669601,-0.60827315774013,-1.65794016484577,0.922219487480436,-0.381235024091165,0.0579412246665958,-0.293786807780299,-0.462846232993521,-0.252759242468139
"Todirostrum nigriceps",0,1,NA,1,-1.2181308660139,-0.538776183960353,-0.292153807149126,-0.936124088498267,-1.04541459248261,-0.520546358270803,-0.517681586026876,-1.89311245943423,0.803375398252746,-0.527174979841227,0.0668935198069019,-0.074382078050251,-0.359177714117443,-0.253217605315237
"Tolmomyias assimilis",0,2,NA,1,-0.489500538009386,-0.452231468125883,-0.100738749157879,-0.571393276263162,-0.52517124267611,-0.378200047342079,-0.55003571878161,-0.979553011437118,0.742388048202536,-0.25366105417222,-0.158809766475736,0.08706062838062,-0.0857022139561918,-0.0574210075339609
"Tringa flavipes",1,0,1,NA,0.660246114887625,1.01902870106012,-0.770691452127244,0.723980044968657,-0.224804327504809,1.60845933561967,1.83769927851773,1.28086342435973,-1.36562062576517,1.23235311728214,2.02790506127167,-0.895496994235123,-0.239762357041993,0.294080869123092
"Tringa solitaria",1,0,1,NA,0.303454734016372,0.517069349220191,-0.818545216625056,0.347670476789581,-0.45449667440051,0.370665327543816,1.63710365543839,0.0600583535210204,-1.37777538065891,0.732821227897738,1.18233669974726,-0.331273562700782,0.187963287267193,0.11348210649325
"Troglodytes aedon",0,18,NA,1,-0.826338890427876,-0.452231468125883,-0.746764569878338,-0.740732581943746,-0.705784028269311,-0.217286826292217,-0.744160515310012,-1.43721641861942,1.02802939518967,-0.03417032515519,0.134270730575718,-0.35927900834242,0.0143400485559636,-0.190166813688768
"Trogon chionurus",7,30,NA,NA,0.771042135659193,0.0208796451025578,1.14345912778523,0.472142103187275,1.3339625394626,-0.539113268391941,0.705304632102056,1.34892231421377,-0.960047607893956,-0.0952566897500564,-1.43553568310961,0.380847736152026,0.0620540986323805,0.412656717447297
"Trogon curucui",1,0,1,NA,0.386430192604875,-0.232984854678557,0.640994600558205,0.288329352576727,1.0198533471266,-0.693837519401423,0.75707124450963,0.587400076790659,-0.930959799088724,0.0648049763944088,-1.32778168879271,0.27961997296089,0.0997735915552192,0.276581312061185
"Trogon massena",2,0,1,NA,1.11382114850425,0.25166555399448,1.69377741951006,1.0337117664699,1.5126121426037,-0.396766957463217,0.75707124450963,2.20057416998822,-1.15499274449473,-0.148707768756162,-1.45537625061112,0.663376381190159,-0.0441311934223938,0.213031917449463
"Trogon rufus",10,2,NA,NA,0.383618034003903,-0.221445559233961,0.664921482807111,0.152278970235061,1.0571538137165,-0.650514729118768,0.873546122426672,0.561234203599228,-0.998445854873711,0.0397797132566874,-1.31375894630212,0.211661758364811,0.0376901503751174,0.437045053248068
"Trogon viridis",0,1,NA,1,0.771042135659193,0.0843457700478363,0.952044069793982,0.629902652923888,1.597028988044,-0.582436058674596,0.66000884624543,1.47613320487226,-1.00669217995889,0.0463730478821145,-1.61648708680806,0.196014173604683,0.247096368359639,0.289053506613516
"Tyrannulus elatus",5,13,NA,NA,-1.16196622189195,-0.890724695020535,-0.698910805380527,-0.787047605719633,-0.713636758077711,-0.613380908876492,-0.336498442600368,-1.98749383544433,0.625352499931131,0.0155552340612499,-0.270305340323282,-0.154438403992172,-0.18900710069407,-0.245290645988771
"Tyrannus melancholicus",0,24,NA,1,0.108052272615913,-0.0137382412312306,0.856336540798358,0.0900431570362137,0.291512657397493,-0.303932406857527,-0.0453112478077645,0.468605869989407,-0.0176174334706832,-0.400899149666529,-0.626101831042501,0.294574438476206,-0.210829211215242,0.0273203165248018
"Tyrannus tyrannus",0,1,NA,1,0.157091100489715,-0.129131195677192,0.497433307064769,0.204383371982933,0.207095811957192,-0.316310346938286,0.575888101083122,0.262101596547141,-0.567417486626589,-0.00846622770524691,-0.442990498972671,0.30670867287395,-0.155297874469051,0.0759343172481497
"Vanellus chilensis",0,3,NA,1,1.75134654580758,0.655540894555344,0.0667494265844628,1.78633090282805,0.476051807894893,3.1557018457145,0.427059090411347,3.67792734651082,0.19296401902402,2.1909279925686,2.08981786474211,-0.616966631054595,-0.825956810881093,0.210480879288006
"Vireo chivi",0,3,NA,1,-0.530724492884075,-0.561854774849546,-0.411788218393655,-0.500473396106336,-0.48983395853831,-0.328688287019045,-0.226494391234273,-1.1130028790004,0.473887875461144,0.0766388754421546,-0.0954266399245619,-0.030704714145929,-0.0701775106609802,-0.0498734630304384
"Volatinia jacarina",1,14,NA,NA,-0.899267794297169,-0.769562092852276,-0.435715100642562,-0.792836983691619,-0.672409926583611,-0.421522837624734,-0.666510596698651,-1.58320069219951,0.960267152346679,-0.110295855001342,-0.198400911818517,-0.0763097716124552,-0.197245574725785,-0.133500150119698
"Xenops minutus",1,9,NA,NA,-0.847490287597661,-0.55031547940495,-0.698910805380527,-0.587314065686123,-0.54676624964921,-0.551491208472699,-0.148844472622912,-1.5438857746649,0.349965762828755,0.0319250741261711,-0.163841051676601,-0.207029329451357,0.0376748285345163,-0.204566506040289
"Xiphorhynchus erythropygius",7,0,1,NA,0.27797751574632,0.638231951388449,-0.148592513655691,0.143594903277082,0.413229969427693,-0.0749405153634937,-0.168256952275752,0.605233904960335,0.0260959451262978,-0.111041619727471,-0.130685577279585,-0.457829919840794,0.55291237447367,-0.0604739885608664
"Xiphorhynchus lachrymosus",4,1,NA,NA,0.419386509796133,0.869017860280371,-0.00503122016225508,0.260829807209794,0.650775046131794,-0.0439956651615972,-0.0647237274606048,0.971435980173372,-0.156599658519679,-0.182319815173344,-0.206338591676152,-0.536154046324803,0.610906051669842,-0.0231483891623525
