"Species","FUSA_H","FUSA_M","FUSA_EXT","FUSA_NEW","weight_z","T_cul_z","Bill_w_z","Wing_l_z","Tail_l_z","Tars_z","HWI_z","Comp.1","Comp.2","Comp.3","Comp.4","Comp.5","Comp.6","Comp.7"
"Adelomyia melanogenys",3,11,NA,NA,-1.4338410962146,-0.342439530728058,-0.840621196600222,-0.718063330893838,-0.809655329807057,-1.08713283076169,2.33275319281148,-2.56710250186925,-2.05230983714918,0.251982407332082,0.193600549722758,-0.0407308214820105,-0.401148406300548,0.15923151212223
"Aglaiocercus kingii",6,10,NA,NA,-1.44941827200097,-0.189926134645016,-0.864105455169076,-0.637936951224943,-0.611247803181388,-1.06874954166001,2.50841977281044,-2.36438691590246,-2.28471426410056,0.346778376210846,0.191377350331038,-0.281857983131491,-0.420598802764069,0.118343269110129
"Amazilia tzacatl",1,0,1,NA,-1.44941827200097,-0.105196470154438,-0.723199903755952,-0.670846000017525,-0.832548505956172,-1.10551611986337,2.43034573725535,-2.42469277075835,-2.29837526412629,0.0545826479512368,0.25668801494465,-0.0469785094660188,-0.3888575534619,0.104309189074204
"Amblycercus holosericeus",1,5,NA,NA,0.579444800884616,0.357992362394059,0.192686180429359,-0.124269624418997,0.375066535909678,0.475446742881357,-0.894306943465744,1.78945320684426,0.684407999172527,-0.377394860044672,0.134266174668734,-0.307450447374,0.216213029655289,0.375696995107731
"Ampelion rubrocristatus",2,0,1,NA,0.534114282407794,-0.195574778944388,-0.136093439534599,0.143295250546775,0.159489127172172,0.0710143826443331,0.0100506350474299,1.10975787760651,0.0399205195872187,0.555137932940191,0.0439665659705673,0.191393403981241,0.380378514168141,0.237772350337037
"Anabacerthia striaticollis",3,1,NA,NA,-0.208770626821609,-0.302899020632454,-0.558810093773973,-0.228720083630234,-0.0331951054162179,-0.229246006016487,-0.412850390875997,-0.0697849321422623,0.372254996583829,0.165487907322779,-0.0971190254315604,-0.242634513550965,0.357873621876762,-0.0904048128711318
"Anisognathus igniventris",4,39,NA,NA,0.0295917240076421,-0.517547504008587,-0.159577698103453,-0.220135114379995,-0.0484572228489616,0.0832699087121219,-0.490924426431091,0.360511066476484,0.667658629706058,0.200650453271785,-0.0830362876616074,0.154619060098704,-0.00345419185455098,0.131652569207057
"Anisognathus somptuosus",4,0,1,NA,0.23290934967144,-0.223818000441248,-0.0656406638280362,-0.162901986045071,-0.0942435751471927,0.046503330508756,-0.217665301988261,0.602371504994906,0.276118077391753,0.0763120872740061,0.0578734963811243,0.229756732851877,0.16088284492946,0.275456633958818
"Ara severus",1,0,1,NA,1.77575371481147,0.888964926535018,3.36306108722467,1.94756962130527,3.14323308527358,-0.186351664779227,0.751753972820824,6.78623162748798,-2.39820108466168,0.891021481556842,-3.18492408146745,0.10002702143906,-0.48047399256719,-0.285109758443509
"Arremon assimilis",2,10,NA,NA,0.133242542141599,-0.302899020632454,0.0282963704473801,-0.281660727340039,0.134688186343964,0.248719510627268,-1.01141799679839,0.818083053131001,1.03272358101943,-0.160804753502484,-0.165359892568458,-0.0607864776234557,-0.0121358191471937,0.167127524874431
"Arremon brunneinucha",4,11,NA,NA,0.224372916924387,-0.252061221938107,-0.0186721466903282,-0.321723917174486,0.130872656985778,0.309997140966211,-0.991899487909612,0.868776883516093,1.05733002795405,-0.167156324449203,-0.0571310833379185,-0.0976969402947419,0.0284565425243489,0.291511580951831
"Asthenes fuliginosa",1,0,1,NA,-0.438389001046394,-0.568385302702934,-0.77016842089366,-0.647952748683555,0.541042062990766,0.00360898927149601,-0.76418355087392,-0.211295884191007,1.04125541868246,0.322480038250659,-0.411757435830676,-1.09982743160104,-0.105763650369824,0.235338969519647
"Atlapetes albinucha",6,0,1,NA,0.0251346829973323,-0.381980040823661,0.0987491461539424,-0.429036032802469,0.111795010194848,0.199697406356113,-0.965874809391247,0.603861531280374,1.0384410308285,-0.257316674709336,-0.277354989327859,-0.0562968235806866,-0.172430570309155,0.274632529686049
"Atlapetes albofrenatus",6,14,NA,NA,-0.0649648074863443,-0.46670970531424,-0.206546215241161,-0.44763679951132,0.00305242348654869,0.162930828152748,-0.731652702725964,0.241713325343841,0.939214481870186,-0.0352704990431466,-0.0774622403121123,-0.105535666613833,-0.103108803725593,0.268604379439956
"Atlapetes pallidinucha",5,16,NA,NA,0.0428072142396448,-0.421520550919265,-0.183061956672307,-0.367510419842426,0.0183145409192924,0.346763719169576,-0.803220568651468,0.513708029750128,1.05048196834706,0.00384547724086248,0.0941234621140304,-0.0802443065722246,-0.126390546594326,0.255859261798836
"Atlapetes schistaceus",8,11,NA,NA,-0.117086594073421,-0.562736658403562,-0.253514732378869,-0.394696155801515,0.115610539553034,0.0648866196104389,-0.770689720503512,0.203623901952979,0.947038215319065,0.107410916759625,-0.269793052986102,-0.179801952577889,-0.0639199967955645,0.160395034456976
"Aulacorhynchus albivitta",6,14,NA,NA,1.34911858250768,2.45363939746104,3.5509351557755,0.294963040634325,0.804313588705596,0.463191216813568,-0.76418355087392,5.25121448303474,-1.18160421032245,-3.07781705421599,-0.883919780066984,0.621944650045727,-0.475667333268261,0.59345569514155
"Basileuterus rufifrons",1,0,1,NA,-0.865299398887922,-0.641817678594769,-0.535325835205119,-0.7466798950613,-0.306005454526513,-0.223118242982593,-0.848763756058606,-1.05299186893725,0.984444665700261,-0.34125150628899,-0.226583006394276,-0.302376834255382,-0.211452510986809,-0.114473232665588
"Basileuterus tristriatus",3,5,NA,NA,-0.757191539743656,-0.540142081206075,-0.535325835205119,-0.600735417807243,-0.40711698251844,-0.20473495388091,-0.699121854578009,-0.909842265004599,0.794038955428752,-0.289661995818635,-0.0441474572059569,-0.144282350148356,-0.0890588850414305,-0.178868842660616
"Boissonneaua flavescens",4,4,NA,NA,-1.04485231283324,-0.172980201746901,-0.817136938031368,-0.40185029684338,-0.561645921524971,-1.06262177862611,2.40432105873698,-1.88273810400756,-2.25444794314918,0.539358472142609,0.168841216599517,-0.0625018315978489,-0.0818299162509214,0.125067028310776
"Bubulcus ibis",0,16,NA,1,1.82478565553723,2.22204498118679,0.568434317531025,2.01911103172392,0.249154067089542,3.25132339723547,0.361383795045353,6.34455197256438,-0.372353000309569,0.478890406932537,4.02182698281026,0.249371613316283,-0.235279840814827,-0.659628089736035
"Buteo platypterus",1,1,NA,NA,1.98706196372765,0.24501947640662,1.15554078175238,2.49557682511217,1.92607922001226,1.81742684730421,0.816815669116736,6.38679303704526,-0.753314475975387,2.74687072795351,0.510943623590905,0.420307285575081,-0.383474432076149,-0.752525921167181
"Buthraupis montana",3,1,NA,NA,0.740256084295069,-0.105196470154438,0.333591731842484,0.363642794636234,0.239615243694077,0.530596610186405,-0.172122114581123,1.98452941078884,0.243812258137584,0.474216389862212,0.227587560616867,0.441637025181555,0.0316320476707057,0.161730905024159
"Cacicus uropygialis",1,0,1,NA,0.473644717403519,0.380586939591546,0.192686180429359,0.466662425639098,0.510517828125279,0.352891482203471,-0.126578927173985,2.08301917477117,-0.189461437070004,0.282077648984779,0.152623380408692,-0.169561977990133,0.209230723165683,-0.182924732641134
"Campephilus pollens",1,0,1,NA,1.32109860171849,1.43688342357409,1.31993059173436,1.02039294227949,0.947395939637569,0.408041349508519,-0.516949104949456,4.28689594830376,-0.719996971824696,-0.516040763728178,-0.205260725493387,0.0561508911116295,0.641441235831498,-0.260951040319739
"Campylorhamphus pusillus",1,1,NA,NA,0.161754086572972,1.75320750433892,-0.464873059498556,-0.109961342335266,0.327372418932354,-0.180223901745333,-0.529961444208638,1.35417370293858,-0.613026097469661,-1.20856901380575,0.510825504868403,-1.37214764950484,1.22704409875814,-0.073311761300615
"Cardellina canadensis",3,2,NA,NA,-0.894929324367323,-0.619223101397281,-0.511841576636265,-0.583565479306765,-0.479612040323973,-0.278268110287642,0.101137009861706,-1.18083181856404,0.167292120031798,-0.01702562870379,0.047803261969785,-0.00864525969423597,-0.363256488090896,-0.0778152793813969
"Catamblyrhynchus diadema",0,2,NA,1,-0.635358895426366,-0.766087853180951,-0.323967508085432,-0.547794774097437,-0.153384280199075,-0.155712849609756,-0.777195890133103,-0.60355986755273,0.949779857241943,-0.0684612793407631,-0.380060887948799,-0.0982077449771821,-0.261984379453729,-0.106373063939807
"Catharus fuscater",0,1,NA,1,0.0228962628116431,-0.353736819326802,-0.605778610911681,-0.212980973338129,0.0202223055983855,0.585746477491454,-0.4844182568015,0.53157186510658,0.925348342835163,0.418698593382391,0.642922075990277,-0.30332167013178,-0.0864882855822594,0.15049934337441
"Catharus ustulatus",0,10,NA,1,-0.0574476682512031,-0.545790725505446,-0.37093602522314,-0.0956530602515346,-0.182000750385469,0.359019245237365,0.485001018007586,0.242380621203542,0.085052847596601,0.727611212611885,0.574440165854069,0.225826000983483,-0.354410443579073,0.212174267371288
"Chaetocercus heliodor",1,0,1,NA,-2.1108053647334,-0.444115128116752,-1.14591655799533,-1.04429216240291,-1.14160638396923,-1.22194361750736,2.43034573725535,-3.66793045074864,-2.05085638057327,-0.00748392555114641,0.363301122816849,-0.220640189466042,-0.670521915904217,-0.00989134855081886
"Chaetocercus mulsant",0,1,NA,1,-1.60628280633325,-0.167331557447529,-1.12243229942647,-0.9169484518577,-1.07674238488007,-1.185177039304,2.70360486169818,-3.1363391307112,-2.37268188001472,0.0914145211052328,0.544573356170447,-0.146977654379872,-0.327575744368859,0.301877024704499
"Chalcothraupis ruficervix",4,0,1,NA,-0.410030369531234,-0.574033947002306,-0.488357318067411,-0.404711953260126,-0.588354627032272,-0.431462186134999,0.0165568046770212,-0.878768536338807,0.118254972323748,0.0579851045971345,0.00739891886730932,0.361364148898822,0.181724818360219,0.0235178599689362
"Chlorophanes spiza",4,0,1,NA,-0.410030369531234,-0.455412416715496,-0.394420283791994,-0.500577443221125,-0.565461450883156,-0.296651399389325,0.0230629743066122,-0.766880451725932,0.139728955305412,-0.112411558380892,0.112061912526211,0.276276914348126,0.026833248347825,0.155322532661733
"Chlorophonia cyanocephala",0,2,NA,1,-0.640735902182191,-0.82257429617467,-0.488357318067411,-0.559241399764422,-0.763868977508825,-0.566272972880673,0.296322098749442,-1.43774180274068,-0.00598518601386017,0.101430732436676,-0.0735467214554963,0.531418580948714,-0.0470406186091961,0.0941230163145243
"Chlorornis riefferii",1,7,NA,NA,0.364966910091915,-0.20122342324376,0.122233404722797,0.051722245210896,0.178566773963102,0.340635956135682,-0.399838051616814,1.28343108388448,0.463974367644051,0.232915877771954,0.0577269752371401,0.159448480433627,-0.0121125023207117,0.143224660626092
"Chlorospingus canigularis",9,3,NA,NA,-0.450876330971447,-0.534493436906703,-0.488357318067411,-0.487699989345767,-0.424286864630277,-0.296651399389325,-0.295739337543355,-0.737063005554768,0.42576347504883,-0.0541745371066517,-0.0361022885661922,0.0973855104990562,0.0891349542433276,0.031547584796199
"Chlorospingus flavopectus",3,11,NA,NA,-0.371280016258554,-0.523196148307959,-0.323967508085432,-0.514885725304856,-0.267850160944653,-0.143457323541967,-0.568998461986185,-0.414760101684596,0.694517068700205,-0.152474901745718,-0.131888317807091,0.0174543773505163,-0.033998733407375,0.0895812066517444
"Chrysomus icterocephalus",1,0,1,NA,-0.0475397720098978,-0.223818000441248,-0.253514732378869,-0.253044163172577,-0.172461926990005,0.22420845849169,-0.438875069394361,0.36490167227056,0.573568185715758,-0.0333336334041634,0.311697483397089,0.0180141162763848,-0.00359290690238069,0.101773537405838
"Cinclus leucocephalus",1,0,1,NA,0.224372916924387,-0.31984495353057,-0.652747128049389,-0.253044163172577,-0.550199333450413,0.303869377932316,-0.198146793099488,0.0840982396095408,0.598204561652934,0.24118673782264,0.870724434449147,0.310982105601547,0.327333757076339,0.33011997675701
"Cinnycerthia olivascens",2,6,NA,NA,-0.221054901709833,-0.342439530728058,-0.535325835205119,-0.524901522763468,-0.227787102683701,0.0955254347799104,-0.972380979020838,-0.157627789460193,1.09198165562544,-0.246318719915264,0.173767488441641,-0.230660969066883,0.168311240286581,0.105357157341644
"Cinnycerthia unirufa",8,17,NA,NA,-0.0802272712248492,-0.291601732033711,-0.558810093773973,-0.42474354817735,-0.119044515975402,0.193569643322219,-0.783702059762694,0.100653043309027,0.960075172708254,-0.046182134436742,0.278965608708432,-0.276390249478807,0.177703771397131,0.170320348405792
"Cnemathraupis eximia",2,0,1,NA,0.491937772423916,-0.212520711842504,0.216170438998213,0.191943409631461,0.262508419843193,0.401913586474625,-0.393331881987223,1.58322282419956,0.446626185469329,0.362153684522037,0.0286785311479825,0.239578901180244,-0.00561289773501104,0.0988979602701345
"Cnemoscopus rubrirostris",1,0,1,NA,-0.450876330971447,-0.444115128116752,-0.511841576636265,-0.2730757580898,-0.159107574236354,-0.112818508372496,-0.477912087171909,-0.275128948354803,0.54068646479091,0.108426215265975,-0.00692225629472623,-0.155014704224504,0.0616213574307007,-0.232769382108318
"Coccyzus melacoryphus",1,0,1,NA,0.316400265406715,0.0586142145273474,0.00481211187852609,0.186220096797968,1.17060440709145,0.046503330508756,0.205235723935165,1.73396696235072,-0.345368639308026,0.774596404409282,-0.617735786284811,-0.872491417979483,0.0127601968359592,0.189419593069783
"Coeligena bonapartei",3,16,NA,NA,-1.22037128284815,0.651721865961398,-0.934558230875639,-0.429036032802469,-0.67038850823327,-1.11164388289727,2.43034573725535,-1.82428292717698,-2.71998341411842,-0.149298307239478,0.596221206363797,-0.502855984163533,0.20319158984228,-0.0547857747752466
"Coeligena coeligena",1,6,NA,NA,-1.18628431635844,0.691262376057001,-0.793652679462514,-0.446205971302947,-0.571184744920435,-1.10551611986337,2.50841977281044,-1.68116045388994,-2.81429958875389,-0.184171103757223,0.49292246962984,-0.528428439787123,0.104842807971492,0.0332892871656328
"Coeligena torquata",14,22,NA,NA,-1.19747661380773,0.872018993636902,-0.88758971373793,-0.421881891760604,-0.607432273823202,-1.13615493503284,2.49540743355126,-1.67985071984362,-2.90763467525297,-0.289254521304334,0.61145896627678,-0.626752241874201,0.258193334120339,-0.0345226963078048
"Colaptes rivolii",3,1,NA,NA,0.859556240888621,0.487911181279612,0.615402834668733,0.375089420303219,0.464731475827048,0.0648866196104389,-0.250196150136217,2.31563800652678,-0.307888564743725,-0.104522708285805,-0.279581178461831,0.193358267350833,0.486528061755267,0.163657991015551
"Colibri cyanotus",0,41,NA,1,-1.29353805866783,-0.0148181613644874,-0.934558230875639,-0.583565479306765,-0.683742860986921,-1.11777164593116,2.43685190688494,-2.25931538938946,-2.33498510232586,0.251041390591627,0.301748978539063,-0.254392652905293,-0.124962015491462,0.120973254826062
"Colinus cristatus",1,0,1,NA,1.06851170062781,-0.534493436906703,0.00481211187852609,-0.0369891037082369,-0.416655805913905,0.254847273661162,0.088124670602524,0.979623886617757,0.371458155894498,0.551955936126183,0.424964157492531,1.09757214780572,0.429875183221904,0.870220792611071
"Conirostrum albifrons",7,1,NA,NA,-0.593667420456404,-0.483655638212356,-0.723199903755952,-0.461945081595051,-0.391854865085696,-0.443717712202787,-0.172122114581123,-0.97482991306608,0.241543751610318,0.0477181530228154,-0.0380064376807131,-0.10871541764291,0.229865463198556,-0.102159061783324
"Conirostrum leucogenys",1,0,1,NA,-1.16438521029096,-0.726547343085348,-0.77016842089366,-0.708047533435226,-0.864980505500753,-0.590784025016251,-0.146097436062758,-1.96568579218421,0.307081167489921,-0.248602367543749,0.0302110851259986,0.134115127063001,-0.0841755285062045,-0.301172326019546
"Conirostrum rufum",2,5,NA,NA,-0.822925699293152,-0.602277168499166,-0.817136938031368,-0.574980510056527,-0.447180040779392,-0.302779162423219,-0.497430596060682,-1.19555638599256,0.655962186635624,-0.0540835193757143,0.0464638374270341,-0.223382556687654,0.0467986932875768,-0.227751503295106
"Conirostrum sitticolor",4,4,NA,NA,-0.763513470024765,-0.551439369804819,-0.793652679462514,-0.520609038138348,-0.424286864630277,-0.370184555796056,-0.237183810877035,-1.14683406357152,0.379848645187782,0.0351460461335614,0.0358726373727138,-0.186713276419955,0.083880021078085,-0.176804322789058
"Conopias cinchoneti",1,0,1,NA,-0.202702592110012,-0.223818000441248,0.122233404722797,-0.284522383756785,-0.208709455892771,-0.388567844897739,-0.32176401606172,0.0549235433559273,0.0779177467132174,-0.354230760668251,-0.423187353518583,0.273264477739883,0.106294064556274,-0.000330817783280771
"Contopus fumigatus",9,0,1,NA,-0.375066822482947,-0.212520711842504,0.192686180429359,-0.152886188586459,0.0412077170684081,-0.504995342541731,0.23126040245353,0.100545979269969,-0.492511511823999,-0.0625318213522905,-0.6207445118313,0.108110529496763,-0.114697689981019,-0.105224294921436
"Cranioleuca curtata",3,1,NA,NA,-0.472158478033649,-0.523196148307959,-0.723199903755952,-0.564964712597915,-0.115228986617216,-0.370184555796056,-0.451887408653544,-0.759062437143551,0.555121979752982,0.0722423243268241,-0.242169434878609,-0.379097464441429,0.224300230192638,0.0772161978845089
"Crotophaga ani",1,0,1,NA,0.917286124703694,0.374938295292174,0.873729678926129,0.58255951051732,1.96041898423594,0.738940553338811,0.0295691439362035,3.79345837567062,-0.241701180933661,0.865463447563743,-0.778493901812997,-0.990409602093422,-0.496709190177852,0.330398769216288
"Cyanocorax yncas",3,6,NA,NA,0.661719127122033,0.318451852298455,0.732824127513004,0.26062316363337,1.17251217177054,0.916645681321746,-1.0764796930943,3.10061050601965,0.84486115083582,0.000476752921846513,-0.276896041530411,-0.614005334917157,-0.380590692445451,0.10779920457188
"Cyclarhis nigrirostris",1,0,1,NA,-0.0185726608638971,-0.302899020632454,-0.206546215241161,-0.380387873717783,-0.290743337093769,-0.0699241671352355,-0.7056280242076,0.0787613353007575,0.697270901885494,-0.266544539011017,-0.0105030714228453,0.17156333517834,0.238944604918324,0.156267016197451
"Dendrocolaptes picumnus",1,0,1,NA,0.643209034259321,0.934154080929993,0.497981541824463,0.376520248511592,0.836745588250177,0.291613851864528,-0.43236889976477,2.67953594762414,-0.294900210670811,-0.305691451696798,-0.123023057033751,-0.56998632404512,0.368655684749851,-0.0248256816782656
"Diglossa albilatera",19,14,NA,NA,-0.910191788105828,-0.613574457097909,-0.723199903755952,-0.666553515392406,-0.655126390800526,-0.241501532084276,-0.497430596060682,-1.35754937875384,0.704858386763692,-0.255212425798127,0.184820822514253,-0.045884301618336,-0.103872164535842,-0.198272690057164
"Diglossa caerulescens",3,13,NA,NA,-0.619453755119989,-0.387628685123033,-0.817136938031368,-0.503439099637871,-0.450995570137578,-0.235373769050382,-0.451887408653544,-0.909300181912111,0.545320848312519,-0.104823907885714,0.228171095360452,-0.222817176984646,0.217399114550734,-0.150942904334356
"Diglossa cyanea",17,17,NA,NA,-0.494057584101128,-0.336790886428686,-0.676231386618243,-0.42474354817735,-0.283112278377397,-0.0760519301691299,-0.37381337309845,-0.512560542494504,0.504863040928361,-0.0109693753802716,0.242878434639247,-0.262030514311869,0.0847047360343058,-0.0815846221051045
"Diglossa humeralis",4,11,NA,NA,-0.690932932925633,-0.568385302702934,-0.911073972306785,-0.513454897096483,-0.35560733618293,-0.0821796932030242,-0.4844182568015,-0.93079728411438,0.757377377273178,0.11764336714349,0.26917450109649,-0.329849661436507,0.0307593783979447,-0.166277747471444
"Doryfera ludovicae",0,13,NA,1,-1.28084084785243,0.770343396248208,-0.793652679462514,-0.656537717933794,-0.823009682560707,-1.09938835682948,2.41733339799617,-1.98903425988512,-2.7167604016176,-0.5473385290347,0.661166579331267,-0.459784050974739,0.071705521859862,0.148511608475776
"Dryobates dignus",1,0,1,NA,0.105624512018965,-0.167331557447529,0.31010747327363,-0.0956530602515346,-0.31745204260107,-0.210862716914804,-0.0159740434709347,0.48483411275627,-0.144595729191386,-0.214094363493281,-0.152577283781805,0.651971776516845,0.0874579749656113,0.115952136691233
"Dryobates fumigatus",4,3,NA,NA,0.0769583964852678,-0.11084511445381,0.169201921860505,-0.117115483377131,-0.306005454526513,-0.351801266694373,-0.282726998284173,0.366894553203939,-0.0208027698814556,-0.318433197489555,-0.257831486864896,0.513916814045997,0.341151434119608,0.013280515210314
"Dubusia taeniata",3,3,NA,NA,0.0934719776943272,-0.099547825855066,-0.112609180965745,-0.182933580962294,0.264416184522286,0.273230562762845,-0.699121854578009,0.929938818338872,0.687574838672176,-0.0188077498142009,-0.00493827505539915,-0.320748327624414,0.017315346318619,0.108076654751625
"Elaenia chiriquensis",1,0,1,NA,-0.56873227710802,-0.630520389996025,-0.441388800929702,-0.441913486677827,-0.302189925168327,-0.449845475236682,-0.230677641247444,-0.811025651668223,0.302760769843467,0.053216270280102,-0.317510104521766,0.0520041486309084,0.0392652802093176,-0.0878046432312674
"Elaenia flavogaster",0,1,NA,1,-0.208770626821609,-0.636169034295397,-0.276998990947723,-0.370372076259172,-0.138122162766331,-0.143457323541967,-0.516949104949456,-0.168799704872648,0.672492818485242,0.118235825678563,-0.259611606394678,0.103077566571644,0.0138970000113734,0.084350136292956
"Elaenia frantzii",3,6,NA,NA,-0.386542479997058,-0.641817678594769,-0.417904542360848,-0.410435266093619,-0.237325926079165,-0.437589949168893,-0.328270185691311,-0.618996056251188,0.393544562198718,0.106817157594123,-0.37674174313878,0.0839329869316504,0.156325275302894,-0.00248742261204771
"Ensifera ensifera",1,0,1,NA,-0.809313326330733,4.14823268727261,-0.864105455169076,-0.386111186551276,-0.330806395354721,-1.16066598716842,2.23516064836761,0.0768996410720522,-4.41900515984845,-2.73278056888779,1.71365472827059,-2.3477451863145,1.69174875884339,-0.0575621345233928
"Eriocnemis vestita",4,11,NA,NA,-1.49817494718899,-0.093899181555694,-0.981526748013347,-0.64079860764169,-0.681835096307828,-1.08100506772779,2.41733339799617,-2.44996115822204,-2.25477653619686,0.253940417213561,0.307864981453001,-0.351784543643641,-0.302683848500512,0.0334744120501759
"Eubucco bourcierii",0,2,NA,1,0.0934719776943272,-0.189926134645016,-0.0891249223968905,-0.44763679951132,-0.485335334361252,-0.174096138711439,-0.621047819022914,0.0150766374002976,0.537384918976655,-0.506901392741483,0.027299675454477,0.399565644441735,0.3579039783229,0.310278850808503
"Euchrepomis callinota",2,0,1,NA,-1.16438521029096,-0.461061061014868,-0.77016842089366,-0.72378664372733,-0.697097213740571,-0.584656261982356,-0.796714399021876,-1.68839278879181,0.663407367619151,-0.624327796000511,-0.10232291710677,-0.205991817966527,0.141709604149876,-0.473548450307753
"Eutoxeres aquila",1,2,NA,NA,-0.850909130274166,0.199830322011645,-0.605778610911681,-0.469099222636916,-0.454811099495764,-1.03811072649053,2.36528404095944,-1.48609443988648,-2.40222709318125,0.174320049742654,0.157651171950468,-0.190913433836886,0.000370217422465458,0.3444531170715
"Falco sparverius",3,0,1,NA,0.94754916671709,-0.387628685123033,0.521465800393317,1.13199754253259,0.928318292846639,0.610257529627031,1.25923520392894,2.90983686329574,-0.933009514823427,1.97451281084291,-0.00543619388338712,0.51873769381107,-0.375782439650102,-0.0454369047030958
"Formicivora grisea",1,0,1,NA,-0.865299398887922,-0.478006993912984,-0.582294352342827,-0.720924987310584,-0.554014862808599,-0.198607190847016,-1.10250437161266,-1.08947486952363,1.10974491205176,-0.624683966837609,0.0154763907687437,-0.179742555700096,-0.0156565275456156,-0.263230919210075
"Grallaria hypoleuca",6,0,1,NA,0.614052359741297,-0.0204668056638592,0.0517806290162344,-0.197241863046025,-0.489150863719438,1.33946133066045,-1.24564010346367,1.56537025151829,1.69511799146814,-0.417991365679889,1.40229648430805,0.483391282814252,-0.217831836524365,0.397181558719505
"Grallaria nuchalis",1,0,1,NA,0.963207059022578,0.222424899209133,0.192686180429359,0.101801232503955,-0.307913219205605,2.06253736865998,-1.27817095161162,2.66917525523372,1.89567016652953,-0.225040815826033,2.03970849826894,0.442029164524374,-0.463006309985779,0.3959837525595
"Grallaria ruficapilla",3,6,NA,NA,0.701094766864666,0.267614053604108,0.145717663291651,-0.0856372627929228,-0.376592747652952,1.7193826387619,-1.25214627309326,2.13917981435504,1.70870867510747,-0.492434579129381,1.77494852309522,0.321294317307001,-0.387609655510729,0.371593322653784
"Grallaria rufula",0,1,NA,1,0.0664510468562137,-0.00352087276574362,-0.206546215241161,-0.40185029684338,-0.74097580135971,1.03920094199963,-1.0764796930943,0.643143758625428,1.45360857637938,-0.651648180600273,1.4172797322202,0.320887523359088,-0.256874844700871,0.188454806599718
"Grallaricula nana",0,1,NA,1,-0.378872705897275,-0.387628685123033,-0.323967508085432,-0.514885725304856,-0.815378623844336,0.248719510627268,-0.9268377916137,-0.416129116693428,1.12082452998441,-0.567750964165562,0.612455173064064,0.402531946221574,-0.0783655464816226,-0.055166153569351
"Hapalopsittaca amazonina",3,0,1,NA,0.888616218200685,-0.122142403052554,0.873729678926129,0.652670092727602,-0.0694426343189841,-0.566272972880673,1.05103777578202,1.5887191216913,-1.43709505509009,0.556829238038432,-0.598067710211617,1.44091467886237,0.471310135872062,0.159704129685861
"Haplophaedia aureliae",2,14,NA,NA,-1.38894870699669,-0.122142403052554,-0.911073972306785,-0.665122687184033,-0.742883566038803,-1.10551611986337,2.52793828169922,-2.44452502561279,-2.32693421056947,0.256786351614303,0.303131613215275,-0.198877897335201,-0.288683701564617,0.175155745698548
"Heliangelus exortis",19,20,NA,NA,-1.48157062473185,-0.235115289039992,-1.0050110065822,-0.607889558849108,-0.714267095852408,-1.16679375020231,2.59299997799513,-2.57362351150077,-2.36432765945653,0.436806989722497,0.241089450071046,-0.22228540825301,-0.29228288248856,0.0540467790445638
"Heliodoxa rubinoides",1,1,NA,NA,-1.08263349822448,0.211127610610389,-0.864105455169076,-0.486269161137394,-0.658941920158712,-1.13615493503284,2.55396296021758,-1.95164775958201,-2.57348710370478,0.19808212514849,0.368396603944397,-0.218308192706488,0.0618975817007125,0.190691115895413
"Hellmayrea gularis",1,9,NA,NA,-0.732419934930379,-0.472358349613612,-0.817136938031368,-0.653676061517048,-0.462442158212136,-0.16184061264365,-0.783702059762694,-1.04219969594643,0.91829406947926,-0.273793013437767,0.182783183066378,-0.307592237960755,0.0995301101721807,-0.143966022022889
"Hemitriccus granadensis",0,1,NA,1,-1.0730095940647,-0.574033947002306,-0.676231386618243,-0.831098759355313,-0.681835096307828,-0.437589949168893,-1.01792416642798,-1.5940550315446,0.999381273138008,-0.683192492146895,-0.120400845605931,-0.155271465664439,0.0167037347828636,-0.308379585651227
"Henicorhina leucophrys",15,59,NA,NA,-0.53047264568434,-0.404574618021149,-0.699715645187098,-0.710909189851972,-0.916490151836263,0.0219922783731789,-1.03093650568716,-1.01119073342192,1.20328714700621,-0.639602667432162,0.597763771572818,0.17435047229848,0.190812454458797,-0.0270604678294574
"Icterus chrysater",4,10,NA,NA,0.370647134295107,0.0981547246229507,-0.0186721466903282,-0.101376373085027,0.376974300588771,0.162930828152748,-0.386825712357632,1.23915628345269,0.272941348964643,0.0366303943033054,-0.0720638966810708,-0.299973298406924,0.217356300839461,0.309397393730111
"Iridosornis rufivertex",1,0,1,NA,-0.265694584365766,-0.551439369804819,-0.417904542360848,-0.281660727340039,-0.149568750840889,0.0587588565765446,-0.425862730135179,-0.0757674402679727,0.658381096607412,0.229582233053788,0.0745770254697596,-0.00910723208365922,-0.0583251905464929,-0.0302493749783891
"Kleinothraupis atropileus",0,2,NA,1,-0.299276391184382,-0.421520550919265,-0.394420283791994,-0.393265327593142,-0.0808892223935421,0.00360898927149601,-0.725146533096373,-0.0669972063609111,0.814089054048081,-0.0501422808312884,-0.058347723443035,-0.199010146370795,0.0230974210177888,-0.0176747168803844
"Lafresnaya lafresnayi",2,13,NA,NA,-1.37455843838294,0.318451852298455,-0.864105455169076,-0.567826369014661,-0.718082625210594,-1.10551611986337,2.47588892466249,-2.14422177517141,-2.55868147908104,-0.0535647901055747,0.447850547798246,-0.369436739400951,-0.110418087422279,0.0284791362713426
"Legatus leucophaius",0,1,NA,1,-0.292439545790775,-0.619223101397281,0.0282963704473801,-0.354632965967068,-0.431917923346648,-0.529506394677308,0.0751123313433417,-0.511470183387137,-0.0553818310789714,-0.040665250004713,-0.451901810494135,0.606816936792806,-0.0149355616127704,0.111534064018524
"Leiothlypis peregrina",0,1,NA,1,-0.982966690694641,-0.737844631684091,-0.746684162324806,-0.583565479306765,-0.681835096307828,-0.33341797759269,0.101137009861706,-1.54252564608416,0.236432818061308,0.0798431126281248,0.202141395526611,0.0846253361349161,-0.241754197344043,-0.181731518801487
"Lepidocolaptes lacrymiger",4,5,NA,NA,-0.0500045907052511,0.369289650992802,-0.37093602522314,0.0331214785020454,0.33118794829054,-0.253757058152064,-0.0354925523597083,0.725516478273168,-0.391341326670428,0.0399183842300896,-0.0776417940837061,-0.617694582290673,0.516434731936653,-0.164069097812572
"Leptopogon rufipectus",4,4,NA,NA,-0.673827305698956,-0.545790725505446,-0.558810093773973,-0.519178209929975,-0.319359807280163,-0.504995342541731,-0.477912087171909,-0.961820459143384,0.450367385473445,-0.130977329811222,-0.326405293089211,-0.121727622089463,0.15513852533833,-0.171146751123162
"Lipaugus fuscocinereus",4,0,1,NA,1.08791924062398,0.301505919400339,0.920698196063837,1.12913588611585,1.53307969611911,0.322252667033999,-0.380319542728041,3.85433269624155,-0.283178285259854,0.892753278879194,-0.939183061054153,-0.19145804165523,0.265866998782484,-0.407714256539329
"Lophotriccus pileatus",1,0,1,NA,-1.11226342370388,-0.607925812798538,-0.605778610911681,-0.778158115645508,-0.735252507322431,-0.529506394677308,-0.562492292356594,-1.69694243771119,0.589648668754033,-0.542652880524797,-0.124672855685538,-0.00011393600155505,-0.0876884968232828,-0.277320739346402
"Lurocalis rufiventris",4,0,1,NA,1.03403577521301,-0.534493436906703,-0.417904542360848,1.42388649704071,0.0602853638593378,-0.743978100863608,2.26118532688598,1.26307055993234,-2.2484097380097,2.54631352180066,-0.0431222038612608,1.27910201396629,1.21464303868165,-0.336361274482981
"Lurocalis semitorquatus",4,0,1,NA,0.636273557589384,-0.478006993912984,-0.464873059498556,1.17492238878379,0.113702774873941,-0.676572707490771,2.11154342540538,0.938335952160192,-2.08310465694741,2.25573917327373,-0.0437418822745436,0.897070252011631,0.893650548081225,-0.381899338601587
"Margarornis squamiger",4,3,NA,NA,-0.480842093869125,-0.489304282511727,-0.699715645187098,-0.404711953260126,-0.0618115756026124,-0.223118242982593,-0.347788694580085,-0.52091327118454,0.478087914509718,0.220360747509876,-0.0967016619613213,-0.378845192560308,0.119315648118255,-0.0675076019270891
"Masius chrysopterus",10,2,NA,NA,-0.789343892474536,-0.771736497480323,-0.558810093773973,-0.633644466599824,-0.681835096307828,-0.413078897033316,-0.751171211614738,-1.32711084308424,0.859954383612706,-0.297585595481216,-0.150732755669166,0.215582908504084,0.0413188133708735,-0.22294027888331
"Mecocerculus leucophrys",7,37,NA,NA,-0.822925699293152,-0.483655638212356,-0.558810093773973,-0.549225602305811,-0.204893926534585,-0.192479427813121,-0.503936765690273,-0.799310317033333,0.597633456106542,-0.14183865788466,-0.0963569163405161,-0.371117748926572,-0.186357905290391,-0.211731370038645
"Mecocerculus poecilocercus",5,0,1,NA,-1.09238158521679,-0.839520229072786,-0.88758971373793,-0.653676061517048,-0.65131086144234,-0.523378631643413,-0.568998461986185,-1.77232749455489,0.727462749319532,-0.0939036061918015,-0.118258188402937,-0.0645078999268888,0.0305012639873341,-0.400599620144915
"Melanerpes formicivorus",0,2,NA,1,0.672231793734592,0.165938456215414,0.474497283255608,0.52246472576565,0.127057127627592,-0.11894627140639,0.237766572083121,1.75655204283179,-0.645247632080382,0.271379516234984,-0.173567216271067,0.642003926872817,0.459100904875563,-0.0597764212876638
"Metallura tyrianthina",1,14,NA,NA,-1.62590640989732,-0.421520550919265,-0.958042489444493,-0.702324220601733,-0.763868977508825,-1.13002717199895,2.30022234466353,-2.74940205495003,-2.01749226024633,0.343921238992718,0.134904334412306,-0.174618915102797,-0.449720039895233,-0.0174152713460569
"Mionectes oleagineus",1,0,1,NA,-0.809313326330733,-0.687006832989744,-0.464873059498556,-0.612182043474227,-0.565461450883156,-0.474356527372259,-0.471405917542317,-1.24510357967796,0.541611707703681,-0.261390331933352,-0.245303781194532,0.141704580203643,-0.0438166258836442,-0.174188513555699
"Mionectes olivaceus",0,2,NA,1,-0.573653898814021,-0.483655638212356,-0.488357318067411,-0.532055663805333,-0.502505216473088,-0.425334423101105,-0.477912087171909,-0.915135604574008,0.469413984115041,-0.270381443938609,-0.129094426396873,0.0855655001658432,0.175003226894221,-0.0926496205559042
"Mionectes striaticollis",3,3,NA,NA,-0.588614115595114,-0.551439369804819,-0.464873059498556,-0.522039866346722,-0.460534393533043,-0.382440081863845,-0.510442935319864,-0.879614370233938,0.542420854505281,-0.212542286648831,-0.163331122446624,0.0835375428223575,0.0985793786478828,-0.109478196611648
"Mniotilta varia",0,1,NA,1,-0.829824982494967,-0.579682591301678,-0.77016842089366,-0.493423302179259,-0.595985685748644,-0.394695607931633,0.0751123313433417,-1.31754463747166,0.129008698522476,0.0800366379965412,0.172388402133372,0.0140135966221214,-0.00525783808842043,-0.188323543585966
"Myadestes ralloides",4,17,NA,NA,-0.0879757110465727,-0.517547504008587,-0.37093602522314,-0.274506586298173,0.00686795284473468,-0.198607190847016,-0.0680234005076642,-0.030419771144184,0.235938592525653,0.379202768557001,-0.21231048049082,-0.0253331615671349,0.111405524914324,0.194477501815594
"Myiarchus cephalotes",0,1,NA,1,-0.16440565463166,-0.127791047351926,0.0752648875850884,-0.207257660504637,0.182382303321288,-0.149585086575861,-0.529961444208638,0.536581930263003,0.291355371856557,-0.21008953374213,-0.436182761395321,-0.1691459100346,0.0122138502034445,-0.0582036776047559
"Myioborus miniatus",14,10,NA,NA,-0.974525639080216,-0.681358188690372,-0.488357318067411,-0.567826369014661,-0.24686474947463,-0.370184555796056,-0.477912087171909,-1.07323409631272,0.562003116542303,-0.106781014275824,-0.357037217112089,-0.236040969076234,-0.266051910630069,-0.306415898115201
"Myioborus ornatus",5,13,NA,NA,-0.776318289452274,-0.658763611492885,-0.441388800929702,-0.494854130387632,-0.155292044878168,-0.266012584219853,-0.614541649393323,-0.744309856716609,0.697497183176862,-0.0488099161691792,-0.346884065308856,-0.222666993195253,-0.19111849183111,-0.257124248377927
"Myiodynastes chrysocephalus",0,2,NA,1,0.119559726150551,0.148992523317298,1.15554078175238,0.0388447913355379,0.214814302865868,-0.321162451524902,-0.204652962729079,1.40182449427234,-0.4367490145946,-0.658567709887264,-0.944073527799545,0.527351100438774,-0.215679420230354,-0.0129109009877832
"Myiophobus flavicans",4,3,NA,NA,-0.714360120498426,-0.568385302702934,-0.464873059498556,-0.504869927846244,-0.420471335272091,-0.364056792762162,-0.458393578283135,-0.9194940763693,0.500612093828248,-0.176917601052454,-0.173034121380244,0.0142603297035732,-0.0211030926225608,-0.203086563299364
"Myiotheretes fumigatus",0,3,NA,1,0.0161409308255352,-0.0148181613644874,0.216170438998213,0.0975087478788354,0.132780421664871,-0.0209020628640813,-0.191640623469897,0.979687260488659,-0.0591701827708286,-0.0127328843441641,-0.190803552375301,0.108245518257335,0.0115222546625479,-0.174306668620269
"Myiothlypis coronata",8,9,NA,NA,-0.525823607874485,-0.494952926811099,-0.441388800929702,-0.500577443221125,-0.315544277921977,-0.0637964041013413,-0.647072497541279,-0.512703283318367,0.781558016317515,-0.175288753204017,0.0290304704767577,-0.0839172033870456,-0.0821371168069464,-0.07508335081597
"Myiothlypis luteoviridis",0,6,NA,1,-0.70255572002129,-0.483655638212356,-0.488357318067411,-0.526332350971841,-0.26594239626556,-0.0454131149996584,-0.712134193837191,-0.604913791787258,0.830119217372548,-0.214541143001023,0.0175720885623928,-0.248026966587565,-0.182648088327697,-0.194962983150917
"Myiothlypis nigrocristata",4,25,NA,NA,-0.662635008249669,-0.540142081206075,-0.323967508085432,-0.597873761390496,-0.374684982973859,-0.0760519301691299,-0.959368639761656,-0.625766159622783,1.03197746066505,-0.434410497557606,-0.0977621131318365,-0.0508619619512122,-0.182599232051889,-0.156260045111583
"Myiotriccus ornatus",4,0,1,NA,-0.902522014006045,-0.613574457097909,-0.323967508085432,-0.596442933182123,-0.586446862353179,-0.535634157711202,-0.32176401606172,-1.25448825555774,0.316106702473172,-0.367858462883609,-0.300902049511552,0.193099976492174,-0.146400962710146,-0.22750806634472
"Myiozetetes cayanensis",1,0,1,NA,-0.17598390822931,-0.540142081206075,-0.183061956672307,-0.274506586298173,-0.122860045333587,-0.20473495388091,-0.582010801245367,-0.0127335495653856,0.592116738036743,0.0381052117552992,-0.335957665238796,0.151337245156039,0.108012008404768,-0.0313377760524952
"Myornis senilis",1,1,NA,NA,-0.327259822165396,-0.415871906619893,-0.629262869480535,-0.66369185897566,-0.288835572414676,-0.125074034440284,-0.770689720503512,-0.580997367225769,0.911063791344438,-0.244340245584479,0.0414228243978278,-0.250145702212727,0.205972618115059,0.216388494525391
"Myrmotherula schisticolor",1,0,1,NA,-0.925768963892198,-0.478006993912984,-0.676231386618243,-0.692308423143122,-0.781038859620662,-0.498867579507836,-0.712134193837191,-1.4991314959759,0.657563534031916,-0.579091020337736,0.013739471845837,0.0348827917205373,0.17809696890178,-0.296167916109234
"Nephelomyias pulcher",4,0,1,NA,-0.933679677640004,-0.653114967193513,-0.652747128049389,-0.703755048810107,-0.681835096307828,-0.511123105575625,-0.568998461986185,-1.53825146644127,0.630700327532943,-0.370323056969604,-0.125589342630694,0.0420111392317834,0.0435542630502868,-0.221161638754432
"Ochthoeca cinnamomeiventris",2,8,NA,NA,-0.757191539743656,-0.596628524199794,-0.323967508085432,-0.544933117680691,-0.391854865085696,-0.308906925457113,-0.419356560505588,-0.873194832026396,0.498676231756075,-0.228144970550181,-0.221503211225584,0.0423281762842513,-0.21363653403468,-0.156777130900188
"Ochthoeca diadema",2,11,NA,NA,-0.789343892474536,-0.636169034295397,-0.488357318067411,-0.5764113382649,-0.433825688025742,-0.272140347253747,-0.458393578283135,-1.00982751135205,0.606262951584516,-0.166463493362372,-0.103747225063792,-0.0232961794981754,-0.17200399036497,-0.162728811494267
"Ochthoeca fumicolor",3,0,1,NA,-0.512045725817313,-0.489304282511727,-0.535325835205119,-0.294538181215397,-0.0599038109235193,0.00973675230539017,-0.347788694580085,-0.245558315433502,0.534662006047479,0.238006481694772,0.0545495851302861,-0.280210414409719,-0.137673611583101,-0.186935402427819
"Ocreatus underwoodii",2,9,NA,NA,-1.8044901559612,-0.359385463626174,-0.981526748013347,-0.868300292773014,-0.51013627518946,-1.1790492762701,2.88577761132673,-2.91454272406664,-2.48573292661589,0.47259226189736,0.0370848078297215,-0.55909335255042,-0.763815263678978,0.23801761419563
"Orochelidon murina",9,43,NA,NA,-0.776318289452274,-0.799979718977182,-0.652747128049389,0.134710281296536,-0.309820983884698,-0.750105863897502,1.68864239948195,-1.09456544908553,-1.4020578654863,1.26075749921299,-0.119374740211936,0.351087877663774,-0.133389359773463,-0.401135452067485
"Ortalis columbiana",1,0,1,NA,2.12930984288524,0.380586939591546,0.380560248980192,1.75011532854978,3.66405284266596,2.38118104642248,-0.809726738281059,7.1274194100421,1.07188232705423,2.86151012185751,-0.134497829201161,-2.18744154274612,-0.388321734354354,-0.00624659867233626
"Pachyramphus polychopterus",3,0,1,NA,-0.341650090779152,-0.511898859709215,0.192686180429359,-0.44763679951132,-0.422379099951184,-0.308906925457113,-0.165615944951532,-0.324434628730215,0.186485713825101,-0.32845384208252,-0.346406436412444,0.536614563152564,-0.241344352206347,0.141355910998641
"Pachyramphus versicolor",3,4,NA,NA,-0.563842510781837,-0.641817678594769,-0.230030473810015,-0.55351808693093,-0.498689687114902,-0.46210100130447,-0.243689980506626,-0.91013626787065,0.317594538970231,-0.212462672400204,-0.3180521569608,0.319072247440499,-0.0687009176590491,0.0321399919031326
"Phaeomyias murina",1,0,1,NA,-0.894929324367323,-0.720898698785976,-0.511841576636265,-0.680861797476137,-0.492966393077624,-0.308906925457113,-0.588516970874959,-1.23151084497743,0.757708512346109,-0.258155025104356,-0.163383791347279,-0.0270575395625535,-0.21704947435275,-0.164811489009234
"Pheugopedius fasciatoventris",1,0,1,NA,-0.233542231634886,-0.212520711842504,-0.511841576636265,-0.516316553513229,-0.485335334361252,-0.0699241671352355,-0.855269925688197,-0.352069801556714,0.843644750266131,-0.455436305009355,0.262595788261631,-0.0085890303576376,0.342335381546469,0.0610107286666473
"Phylloscartes ophthalmicus",0,2,NA,1,-0.957921316623078,-0.749141920282835,-0.582294352342827,-0.625059497349585,-0.405209217839347,-0.517250868609519,-0.510442935319864,-1.34926742871039,0.58416129446721,-0.143537018567803,-0.380519202000322,-0.106555250513737,-0.0895021579148722,-0.272009602137282
"Phylloscartes poecilotis",1,0,1,NA,-1.06350674851587,-0.692655477289116,-0.77016842089366,-0.656537717933794,-0.487243099040345,-0.498867579507836,-0.490924426431091,-1.54219183035705,0.583995129724131,-0.160976504847994,-0.191462669711455,-0.216484753470777,-0.0426854357429198,-0.332425591314831
"Piaya cayana",0,1,NA,1,0.859556240888621,0.442722026884637,0.544950058962171,0.609745246476409,3.83956719314251,0.66540739693208,-0.861776095317788,4.80541620199462,0.348916087506808,1.48646821773684,-2.15051988498329,-3.06638518526835,-0.401578724651565,0.190400751716625
"Picumnus olivaceus",1,0,1,NA,-0.850909130274166,-0.771736497480323,-0.605778610911681,-0.728079128352449,-0.979446386246331,-0.701083759626348,-0.575504631615776,-1.81156995783328,0.611501590602588,-0.462877029427532,-0.172533413630793,0.455656815189291,0.229425465389184,-0.178280218721575
"Pionus chalcopterus",3,0,1,NA,1.40510465506487,0.53874897997396,2.00097409023113,1.2378788299522,-0.00648639990891616,-0.480484290406153,0.439457830600448,3.2937923800272,-1.61596884744401,-0.224035609571337,-0.880952050603928,2.09081890054061,0.672345374767755,-0.291626396134376
"Pionus tumultuosus",3,0,1,NA,1.50282876461649,0.312803207999083,1.81310002168029,1.16204493490843,0.0278533643147572,-0.29052363635543,0.758260142450416,3.19921583234933,-1.5652043875808,0.181661960209425,-0.665878372476251,2.06477239456013,0.502762124933582,0.00154776258928754
"Pipraeidea melanonota",5,1,NA,NA,-0.334420693409982,-0.641817678594769,-0.323967508085432,-0.331739714633098,-0.382316041690231,-0.357929029728268,0.140174027639253,-0.58309331362311,0.0497866655771661,0.237285400846944,-0.141327274610416,0.349257646221237,0.00394940555368431,0.0794874285035095
"Pipreola riefferii",9,11,NA,NA,0.310295454328127,-0.415871906619893,-0.230030473810015,-0.20868848871301,-0.082796987072635,-0.0883074562369184,-0.464899747912726,0.41766318494224,0.543367735095964,0.194553624137613,-0.12856995970219,0.231452244635995,0.393043446908485,0.306661497163727
"Piranga leucoptera",1,0,1,NA,-0.539857440407095,-0.461061061014868,0.122233404722797,-0.440482658469454,-0.363238394899302,-0.33341797759269,-0.2632084893954,-0.415170614888814,0.205849009532374,-0.384029949262211,-0.380519568564803,0.339877749775458,-0.277789252429089,-0.0520552877466775
"Piranga rubra",0,1,NA,1,-0.0879757110465727,-0.269007154836223,0.521465800393317,-0.161471157836698,-0.12476781001268,-0.259884821185959,0.315840607638215,0.429801364567783,-0.411450365604409,-0.13420043131741,-0.432149814040781,0.561233531398538,-0.314969121035975,0.181539053205368
"Poecilotriccus ruficeps",0,4,NA,1,-0.991503123441694,-0.607925812798538,-0.582294352342827,-0.812497992646463,-0.823009682560707,-0.431462186134999,-0.9268377916137,-1.59073364836717,0.941794342811965,-0.703701940735573,-0.0533389539079631,0.0936169678508816,0.00992609369182229,-0.249931760923449
"Premnoplex brunnescens",1,0,1,NA,-0.525823607874485,-0.387628685123033,-0.652747128049389,-0.619336184516093,-0.319359807280163,-0.223118242982593,-0.673097176059644,-0.748659493427041,0.73621195010176,-0.263764530893633,0.0103157866491802,-0.286297208669561,0.167847422898184,0.0208394398806638
"Premnornis guttuliger",2,10,NA,NA,-0.544593921501957,-0.455412416715496,-0.699715645187098,-0.523470694555095,-0.141937692124517,-0.266012584219853,-0.634060158282097,-0.665820580585964,0.687981096159705,-0.042461727282432,-0.141078961706134,-0.407185858517789,0.176590399155289,-0.0772777041208835
"Psarocolius angustifrons",3,0,1,NA,1.59914964562356,1.64588326265085,1.06160374747696,1.5254752998352,1.93371027872863,1.33946133066045,0.0295691439362035,5.80287880353336,-0.853156695513145,0.624066937847086,0.389943744268145,-0.891540637130821,0.155460500885219,-0.285990346738198
"Pseudocolaptes boissonneautii",2,2,NA,NA,0.222653994089581,0.228073543508505,-0.441388800929702,0.0331214785020454,0.33118794829054,0.13841977601717,-0.360801033839267,1.05376283081815,0.18594164422632,0.193720131591969,0.218977667037823,-0.551756096403928,0.478347447922752,0.00102909526783553
"Pseudotriccus ruficeps",2,2,NA,NA,-0.802598026470325,-0.698304121588488,-0.558810093773973,-0.679430969267764,-0.664665214195991,-0.0637964041013413,-0.790208229392285,-1.12707077979905,1.05475586432284,-0.339027234161867,0.187851399706086,0.0933188017556545,-0.216079601427048,-0.152527040993374
"Pygochelidon cyanoleuca",0,21,NA,1,-0.917940227927552,-0.867763450569645,-0.605778610911681,-0.157178673211578,-0.554014862808599,-0.835894546372022,1.51297581948299,-1.56211873150418,-1.20026726983678,0.883126136044215,-0.157585723047541,0.464044861483165,-0.212429732508433,-0.246460823168217
"Pyrrhomyias cinnamomeus",6,20,NA,NA,-0.902522014006045,-0.58533123560105,-0.276998990947723,-0.477684191887155,-0.315544277921977,-0.670444944456876,-0.107060418285211,-1.07916403017559,0.010103734615965,-0.16179002058587,-0.574482506741917,0.0272335276550597,-0.136229330801572,-0.286957613685069
"Pyrrhura calliptera",8,0,1,NA,0.627261924770967,0.0360196373298599,1.27296207459665,0.446630830721874,0.655507943736345,-0.670444944456876,0.966457570597333,1.91765769718881,-1.56369977419198,0.306528911384424,-1.39224082161113,0.711861804803993,0.00314748868903247,0.268374033908948
"Ramphastos ambiguus",1,0,1,NA,2.26065266964756,7.40185180371083,7.51977485391185,1.72579124900744,1.60939028328283,1.64584948235517,-0.9268377916137,11.9073388916173,-4.11431483443128,-7.3859453257683,-0.0702203844687137,0.456014399561772,-0.997934315279564,-0.361501396220134
"Ramphomicron microrhynchum",3,0,1,NA,-1.66675237133753,-0.726547343085348,-1.14591655799533,-0.748110723269673,-0.678019566949642,-1.08100506772779,2.44986424614412,-2.96227607094634,-1.90195326503985,0.740227115768714,0.111234389180753,-0.244010282810203,-0.585420505851679,0.0783249180258966
"Rhynchocyclus fulvipectus",1,0,1,NA,-0.262417068335811,-0.421520550919265,0.497981541824463,-0.373233732675918,-0.145753221482703,-0.296651399389325,-0.601529310134141,0.183250013737888,0.397090195356014,-0.522774442078841,-0.718819132594229,0.432699490157717,-0.258140276311805,0.0298486067615838
"Rupornis magnirostris",0,3,NA,1,1.59216100873658,0.137695234718554,0.991150971770399,1.68286640275624,1.55024957823095,2.31377565304964,0.237766572083121,5.57481105961271,0.27894058707644,2.0028168390243,1.05791481241534,0.142250074123221,-1.00180091571683,-0.24784498985906
"Saltator atripennis",5,0,1,NA,0.392950341072929,-0.139088335950669,0.709339868944149,-0.011234195957521,0.403683006096072,0.0281200414070731,-0.751171211614738,1.56401162910591,0.440192037388139,-0.230273887312148,-0.743923218418549,0.243107470344346,-0.048553380696216,0.155082251079818
"Saltator striatipectus",2,0,1,NA,0.133242542141599,-0.252061221938107,0.568434317531025,-0.178641096337175,0.182382303321288,0.218080695457796,-0.588516970874959,1.13554609592158,0.537647565105112,-0.245590251220329,-0.381050856691292,0.247512763978434,-0.376904796111164,0.198425920374496
"Saucerottia cyanifrons",0,2,NA,1,-1.41857863247609,-0.206872067543132,-0.911073972306785,-0.676569312851017,-0.813470859165243,-1.11164388289727,2.54745679058799,-2.55085627817431,-2.29832821007301,0.283928204175053,0.312923757392076,-0.103638453304798,-0.327738419772315,0.168390272937009
"Schistes geoffroyi",2,0,1,NA,-1.66675237133753,-0.387628685123033,-0.864105455169076,-0.775296459228762,-0.821101917881615,-1.12389940896505,2.5409506209584,-2.82669375529413,-2.20891365302786,0.273706427742029,0.185350709077037,-0.116511633893152,-0.602855110683699,0.106420202842476
"Scytalopus griseicollis",3,0,1,NA,-0.446690911623502,-0.681358188690372,-0.676231386618243,-0.725217471935703,-0.725713683926966,-0.0883074562369184,-0.738158872355556,-1.06115920551474,1.0724647731552,-0.254233000496239,0.290758426215576,0.198705548487635,0.0949028303988159,0.173905442783517
"Scytalopus latrans",7,14,NA,NA,-0.467853815332924,-0.540142081206075,-0.817136938031368,-0.678000141059391,-0.719990389889687,-0.143457323541967,-0.790208229392285,-1.07232726123709,1.0143313444272,-0.290610351420211,0.358170300624828,0.0599161822924627,0.283575678752361,0.062019794255425
"Scytalopus spillmanni",0,6,NA,1,-0.249447371941263,-0.523196148307959,-0.652747128049389,-0.635075294808197,-0.643679802725968,0.00360898927149601,-1.1480475590198,-0.655501390710593,1.3350768936266,-0.383114669392616,0.311938016990627,0.132552699172285,0.322192687471216,0.106898634382246
"Serpophaga cinerea",2,0,1,NA,-1.03569503392608,-0.664412255792257,-0.746684162324806,-0.675138484642644,-0.575000274278621,-0.431462186134999,-0.582010801245367,-1.51834629534007,0.682311059128225,-0.261805029583025,-0.084804062464583,-0.144450287829906,-0.0425882486543337,-0.31969465909478
"Setophaga fusca",2,12,NA,NA,-0.917940227927552,-0.658763611492885,-0.629262869480535,-0.537778976638826,-0.584539097674086,-0.37631231882995,0.524038035785133,-1.40297506955654,-0.179071920155135,0.188812541523857,0.158893067465879,0.0945591634264443,-0.327421608147638,-0.0524626133312808
"Sicalis luteola",0,1,NA,1,-0.544593921501957,-0.828222940474042,-0.37093602522314,-0.519178209929975,-0.61887886189776,-0.554017446812885,-0.21115913235867,-1.14320132131439,0.359510326919675,-0.0227408446137017,-0.317214909575083,0.482265807016392,0.0586960142176351,-0.00448079064958529
"Siptornis striaticollis",1,0,1,NA,-0.69672197473938,-0.687006832989744,-0.840621196600222,-0.584996307515138,-0.519675098584925,-0.443717712202787,-0.10055424865562,-1.34657799921997,0.348058374459989,0.13358899975643,0.0212463200219894,-0.0399936713892564,0.124644857445129,-0.0209287597436106
"Sphenopsis frontalis",4,8,NA,NA,-0.494057584101128,-0.444115128116752,-0.394420283791994,-0.46623756622017,-0.243049220116445,-0.198607190847016,-0.621047819022914,-0.463056875886942,0.643608154518171,-0.189967150920732,-0.142560007787572,-0.107161725630162,0.0212721721579784,-0.0916179736412063
"Sphenopsis melanotis",3,0,1,NA,-0.539857440407095,-0.46670970531424,-0.441388800929702,-0.491992473970886,-0.273573454981932,-0.180223901745333,-0.712134193837191,-0.536352985046942,0.746817620889788,-0.2181108661106,-0.112336998572749,-0.129671597974449,0.0191004788438713,-0.125883848515845
"Spinus psaltria",1,0,1,NA,-0.991503123441694,-0.777385141779695,-0.347451766654286,-0.606458730640735,-0.714267095852408,-0.694955996592454,0.107643179491298,-1.60816696875915,-0.00838573027664088,-0.181953909339595,-0.339114257011843,0.391134533474556,-0.221617901977317,-0.180211801229724
"Spinus spinescens",2,26,NA,NA,-0.802598026470325,-0.726547343085348,-0.323967508085432,-0.5764113382649,-0.582631332994993,-0.676572707490771,0.159692536528027,-1.36494013982652,-0.0602590139959139,-0.092549142007081,-0.383682712706267,0.338889097895373,-0.138344270198272,-0.0388582260388718
"Spinus xanthogastrus",1,0,1,NA,-0.714360120498426,-0.760439208881579,-0.441388800929702,-0.544933117680691,-0.712359331173315,-0.627550603219616,0.309334438008624,-1.42822865957797,-0.104829097480155,0.039034923551128,-0.164255838737399,0.464306564756929,-0.0640649983718346,0.021568066445566
"Sporathraupis cyanocephala",2,17,NA,NA,0.0727729771373231,-0.393277329422405,-0.0421564052591822,-0.25018250675583,0.0526543051429658,0.0158645153392846,-0.451887408653544,0.486549232681596,0.527926987173251,0.0804172570567191,-0.21990383891597,0.0764380100816741,0.00947894933981956,0.214827723406403
"Stilpnia cyanicollis",2,0,1,NA,-0.494057584101128,-0.658763611492885,-0.394420283791994,-0.532055663805333,-0.597893450427737,-0.388567844897739,-0.159109775321941,-0.96794496550812,0.335450185783359,-0.0864018117839343,-0.0808347071355893,0.362039301254494,0.0161211426968868,0.0737888507823797
"Stilpnia heinei",14,6,NA,NA,-0.363762877023412,-0.749141920282835,-0.394420283791994,-0.419020235343858,-0.563553686204064,-0.37631231882995,0.0490876528249771,-0.845464121697245,0.20822099592517,0.178820774279427,-0.0709463847211967,0.483778072387737,0.0352644207240566,0.113219192260577
"Stilpnia vitriolina",3,2,NA,NA,-0.265694584365766,-0.664412255792257,-0.0891249223968905,-0.431897689219216,-0.391854865085696,-0.20473495388091,-0.224171471617853,-0.384383307333634,0.420272977009328,-0.0268263317889151,-0.197485047916122,0.44334479552373,-0.144529736440337,0.174929479420069
"Streptoprocne rutila",1,0,1,NA,-0.363762877023412,-0.952493115060224,-0.582294352342827,0.382243561345084,-0.636048744009596,-0.719467048728031,3.03541951280733,-1.04210774650951,-2.36213506965615,1.93974897365993,0.352808209178577,1.12286571649543,-0.195622098903138,-0.000300376465309449
"Sturnella magna",2,20,NA,NA,0.779959926175728,0.53874897997396,-0.0186721466903282,0.0688921837113732,-0.199170632497306,0.984051074694583,0.0295691439362035,1.85414578341492,0.180117434002396,-0.0813140678846266,1.4192070022917,0.190311710804157,0.0800503150389331,0.537416435600144
"Synallaxis subpudica",0,6,NA,1,-0.438389001046394,-0.545790725505446,-0.77016842089366,-0.587857963931884,0.581105121251719,-0.0699241671352355,-0.712134193837191,-0.183002055052447,0.928684813343343,0.368671855742805,-0.483046860182692,-1.11117865420896,-0.0441212396928642,0.173788417420807
"Synallaxis unirufa",11,13,NA,NA,-0.455085067539103,-0.472358349613612,-0.652747128049389,-0.657968546142167,0.214814302865868,-0.112818508372496,-0.829245247169832,-0.378790496060695,0.965734640448387,-0.00945056973306457,-0.327680880561121,-0.769199835031847,0.019302975031126,0.16049208785015
"Syndactyla subalaris",1,2,NA,NA,-0.0931858438349324,-0.0713046043582065,-0.417904542360848,-0.221565942588368,0.125149362948499,-0.112818508372496,-0.438875069394361,0.324850494908185,0.315666804426645,0.0206065356994171,-0.0712278528990568,-0.398084626657964,0.320909473831004,0.00681512338748685
"Tachyphonus rufus",4,0,1,NA,0.0384276874240409,-0.297250376333083,-0.0186721466903282,-0.290245696590278,-0.012209693946195,-0.100562982304707,-0.529961444208638,0.393991742890713,0.480241489402619,-0.115770735875336,-0.279103975713507,0.0831597731416425,0.1166955500549,0.185809604623363
"Tangara arthus",7,0,1,NA,-0.299276391184382,-0.602277168499166,-0.37093602522314,-0.390403671176395,-0.447180040779392,-0.29052363635543,-0.0875419093964378,-0.583880369433282,0.271698733866637,0.100812039604693,-0.0425052643370294,0.330967489779719,0.0729981025741445,0.103242178238307
"Tangara gyrola",2,0,1,NA,-0.334420693409982,-0.636169034295397,-0.323967508085432,-0.426174376385723,-0.504412981152181,-0.315034688491007,-0.21115913235867,-0.652506070096139,0.370568404656345,-0.00147869694641742,-0.0936367018444941,0.395424231349143,0.0628292778810066,0.0771567715323858
"Tangara labradorides",14,2,NA,NA,-0.588614115595114,-0.698304121588488,-0.37093602522314,-0.547794774097437,-0.573092509599528,-0.437589949168893,-0.185134453840305,-1.04851855487951,0.33863943254792,-0.105086955791818,-0.183863558356215,0.332628609378421,-0.0398578628273037,0.0134990480742841
"Tangara nigroviridis",12,16,NA,NA,-0.494057584101128,-0.675709544391,-0.441388800929702,-0.483407504720647,-0.542568274734041,-0.455973238270576,0.0165568046770212,-0.9900625652261,0.165468336040345,0.0594844680120047,-0.126761128080803,0.331122435526021,0.0458152013240561,0.0656052881461807
"Tangara parzudakii",4,5,NA,NA,-0.117086594073421,-0.432817839518008,-0.276998990947723,-0.245890022130711,-0.380408277011138,-0.382440081863845,-0.0159740434709347,-0.28088436173043,0.0325030716150426,0.0949826814252263,-0.115202376961668,0.383618929598765,0.283102273472206,0.0828112176015456
"Tangara vassorii",11,17,NA,NA,-0.450876330971447,-0.664412255792257,-0.464873059498556,-0.404711953260126,-0.468165452249415,-0.357929029728268,-0.0550110612484819,-0.807131047389937,0.247589187628575,0.146623674990668,-0.0717805846439725,0.275252563287321,0.0479819663143473,0.00201434922559001
"Thamnophilus multistriatus",1,0,1,NA,-0.130698967035841,-0.223818000441248,-0.112609180965745,-0.453360112344812,-0.216340514609143,0.0955254347799104,-0.972380979020838,0.208029770350576,0.940343283639676,-0.486105701515123,0.0153087172151521,0.00331657158942596,0.04461549416995,0.105688417333083
"Thamnophilus unicolor",7,0,1,NA,-0.227272766110211,-0.105196470154438,-0.300483249516577,-0.484838332929021,-0.302189925168327,-0.0821796932030242,-1.08949203235348,-0.0503661072191319,0.905087984506011,-0.631784328064019,0.018667516327123,-0.115051196595074,0.306602744609799,-0.0162122118389729
"Thlypopsis superciliaris",0,3,NA,1,-0.640735902182191,-0.517547504008587,-0.511841576636265,-0.516316553513229,-0.351791806824744,-0.241501532084276,-0.497430596060682,-0.774102320005984,0.589186586339791,-0.147709947965058,-0.0658625722392503,-0.0973885964100071,-0.0281375805579666,-0.127706075874918
"Thraupis episcopus",2,0,1,NA,0.0514908300751205,-0.551439369804819,0.0517806290162344,-0.228720083630234,-0.264034631586467,-0.0883074562369184,-0.10055424865562,0.186173218474559,0.270646986565404,0.134275492262638,-0.138529966243387,0.546647351708117,-0.05828531366015,0.242363658253094
"Thraupis palmarum",1,2,NA,NA,0.133242542141599,-0.506250215409843,-0.0656406638280362,-0.154317016794832,-0.141937692124517,-0.186351664779227,-0.159109775321941,0.271395561938972,0.239796154560019,0.243927796650684,-0.23982119457064,0.41267793713401,0.170390891580383,0.193033759589294
"Thripadectes holostictus",0,4,NA,1,0.165475602768499,0.00212777153362837,-0.276998990947723,-0.270214101673054,0.375066535909678,0.156803065118853,-0.7056280242076,0.867417187577784,0.640101461362101,-0.0262564272098144,-0.0785487729298846,-0.566519706762416,0.234241261820797,0.249905952418192
"Tiaris olivaceus",0,3,NA,1,-1.0177068922099,-0.839520229072786,-0.488357318067411,-0.763849833561777,-0.695189449061479,-0.41920666006721,-0.354294864209676,-1.60804015800977,0.597948617913829,-0.282000716621521,-0.156168329016729,0.183840757801591,-0.31929059139207,-0.118641359768194
"Todirostrum cinereum",2,0,1,NA,-1.24398152500385,-0.517547504008587,-0.323967508085432,-0.869731120981387,-0.840179564672544,-0.284395873321536,-0.608035479763732,-1.58287154524373,0.678433592597152,-0.872297657157517,0.0546446091355626,0.0923924803663114,-0.490707405774198,-0.258377225935349
"Troglodytes aedon",4,16,NA,NA,-0.829824982494967,-0.455412416715496,-0.746684162324806,-0.742387410436181,-0.700912743098757,-0.223118242982593,-0.744665041985147,-1.29976436206258,0.859020080297297,-0.504216092158039,0.256684716945155,-0.113406396714004,0.0557314114741959,-0.135471975871597
"Troglodytes solstitialis",6,1,NA,NA,-0.795941893016336,-0.43846648381738,-0.723199903755952,-0.78817391310412,-0.754330154113361,-0.302779162423219,-0.712134193837191,-1.37531152188346,0.798816507372742,-0.576563233989689,0.215381711883561,-0.0527177240427314,0.117734997495211,-0.0607425565830746
"Trogon personatus",1,0,1,NA,0.500325271457332,-0.285953087734339,0.544950058962171,0.320717948385041,1.52544863740274,-0.578528498948462,0.855852686894283,1.83645023070019,-1.12653995882279,1.1839412762857,-1.72621484217285,-0.493640511413938,-0.031976579219189,0.390132622883535
"Turdus fuscater",1,52,NA,NA,1.11480699880964,0.357992362394059,0.169201921860505,0.687009969728557,1.24309946489698,1.21690606998257,-0.347788694580085,3.53358592226633,0.444566993594062,0.980045494110024,0.472986611577355,-0.652720007377724,-0.0373748352147742,0.173885704254504
"Turdus ignobilis",5,2,NA,NA,0.505076647244873,-0.133439691651297,-0.0186721466903282,0.101801232503955,0.188105597358567,0.616385292660925,-0.217665301988261,1.49750856904696,0.465349649106421,0.429729095560701,0.460885760582015,0.0903481805111111,-0.0585664757973848,0.266206055072577
"Tyrannus melancholicus",1,0,1,NA,0.101595349081813,-0.0261154499632312,0.82676116178842,0.078907981169985,0.268231713880472,-0.308906925457113,-0.0419987219892996,1.20708204041649,-0.419496435217739,-0.245395799483406,-0.841429757152656,0.396620730181939,-0.14838361210906,-0.0237384317925454
"Uranomitra franciae",0,1,NA,1,-1.41857863247609,0.0529655702279754,-0.840621196600222,-0.713770846268718,-0.838271799993451,-1.09938835682948,2.37829638021862,-2.42555020402249,-2.29937598580094,-0.0498550281139053,0.376817145998548,-0.196713876800061,-0.248383294446823,0.146096856597087
"Uromyias agilis",1,2,NA,NA,-0.887412185132182,-0.732195987384719,-0.605778610911681,-0.656537717933794,-0.212524985250957,-0.33341797759269,-0.881294604206562,-1.07451097119029,0.973300419665373,-0.167873929127131,-0.3961732828996,-0.344971242010647,-0.112682075137448,-0.247610463746021
"Vanellus chilensis",0,3,NA,1,1.73966488286086,0.62912728876391,0.0517806290162344,1.75583864138327,0.447561593715211,3.1165126104898,0.432951660970857,5.2403095143856,0.500644448197054,1.89498520264059,3.32789677935245,0.429395451512507,-0.594771209274677,-0.294350311998436
"Vireo leucophrys",7,1,NA,NA,-0.738537104061034,-0.562736658403562,-0.558810093773973,-0.549225602305811,-0.536844980696762,-0.37631231882995,-0.354294864209676,-1.09699203262338,0.444441817351481,-0.183182042531265,-0.0392685928685661,0.0495724682889737,0.0098352615052458,-0.159174264018172
"Volatinia jacarina",1,0,1,NA,-0.902522014006045,-0.766087853180951,-0.441388800929702,-0.793897225937613,-0.668480743554177,-0.425334423101105,-0.666591006430053,-1.45984194357394,0.806292951992991,-0.458559287947741,-0.235278240808,0.160421275156818,-0.170638642685679,-0.087004096267409
"Xenops rutilans",4,3,NA,NA,-0.809313326330733,-0.602277168499166,-0.77016842089366,-0.536348148430453,-0.550199333450413,-0.578528498948462,-0.0550110612484819,-1.40696274416785,0.154606876635972,0.0188525931790219,-0.0752671586918061,-0.0154187819397544,0.151897851107458,-0.173991808739296
"Xiphocolaptes promeropirhynchus",8,0,1,NA,0.789771314207912,1.50466715516656,0.497981541824463,0.45807745638886,0.853915470362013,0.518341084118617,-0.582010801245367,3.20952467826166,-0.368302707931935,-0.676625380653426,0.304915176880914,-0.814022401675815,0.557324541127048,-0.0663619043450597
"Xiphorhynchus triangularis",6,0,1,NA,0.262865680971418,0.521803047075844,-0.206546215241161,0.157603532630506,0.38269759462605,-0.0883074562369184,-0.120072757544394,1.27284516806382,-0.353865248211759,0.00519877897135085,0.0352760331601809,-0.502245795018008,0.60885611085379,-0.0731977764198213
"Zenaida auriculata",0,11,NA,1,0.917971977006791,-0.280304443434967,-0.582294352342827,0.470954910264217,0.287309360671401,-0.167968375677544,0.543556544673907,1.19166592881587,-0.438799034234023,1.36141226142131,0.0741823058280469,0.209303887256372,0.984619531230296,0.270241606308876
"Zimmerius chrysops",10,11,NA,NA,-0.865299398887922,-0.833871584773414,-0.558810093773973,-0.722355815518957,-0.613155567860481,-0.413078897033316,-0.731652702725964,-1.42352890466555,0.897183793374047,-0.28653051506964,-0.234576522068977,0.114372394513314,-0.0801725461511411,-0.156562749043884
"Zonotrichia capensis",9,165,NA,NA,-0.360032171861706,-0.58533123560105,-0.206546215241161,-0.563533884389542,-0.351791806824744,0.00360898927149601,-0.490924426431091,-0.386878148736143,0.747253769385263,-0.179695374978378,-0.00718010811925163,0.165008275574284,-0.249140942589279,0.197270507835446
