"Species","TOCHE_H","TOCHE_M","TOCHE_EXT","TOCHE_NEW","weight_z","T_cul_z","Bill_w_z","Wing_l_z","Tail_l_z","Tars_z","HWI_z","Comp.1","Comp.2","Comp.3","Comp.4","Comp.5","Comp.6","Comp.7"
"Accipiter striatus",0,1,NA,1,1.04628211937572,-0.31984495353057,0.263138956135921,1.12055091686561,1.07712393781589,1.60295514111791,0.413433152082083,2.03842698194749,0.122589268320345,1.26395000236852,0.325510593215967,0.282841550435435,-0.245783694724473,0.401558529202688
"Acropternis orthonyx",2,6,NA,NA,0.764159835756188,-0.0600073157594627,-0.394420283791994,-0.121407968002251,0.210998773507683,0.775707131542177,-1.22612159457489,0.645546492012668,1.3675383261769,0.0107688566700664,0.409469514079929,-0.29424509019963,0.390336042939324,0.321656789093108
"Adelomyia melanogenys",2,12,NA,NA,-1.4338410962146,-0.342439530728058,-0.840621196600222,-0.718063330893838,-0.809655329807057,-1.08713283076169,2.33275319281148,-2.34578051698824,-1.92094003647559,0.182282726433123,0.159359520616027,0.133581101456062,-0.277567442339928,0.134066867854455
"Aeronautes montivagus",0,6,NA,1,-0.367512096926746,-0.986384980856455,-0.88758971373793,0.170480986505864,-0.603616744465016,-0.958449807049908,2.87927144169714,-1.66955123188831,-2.13058759766783,1.31817097244269,0.0479542520454064,0.765767753902335,0.437037282341573,0.274915943062354
"Aglaiocercus kingii",0,9,NA,1,-1.44941827200097,-0.189926134645016,-0.864105455169076,-0.637936951224943,-0.611247803181388,-1.06874954166001,2.50841977281044,-2.19759122722842,-2.1403840496004,0.209614768634423,0.180608853842978,-0.0393937479964173,-0.315094934008872,0.12919553982903
"Amazona mercenarius",2,2,NA,NA,1.76911707248249,0.487911181279612,2.14187964164425,1.5841392563785,0.438022770319746,-0.180223901745333,0.524038035785133,2.7127017494263,-0.881578992099591,-0.624971648418183,-1.08233740602697,1.46754239397572,0.665371115252757,-0.161680497216176
"Amblycercus holosericeus",1,1,NA,NA,0.579444800884616,0.357992362394059,0.192686180429359,-0.124269624418997,0.375066535909678,0.475446742881357,-0.894306943465744,0.898431072788987,0.790926174329716,-0.530593391227322,0.0335969695093704,-0.277148240042449,0.145602949167129,0.240850282420576
"Ampelion rubrocristatus",6,11,NA,NA,0.534114282407794,-0.195574778944388,-0.136093439534599,0.143295250546775,0.159489127172172,0.0710143826443331,0.0100506350474299,0.309980151839443,0.148380649557062,0.198557338605559,-0.0453966690154097,0.101425918661066,0.418022746484926,0.198502989640353
"Anabacerthia striaticollis",0,4,NA,1,-0.208770626821609,-0.302899020632454,-0.558810093773973,-0.228720083630234,-0.0331951054162179,-0.229246006016487,-0.412850390875997,-0.575527698951004,0.467578478830333,0.0609522045528571,-0.0313495558104011,-0.272720532309611,0.236242354843892,-0.112496794013741
"Andigena hypoglauca",2,5,NA,NA,1.70612508022674,3.79801674071155,4.63121104994279,0.96888312677806,1.75819592825208,1.05758423110131,-0.887800773836153,5.94608744746272,-0.801106661825052,-4.19603681581779,-1.13450207689236,0.162980909158474,-1.02358140270401,0.065839209367342
"Andigena nigrirostris",3,22,NA,NA,1.79101617854997,3.64550334462851,5.05392770418216,0.915942483068255,2.05008392415331,1.00243436379627,-0.803220568651468,6.17396615240509,-0.854118077532792,-4.16721199618049,-1.60430190130626,0.303451047969683,-1.18680426420201,0.217014391036205
"Anisognathus igniventris",0,30,NA,1,0.0295917240076421,-0.517547504008587,-0.159577698103453,-0.220135114379995,-0.0484572228489616,0.0832699087121219,-0.490924426431091,-0.24515890516166,0.701693713452993,0.127288022567774,-0.154488084570752,0.130277087228589,0.0675922790395216,0.0938648339839103
"Anisognathus lacrymosus",14,30,NA,NA,-0.0401932026730671,-0.500601571110471,-0.183061956672307,-0.197241863046025,-0.0446416934907756,0.0832699087121219,-0.516949104949456,-0.26700581093906,0.70635588237573,0.122926709553884,-0.13583128135206,0.0930739415241076,0.0352222984431793,0.0341922373446447
"Anisognathus somptuosus",1,15,NA,NA,0.23290934967144,-0.223818000441248,-0.0656406638280362,-0.162901986045071,-0.0942435751471927,0.046503330508756,-0.217665301988261,-0.027877283324151,0.368477044598807,-0.0770129069926574,-0.048927126806487,0.162415564557972,0.202006099438043,0.183933601357782
"Anthocephala berlepschi",1,5,NA,NA,-1.60628280633325,-0.269007154836223,-1.14591655799533,-0.742387410436181,-0.86307274082166,-1.185177039304,2.6125184868839,-2.62227809863222,-2.19066154045661,0.265127136314784,0.34973372410963,-0.0417559861968954,-0.23739061233137,0.100335249196538
"Arremon assimilis",8,0,1,NA,0.133242542141599,-0.302899020632454,0.0282963704473801,-0.281660727340039,0.134688186343964,0.248719510627268,-1.01141799679839,0.122311925344911,1.07938821519241,-0.168714114900712,-0.21045964931354,-0.0489185152798825,9.63670807807432e-05,0.0860814234182822
"Arremon brunneinucha",0,9,NA,1,0.224372916924387,-0.252061221938107,-0.0186721466903282,-0.321723917174486,0.130872656985778,0.309997140966211,-0.991899487909612,0.16751125613008,1.08139350200881,-0.179651831690868,-0.126624378460852,-0.0798136611019623,0.0465760729942493,0.174157867706826
"Asio stygius",1,0,1,NA,2.15280336237061,1.00758645682183,0.873729678926129,3.19811347542337,1.82878322137852,1.14950067660973,1.12260564170752,4.26088995498918,-1.41791805746819,1.01756532253589,0.235729527384189,0.195410579572999,0.765125908079882,-0.557868737645946
"Atlapetes albinucha",1,4,NA,NA,0.0251346829973323,-0.381980040823661,0.0987491461539424,-0.429036032802469,0.111795010194848,0.199697406356113,-0.965874809391247,-0.0214651305137597,1.07087442198302,-0.200908643753638,-0.315284328012553,-0.00201696709177093,-0.109870402390951,0.150732390488895
"Atlapetes flaviceps",2,10,NA,NA,0.0228962628116431,-0.55708801410419,-0.441388800929702,-0.461945081595051,-0.321267571959256,0.0403755674748616,-0.848763756058606,-0.587187454213287,1.06502810997562,0.0102662918079951,0.0260269421022388,0.0548356419661453,0.240987158204529,0.116230206990513
"Atlapetes pallidinucha",2,6,NA,NA,0.0428072142396448,-0.421520550919265,-0.183061956672307,-0.367510419842426,0.0183145409192924,0.346763719169576,-0.803220568651468,-0.116200983271488,1.01452673161464,0.0202804764801724,-0.019710894491784,-0.0278164782730863,-0.0520588226981027,0.18742070855549
"Atlapetes schistaceus",11,28,NA,NA,-0.117086594073421,-0.562736658403562,-0.253514732378869,-0.394696155801515,0.115610539553034,0.0648866196104389,-0.770689720503512,-0.365147982900496,0.946847903229923,0.118433646816614,-0.25786438155573,-0.117342227413516,-0.0186095899633337,0.0856455738425155
"Aulacorhynchus albivitta",0,15,NA,1,1.34911858250768,2.45363939746104,3.5509351557755,0.294963040634325,0.804313588705596,0.463191216813568,-0.76418355087392,3.87102978657287,-0.350021140783893,-3.32519883335509,-1.08415094269667,0.587704401462443,-0.568383687701711,0.263737048939958
"Boissonneaua flavescens",4,2,NA,NA,-1.04485231283324,-0.172980201746901,-0.817136938031368,-0.40185029684338,-0.561645921524971,-1.06262177862611,2.40432105873698,-1.85776037755762,-2.06938712757482,0.271523561227193,0.160198458337862,0.0543769255641124,-0.0106917231914694,0.124507161146558
"Bubulcus ibis",0,10,NA,1,1.82478565553723,2.22204498118679,0.568434317531025,2.01911103172392,0.249154067089542,3.25132339723547,0.361383795045353,4.24800400821705,-0.366516889513883,-0.45084904232473,2.7335024928292,0.217538648132376,-0.233118561830027,0.202140935479133
"Buteo platypterus",1,0,1,NA,1.98706196372765,0.24501947640662,1.15554078175238,2.49557682511217,1.92607922001226,1.81742684730421,0.816815669116736,4.04924832818663,-0.606191271066026,1.37727565165057,-0.000400423040514866,0.501112705350859,0.0176533344592755,0.07986967677608
"Buthraupis montana",2,40,NA,NA,0.740256084295069,-0.105196470154438,0.333591731842484,0.363642794636234,0.239615243694077,0.530596610186405,-0.172122114581123,0.971670963891132,0.341752277241503,0.101914102632079,-0.0185288569479352,0.365585919178346,0.170085441076155,0.225096893022595
"Butorides striata",0,1,NA,1,1.37389018732096,2.61745008214282,0.709339868944149,1.01037714482088,-0.269757925623746,1.42525001313497,0.283309759490259,2.88853517710066,-0.83764597442436,-1.83754913947537,1.83857531961701,-0.0132502725507721,0.32151638822227,0.0963353061700157
"Cacicus chrysonotus",9,18,NA,NA,0.671282118864124,0.284559986502224,0.145717663291651,0.571112884850335,0.970289115786684,0.487702268949145,-0.393331881987223,1.38617433500384,0.277584503861248,0.116299056791128,-0.117010841282388,-0.416637251038294,0.184551718135176,-0.00323625554970283
"Campephilus pollens",1,0,1,NA,1.32109860171849,1.43688342357409,1.31993059173436,1.02039294227949,0.947395939637569,0.408041349508519,-0.516949104949456,2.8035235511515,-0.17283849710833,-1.19040796363847,-0.272249852987192,-0.107770889892228,0.368813896205154,-0.171922143063424
"Camptostoma obsoletum",0,1,NA,1,-1.05412195379311,-0.799979718977182,-0.699715645187098,-0.729509956560823,-0.704728272456943,-0.603039551084039,-0.510442935319864,-1.83443918305835,0.681356371019814,-0.0335237979488501,-0.141832400131266,0.0152136500154648,-0.0967274602100166,-0.305394586063054
"Caracara plancus",0,11,NA,1,2.64128289909256,1.16574849720424,1.95400557309342,3.95931408227786,2.43926791868827,3.56383931196408,0.153186366898436,6.6434952350628,-0.187724756490858,1.26087660638417,0.873239712849676,0.630813598814847,-0.498097448218137,-0.402911013686828
"Catamblyrhynchus diadema",0,2,NA,1,-0.635358895426366,-0.766087853180951,-0.323967508085432,-0.547794774097437,-0.153384280199075,-0.155712849609756,-0.777195890133103,-0.969424425303474,0.962477026176883,0.0874486411241346,-0.330436645675949,-0.0337914394855466,-0.230286860579964,-0.122099848910708
"Catamenia homochroa",1,2,NA,NA,-0.744704209818603,-0.709601410187232,-0.347451766654286,-0.559241399764422,-0.389947100406603,-0.198607190847016,-0.555986122727003,-1.13988477549134,0.760496725399907,0.0071819874776268,-0.187419867433777,0.0879994646501682,-0.254904587479303,-0.14633768158584
"Catharus ustulatus",1,0,1,NA,-0.0574476682512031,-0.545790725505446,-0.37093602522314,-0.0956530602515346,-0.182000750385469,0.359019245237365,0.485001018007586,-0.351883770625973,0.00910971802690475,0.540450739964513,0.288185356157577,0.30154659172435,-0.10921019510381,0.304818466480283
"Chaetocercus mulsant",0,3,NA,1,-1.60628280633325,-0.167331557447529,-1.12243229942647,-0.9169484518577,-1.07674238488007,-1.185177039304,2.70360486169818,-2.73777323506776,-2.259474638883,0.0640453766353444,0.469522948924409,0.04126787524622,-0.242400944650324,0.220904555479822
"Chamaepetes goudotii",7,27,NA,NA,2.34398402946149,0.713856953254489,0.615402834668733,2.1478855704775,3.23099026051185,2.66918590901551,-0.939850130872882,5.00787695695016,0.905019918477995,1.34769198753012,0.188309775418737,-1.09371674077945,-0.0302855109262187,0.308070320734047
"Chamaeza mollissima",2,0,1,NA,0.596422285246093,-0.184277490345645,-0.159577698103453,-0.197241863046025,-0.222063808646422,0.818601472779437,-0.744665041985147,0.401618998832995,1.05505186397705,-0.0431763960278504,0.494123263255714,0.215913772032307,0.15491632382563,0.423084177293727
"Chlorophonia cyanocephala",0,1,NA,1,-0.640735902182191,-0.82257429617467,-0.488357318067411,-0.559241399764422,-0.763868977508825,-0.566272972880673,0.296322098749442,-1.56352792006874,0.0610351089295999,0.159208822036314,-0.121618909401265,0.432676562788467,0.0430219618000151,0.0143586632766407
"Chlorophonia pyrrhophrys",0,4,NA,1,-0.494057584101128,-0.749141920282835,-0.441388800929702,-0.519178209929975,-0.70282050777785,-0.425334423101105,-0.0289863827301173,-1.32404694515913,0.333707949288073,0.0767309840193531,-0.0860475415430844,0.379077493722613,0.0853764069835463,-0.000396862682967673
"Chlorornis riefferii",10,14,NA,NA,0.364966910091915,-0.20122342324376,0.122233404722797,0.051722245210896,0.178566773963102,0.340635956135682,-0.399838051616814,0.456085237771796,0.537742283032165,0.0216828949358364,-0.0868660993939481,0.144637512040383,0.0695225457824725,0.152726959718355
"Chlorospingus canigularis",0,2,NA,1,-0.450876330971447,-0.534493436906703,-0.488357318067411,-0.487699989345767,-0.424286864630277,-0.296651399389325,-0.295739337543355,-1.04481627630225,0.485166665122252,-0.00354771293784174,-0.0441784105820449,0.0494388780164498,0.0668822252820777,-0.0383935532904919
"Chlorospingus flavopectus",9,8,NA,NA,-0.371280016258554,-0.523196148307959,-0.323967508085432,-0.514885725304856,-0.267850160944653,-0.143457323541967,-0.568998461986185,-0.798208512108144,0.735282341576132,-0.0667603776001789,-0.141204418766185,0.0145472296723038,-0.0300018734190176,0.00419501690481092
"Chlorostilbon melanorhynchus",3,5,NA,NA,-1.91259801510546,-0.449763772416124,-0.958042489444493,-0.832529587563686,-0.964184268813587,-1.21581585447347,2.85324676317878,-2.85766091182194,-2.34155863914875,0.298487634948216,0.209722434997521,0.178879872734099,-0.549384935765542,0.0972096515642195
"Cinclus leucocephalus",2,1,NA,NA,0.224372916924387,-0.31984495353057,-0.652747128049389,-0.253044163172577,-0.550199333450413,0.303869377932316,-0.198146793099488,-0.441671425583331,0.546075494967679,0.140711433456662,0.599204907193867,0.176495766310586,0.354815627637371,0.264368965738477
"Cinnycerthia olivascens",2,4,NA,NA,-0.221054901709833,-0.342439530728058,-0.535325835205119,-0.524901522763468,-0.227787102683701,0.0955254347799104,-0.972380979020838,-0.612145125502802,1.08415363813104,-0.142172287936637,0.139534517408319,-0.238109256853358,0.0802812268788088,0.0102282670181491
"Cinnycerthia unirufa",2,11,NA,NA,-0.0802272712248492,-0.291601732033711,-0.558810093773973,-0.42474354817735,-0.119044515975402,0.193569643322219,-0.783702059762694,-0.428571577823877,0.93435795586465,-0.024846450564345,0.211807631628169,-0.260647591752227,0.120041836652168,0.0920412233774621
"Cistothorus platensis",0,22,NA,1,-0.974525639080216,-0.511898859709215,-0.911073972306785,-0.823944618313448,-0.584539097674086,-0.210862716914804,-0.712134193837191,-1.59576596680716,0.876134117259017,-0.115426265421325,0.248524573659748,-0.325427279179181,-0.157942773493311,-0.171707172747068
"Cnemoscopus rubrirostris",3,1,NA,NA,-0.450876330971447,-0.444115128116752,-0.511841576636265,-0.2730757580898,-0.159107574236354,-0.112818508372496,-0.477912087171909,-0.734789419231245,0.596770868978032,0.0963050185985239,0.000934327683796067,-0.151456408687545,-0.00566549427103982,-0.178327539849565
"Coeligena coeligena",12,2,NA,NA,-1.18628431635844,0.691262376057001,-0.793652679462514,-0.446205971302947,-0.571184744920435,-1.10551611986337,2.50841977281044,-1.62198846713038,-2.50224024574481,-0.445706646220713,0.499332434785065,-0.368561398931094,-0.0520899647737236,0.0144562730003059
"Coeligena lutetiae",5,42,NA,NA,-1.13268267374483,0.951100013828108,-0.840621196600222,-0.371802904467545,-0.582631332994993,-1.0748773046939,2.54745679058799,-1.48052652885532,-2.62751129771516,-0.592687990540806,0.672849009178768,-0.480219905697157,0.0175436090468624,-0.0256248430886246
"Coeligena torquata",2,19,NA,NA,-1.19747661380773,0.872018993636902,-0.88758971373793,-0.421881891760604,-0.607432273823202,-1.13615493503284,2.49540743355126,-1.61320227983283,-2.56708598732842,-0.565097746650344,0.628947741212964,-0.488514211937108,0.0196190271746296,-0.0477760343175845
"Coereba flaveola",0,1,NA,1,-0.894929324367323,-0.607925812798538,-0.605778610911681,-0.696600907768241,-0.834456270635265,-0.41920666006721,-0.334776355320903,-1.62236487268569,0.534798359604052,-0.164829360907687,0.0814771297453853,0.141010205413448,-0.0987644292604147,-0.183283649487662
"Colaptes rivolii",1,31,NA,NA,0.859556240888621,0.487911181279612,0.615402834668733,0.375089420303219,0.464731475827048,0.0648866196104389,-0.250196150136217,1.29024507112484,0.0178397597534839,-0.545360962924552,-0.316278798943693,0.063967693892314,0.3998049621243,0.0898013343612837
"Colaptes rubiginosus",0,5,NA,1,0.403859790722809,0.177235744814158,0.192686180429359,0.312132979134802,0.0164067762401995,-0.0760519301691299,-0.0745295701372555,0.503262603191647,-0.0228472616086462,-0.297660324430156,-0.0779135230843861,0.181803172235105,0.355208915845506,-0.0987296965586249
"Colibri coruscans",0,7,NA,1,-1.19747661380773,0.290208630801596,-0.77016842089366,-0.398988640426634,-0.504412981152181,-1.11164388289727,2.48239509429208,-1.72735597189847,-2.34504632377575,-0.103064595723474,0.282753425377668,-0.201219203015476,-0.0954882472673548,0.0168077903490801
"Colibri cyanotus",9,79,NA,NA,-1.29353805866783,-0.0148181613644874,-0.934558230875639,-0.583565479306765,-0.683742860986921,-1.11777164593116,2.43685190688494,-2.10994041400638,-2.14979120097153,0.0732278147784108,0.298946824171171,-0.0929936775544317,-0.109301099586926,0.0992615909153899
"Conirostrum albifrons",1,14,NA,NA,-0.593667420456404,-0.483655638212356,-0.723199903755952,-0.461945081595051,-0.391854865085696,-0.443717712202787,-0.172122114581123,-1.23849773312859,0.318210333533966,0.064247818996381,0.0181711459600906,-0.144715838404698,0.132779431816995,-0.139820213433744
"Conirostrum sitticolor",8,7,NA,NA,-0.763513470024765,-0.551439369804819,-0.793652679462514,-0.520609038138348,-0.424286864630277,-0.370184555796056,-0.237183810877035,-1.37492981506316,0.417420785161789,0.111339288515843,0.0750162272457071,-0.179225067924601,0.000595553952423104,-0.174275610832231
"Contopus fumigatus",1,8,NA,NA,-0.375066822482947,-0.212520711842504,0.192686180429359,-0.152886188586459,0.0412077170684081,-0.504995342541731,0.23126040245353,-0.386387459262756,-0.241039769209484,-0.208093409910551,-0.542055568442991,0.127481242850094,-0.103047763900609,-0.113442954952838
"Coragyps atratus",0,22,NA,1,3.06170872656603,2.03563971930751,2.02445834879998,4.38999337299817,1.94897239616138,3.20842905599821,-0.65357866717087,7.11097682559531,0.0118350348974338,0.255872197105551,1.19781221121928,0.568451708514602,0.253760759047939,-1.00125961693991
"Creurgops verticalis",0,3,NA,1,-0.233542231634886,-0.235115289039992,-0.159577698103453,-0.366079591634052,-0.172461926990005,-0.272140347253747,-0.37381337309845,-0.518565291783191,0.403578755929381,-0.263669068218611,-0.196388859873745,-0.01724208550786,0.0771698419430056,-0.0339760917629931
"Cyanocorax yncas",0,86,NA,1,0.661719127122033,0.318451852298455,0.732824127513004,0.26062316363337,1.17251217177054,0.916645681321746,-1.0764796930943,1.82976387146359,0.93692583572147,-0.269655391601453,-0.366255352153583,-0.367624728033589,-0.310555289205187,0.179191615232272
"Cyanolyca armillata",11,24,NA,NA,1.3682453322163,0.312803207999083,0.709339868944149,0.490986505181441,1.64754557686469,1.05145646806742,-1.01792416642798,2.47080178660141,0.932087753736512,0.067701323775797,-0.466306156581696,-0.48423914355755,0.0769243529500685,0.453192817339997
"Cyclarhis nigrirostris",1,4,NA,NA,-0.0185726608638971,-0.302899020632454,-0.206546215241161,-0.380387873717783,-0.290743337093769,-0.0699241671352355,-0.7056280242076,-0.413007044487163,0.786979565719555,-0.252770323984877,-0.0538098061456584,0.0671687658418775,0.185416457868381,0.0310790771274621
"Dendrocincla tyrannina",3,7,NA,NA,0.391575515834585,0.668667798859513,0.31010747327363,0.272069789300355,0.825299000175619,0.101653197813805,-0.419356560505588,1.1426608492229,0.06134012061402,-0.531154974891947,-0.246982855470972,-0.565741411617561,0.129966521879639,-0.0849867830905693
"Diglossa albilatera",5,24,NA,NA,-0.910191788105828,-0.613574457097909,-0.723199903755952,-0.666553515392406,-0.655126390800526,-0.241501532084276,-0.497430596060682,-1.51425200268942,0.70744347065145,-0.0364109096866249,0.154784738724492,-0.0475873455029029,-0.164882438066018,-0.193329887873372
"Diglossa caerulescens",0,7,NA,1,-0.619453755119989,-0.387628685123033,-0.817136938031368,-0.503439099637871,-0.450995570137578,-0.235373769050382,-0.451887408653544,-1.18780121525875,0.579536730754943,-0.0249135473513282,0.233999213036488,-0.247401671464755,0.0798909263410647,-0.164790345735241
"Diglossa cyanea",10,39,NA,NA,-0.494057584101128,-0.336790886428686,-0.676231386618243,-0.42474354817735,-0.283112278377397,-0.0760519301691299,-0.37381337309845,-0.891020405184738,0.523861047301123,0.0200534379030514,0.211019001772658,-0.234688477095133,0.00528680888303151,-0.0776535339359356
"Diglossa humeralis",2,1,NA,NA,-0.690932932925633,-0.568385302702934,-0.911073972306785,-0.513454897096483,-0.35560733618293,-0.0821796932030242,-0.4844182568015,-1.23334574793026,0.713832469014386,0.215189313837885,0.25207395065634,-0.282604335212226,-0.0403922892179328,-0.130672467789724
"Diglossa lafresnayii",0,2,NA,1,-0.539857440407095,-0.376331396524289,-0.840621196600222,-0.463375909803424,-0.275481219661025,0.0648866196104389,-0.54297378346782,-0.941888789878504,0.726778779641608,0.103383957486845,0.34640128200952,-0.345860409760848,-0.0276451395580516,-0.0810536201608482
"Diglossa sittoides",1,0,1,NA,-0.974525639080216,-0.624871745696653,-0.864105455169076,-0.660830202558913,-0.603616744465016,-0.308906925457113,-0.159109775321941,-1.64086778923152,0.42092105120654,0.115686456926201,0.195654579791611,-0.117341667524862,-0.157671977370833,-0.145874474839582
"Drymophila striaticeps",0,5,NA,1,-0.744704209818603,-0.240763933339364,-0.464873059498556,-0.719494159102211,-0.0599038109235193,-0.284395873321536,-0.87478843457697,-0.956483610812583,0.822894579364092,-0.363070647856292,-0.17974022152359,-0.511649317338464,-0.177288812125985,-0.16367429242758
"Dryobates fumigatus",0,4,NA,1,0.0769583964852678,-0.11084511445381,0.169201921860505,-0.117115483377131,-0.306005454526513,-0.351801266694373,-0.282726998284173,-0.172381636586112,0.236182324167377,-0.445938015462687,-0.272401575051722,0.312500862001904,0.265098246345981,-0.0827179407996934
"Dryobates nigriceps",0,1,NA,1,0.224372916924387,0.0190737044317441,0.00481211187852609,-0.0784831217510572,-0.170554162310912,-0.266012584219853,-0.37381337309845,-0.0155819440523583,0.293289001704555,-0.4138264914356,-0.142041713270836,0.0963571087289884,0.393282288688346,-0.0479206758234653
"Dubusia taeniata",0,4,NA,1,0.0934719776943272,-0.099547825855066,-0.112609180965745,-0.182933580962294,0.264416184522286,0.273230562762845,-0.699121854578009,0.200469500609931,0.739820664530316,-0.114057444369971,-0.0508946190586093,-0.247012348312286,-0.00436021119283615,0.0806878861348977
"Elaenia chiriquensis",2,0,1,NA,-0.56873227710802,-0.630520389996025,-0.441388800929702,-0.441913486677827,-0.302189925168327,-0.449845475236682,-0.230677641247444,-1.11480597359925,0.394824903530335,0.0818309868177764,-0.250375742455274,0.0275431910130402,0.0203113979523215,-0.126399137251141
"Elaenia frantzii",1,23,NA,NA,-0.386542479997058,-0.641817678594769,-0.417904542360848,-0.410435266093619,-0.237325926079165,-0.437589949168893,-0.328270185691311,-0.975300959636047,0.487103293934461,0.102212162740432,-0.29702976729245,0.0305463485158743,0.135478259845049,-0.0788721938739979
"Elanoides forficatus",1,0,1,NA,1.92188768345624,0.307154563699711,0.944182454632691,4.42862573462424,3.8414749578216,0.598002003559242,1.46743263207585,4.97820598704906,-1.95644245855808,2.58080613429396,-1.21331209562267,-0.522083815062263,0.653075477917796,-1.32178233484475
"Ensifera ensifera",2,12,NA,NA,-0.809313326330733,4.14823268727261,-0.864105455169076,-0.386111186551276,-0.330806395354721,-1.16066598716842,2.23516064836761,-0.0145746871441387,-3.60744392296938,-3.15677259717554,1.84858104116423,-2.20987456698077,0.513146995568674,-0.29562603368037
"Eriocnemis derbyi",19,1,NA,NA,-1.34657500740192,-0.0600073157594627,-1.07546378228876,-0.673707656434271,-0.866888270179846,-1.01359967435496,2.45637041577371,-2.28284013316409,-2.0864425165863,0.10633490109038,0.498966360507478,-0.0482259342313552,-0.133295195893644,0.15504922823191
"Eriocnemis vestita",0,3,NA,1,-1.49817494718899,-0.093899181555694,-0.981526748013347,-0.64079860764169,-0.681835096307828,-1.08100506772779,2.41733339799617,-2.26056405588888,-2.10063980532411,0.131327726678147,0.303859242743224,-0.133009716421365,-0.266892586131731,0.0560345552560801
"Euphonia laniirostris",0,2,NA,1,-0.588614115595114,-0.783033786079067,-0.136093439534599,-0.605027902432362,-0.777223330262476,-0.394695607931633,-0.0615172308780732,-1.29637697730371,0.373004212723137,-0.0891113910325584,-0.229393733218574,0.579858178200633,-0.125384998322269,0.0221721677790242
"Eutoxeres aquila",0,4,NA,1,-0.850909130274166,0.199830322011645,-0.605778610911681,-0.469099222636916,-0.454811099495764,-1.03811072649053,2.36528404095944,-1.50541258143959,-2.1631827670887,-0.101530637339866,0.154689589142321,-0.056074113452139,0.0259914498355854,0.239819974351637
"Falco sparverius",2,19,NA,NA,0.94754916671709,-0.387628685123033,0.521465800393317,1.13199754253259,0.928318292846639,0.610257529627031,1.25923520392894,1.55545284736615,-0.833841176208652,1.11979295132318,-0.295379832834324,0.595261743221874,0.0458858229869498,0.313451200936553
"Geranoaetus polyosoma",0,2,NA,1,2.39893123186051,0.696911020356373,1.60174169456061,4.27409628811995,2.19316627508528,3.6557557574725,0.89488970467183,6.21265763886032,-0.611403297714753,2.00840293898295,1.14833269617039,0.962404741395805,-0.584673328680874,-0.494733252491045
"Glaucidium jardinii",0,1,NA,1,0.540920330782993,-0.534493436906703,0.192686180429359,-0.0527282140003413,-0.23351039672098,-0.143457323541967,0.081618500972933,-0.00615755220799514,0.197690502251211,0.09558559603379,-0.332251285302621,0.663922954932809,0.40279365850127,0.30973505963936
"Grallaria alleni",0,2,NA,1,0.580517144939716,0.0981547246229507,0.0987491461539424,-0.0756214653343109,-0.674204037591456,1.34558909369435,-0.438875069394361,0.682985359050184,0.849759757843965,-0.289999060988561,1.0481497415613,0.635120208015499,-0.159894266909198,0.491050983864678
"Grallaria alvarezi",4,0,1,NA,0.0664510468562137,-0.00352087276574362,-0.276998990947723,-0.351771309550321,-0.779131094941569,1.16788396571141,-1.0764796930943,0.0655153581246371,1.37086618799668,-0.400489250974548,1.0621532329713,0.266223784199795,-0.2426690743575,0.200760025580339
"Grallaria milleri",10,3,NA,NA,0.35780603884733,-0.172980201746901,-0.0186721466903282,-0.253044163172577,-0.554014862808599,1.25980041121983,-0.87478843457697,0.3964417094458,1.28306619354903,-0.180755415801338,0.826170488871091,0.465875482972849,-0.247376535206989,0.403137060149892
"Grallaria nuchalis",10,38,NA,NA,0.963207059022578,0.222424899209133,0.192686180429359,0.101801232503955,-0.307913219205605,2.06253736865998,-1.27817095161162,1.52343544584552,1.65771529898923,-0.257568808111853,1.25068605145892,0.423576939482202,-0.252313074749021,0.529397525929971
"Grallaria ruficapilla",2,23,NA,NA,0.701094766864666,0.267614053604108,0.145717663291651,-0.0856372627929228,-0.376592747652952,1.7193826387619,-1.25214627309326,1.15356125772129,1.53287686926992,-0.45211262058203,1.1011692956715,0.306955789011715,-0.252919403265677,0.439652544067676
"Grallaria rufocinerea",4,5,NA,NA,0.237985289886807,-0.195574778944388,-0.300483249516577,-0.228720083630234,-0.582631332994993,1.1801394917792,-1.10901054124225,0.19470074761015,1.45801832734771,-0.12356443840507,0.918898414132121,0.271629054758959,-0.141468615552622,0.227756244660031
"Grallaria rufula",0,6,NA,1,0.0664510468562137,-0.00352087276574362,-0.206546215241161,-0.40185029684338,-0.74097580135971,1.03920094199963,-1.0764796930943,0.037684486238819,1.33481162777586,-0.467061835684406,0.921162580739459,0.260637797994596,-0.217881370131641,0.207901972212034
"Grallaria squamigera",2,6,NA,NA,1.07689034022518,0.719505597553861,0.474497283255608,0.528188038599142,-0.264034631586467,2.0380263165244,-0.54297378346782,2.02326712880356,0.793200259436396,-0.439988844307193,1.39104679587654,0.537745496711633,-0.250603830353933,0.43852773776905
"Grallaricula lineifrons",0,2,NA,1,-0.330831773311324,-0.562736658403562,-0.323967508085432,-0.394696155801515,-0.714267095852408,0.267102799728951,-0.87478843457697,-0.72868396574128,1.12673035414281,-0.114257308914196,0.287406915902509,0.339879743428417,-0.0987350325082833,-0.0842160778311104
"Grallaricula nana",1,5,NA,NA,-0.378872705897275,-0.387628685123033,-0.323967508085432,-0.514885725304856,-0.815378623844336,0.248719510627268,-0.9268377916137,-0.77628194572721,1.11835137304959,-0.34998232099395,0.379874423094026,0.277377622732279,-0.108282192720815,-0.0694225791601062
"Hapalopsittaca fuertesi",6,0,1,NA,1.00710541354447,-0.0317640942626032,1.20250929889009,0.70704156464578,0.157581362493079,-0.413078897033316,0.94693906170856,1.14264684205635,-0.935062565925951,-0.187422233282936,-0.854677931546974,1.09786939398163,0.465998090842123,0.172538723911289
"Haplophaedia aureliae",3,0,1,NA,-1.38894870699669,-0.122142403052554,-0.911073972306785,-0.665122687184033,-0.742883566038803,-1.10551611986337,2.52793828169922,-2.24454414713196,-2.1705249909658,0.121566610024341,0.274511397761588,-0.00749252272836687,-0.213074914448481,0.149639126661235
"Heliangelus exortis",33,40,NA,NA,-1.48157062473185,-0.235115289039992,-1.0050110065822,-0.607889558849108,-0.714267095852408,-1.16679375020231,2.59299997799513,-2.36616343589138,-2.212049114514,0.278653195490311,0.240625324304911,-0.0257430786287166,-0.216149622710364,0.0778354677927562
"Heliodoxa rubinoides",0,4,NA,1,-1.08263349822448,0.211127610610389,-0.864105455169076,-0.486269161137394,-0.658941920158712,-1.13615493503284,2.55396296021758,-1.86143647043754,-2.3367883494247,-0.0621193051725013,0.356155525234245,-0.101661362576364,0.0360007743889702,0.137573436554367
"Hellmayrea gularis",2,8,NA,NA,-0.732419934930379,-0.472358349613612,-0.817136938031368,-0.653676061517048,-0.462442158212136,-0.16184061264365,-0.783702059762694,-1.28399429860792,0.912986031326866,-0.0813313840713927,0.198466420934328,-0.297928250689874,-0.0349838737332362,-0.176462966001415
"Hemitriccus granadensis",3,0,1,NA,-1.0730095940647,-0.574033947002306,-0.676231386618243,-0.831098759355313,-0.681835096307828,-0.437589949168893,-1.01792416642798,-1.67116888202754,1.05992237029835,-0.337424161708233,-0.0292682871618488,-0.188400109866827,-0.162514607624334,-0.362593034299105
"Henicorhina leucophrys",6,63,NA,NA,-0.53047264568434,-0.404574618021149,-0.699715645187098,-0.710909189851972,-0.916490151836263,0.0219922783731789,-1.03093650568716,-1.22385037201115,1.18974555502375,-0.362178062370113,0.458847269203433,0.03309405547368,0.0557587201411272,-0.113338073043042
"Icterus chrysater",0,38,NA,1,0.370647134295107,0.0981547246229507,-0.0186721466903282,-0.101376373085027,0.376974300588771,0.162930828152748,-0.386825712357632,0.45315654890256,0.383360542843626,-0.184422090661167,-0.0993556903146539,-0.251860225686935,0.188232973042961,0.206743953003635
"Iridosornis rufivertex",0,8,NA,1,-0.265694584365766,-0.551439369804819,-0.417904542360848,-0.281660727340039,-0.149568750840889,0.0587588565765446,-0.425862730135179,-0.585931776689359,0.659969433228921,0.206308509916488,0.00629254649705093,0.00510801813479489,-0.0219197091427418,-0.005033861325136
"Kleinothraupis atropileus",3,15,NA,NA,-0.299276391184382,-0.421520550919265,-0.394420283791994,-0.393265327593142,-0.0808892223935421,0.00360898927149601,-0.725146533096373,-0.559402687978898,0.842116179879585,-0.0122308882066408,-0.0588105537529952,-0.17127984352691,-0.0169495441593589,-0.0475675180405028
"Lafresnaya lafresnayi",3,15,NA,NA,-1.37455843838294,0.318451852298455,-0.864105455169076,-0.567826369014661,-0.718082625210594,-1.10551611986337,2.47588892466249,-1.99024195135348,-2.31740323055785,-0.223713006134527,0.431384029133647,-0.197583520726531,-0.174085799682696,0.0265178443123374
"Lepidocolaptes lacrymiger",6,7,NA,NA,-0.0500045907052511,0.369289650992802,-0.37093602522314,0.0331214785020454,0.33118794829054,-0.253757058152064,-0.0354925523597083,0.0561716641516781,-0.161670901532,-0.256373766317162,0.0304840497082654,-0.587093698974382,0.275675449278419,-0.151967866268129
"Leptopogon superciliaris",0,1,NA,1,-0.776318289452274,-0.545790725505446,-0.511841576636265,-0.55351808693093,-0.338437454071093,-0.492739816473942,-0.406344221246405,-1.27156503720997,0.495158313350404,-0.07060032526048,-0.213809888431282,-0.124399394594043,-0.0625968383850322,-0.22184406291114
"Leptosittaca branickii",0,228,NA,1,1.17908693989283,0.171587100514786,1.90703705595571,1.12055091686561,2.16836533425707,-0.266012584219853,1.11609947207793,2.62418374286994,-1.33339860950141,0.237976666119039,-1.9590443779184,0.25145113292964,-0.0539300855062628,0.266801015338091
"Lesbia nuna",0,1,NA,1,-1.64605337078052,-0.342439530728058,-0.88758971373793,-0.738094925811061,-0.0999668691844718,-1.13615493503284,2.45637041577371,-2.22040035295187,-2.09446525330158,0.43815632562134,-0.171767923673552,-0.381706814042104,-0.515369470826875,0.148035179122953
"Lipaugus fuscocinereus",1,7,NA,NA,1.08791924062398,0.301505919400339,0.920698196063837,1.12913588611585,1.53307969611911,0.322252667033999,-0.380319542728041,2.31117943603868,0.0722594877376145,0.129502893664201,-0.839664134391086,-0.171169826125207,0.242922269002035,-0.171370760502784
"Margarornis squamiger",5,12,NA,NA,-0.480842093869125,-0.489304282511727,-0.699715645187098,-0.404711953260126,-0.0618115756026124,-0.223118242982593,-0.347788694580085,-0.921305565066707,0.503101175558972,0.20482143777266,-0.0302352367362248,-0.319333750853848,0.0559332512486489,-0.0793741431754879
"Mecocerculus leucophrys",3,49,NA,NA,-0.822925699293152,-0.483655638212356,-0.558810093773973,-0.549225602305811,-0.204893926534585,-0.192479427813121,-0.503936765690273,-1.10415624957328,0.626132731693866,-0.00770039693577079,-0.0516637267759895,-0.266005728485944,-0.243860307355107,-0.184589009752176
"Mecocerculus poecilocercus",0,8,NA,1,-1.09238158521679,-0.839520229072786,-0.88758971373793,-0.653676061517048,-0.65131086144234,-0.523378631643413,-0.568998461986185,-1.85927184324597,0.757816591739934,0.12717251827087,-0.0282063652941356,-0.102245972333288,-0.0814249479718916,-0.369783288043081
"Mecocerculus stictopterus",5,6,NA,NA,-0.941674104198575,-0.658763611492885,-0.77016842089366,-0.584996307515138,-0.336529689392,-0.351801266694373,-0.640566327911688,-1.44031345720547,0.771160041384769,0.0910658221815336,-0.0603256603836901,-0.281787017231584,-0.137171944104532,-0.30196038174441
"Megaceryle torquata",0,11,NA,1,1.71620131182341,3.36871977395928,2.04794260736883,1.2593412530778,0.808129118063782,-0.578528498948462,0.0100506350474299,3.65774556117176,-1.65879562038745,-3.11684699173138,-0.303835339329509,-0.418263360626564,1.01878682353446,-0.48396187553063
"Melanerpes formicivorus",2,0,1,NA,0.672231793734592,0.165938456215414,0.474497283255608,0.52246472576565,0.127057127627592,-0.11894627140639,0.237766572083121,0.834449790776892,-0.314105960512329,-0.222086204086404,-0.262988824059831,0.416136901495466,0.434534998795906,-0.0238430307341793
"Metallura tyrianthina",11,38,NA,NA,-1.62590640989732,-0.421520550919265,-0.958042489444493,-0.702324220601733,-0.763868977508825,-1.13002717199895,2.30022234466353,-2.50494287150988,-1.89465980067825,0.289035344116175,0.141742787581885,0.0327745081564122,-0.348346143423259,0.0196875378834399
"Metallura williami",0,6,NA,1,-1.49817494718899,-0.43846648381738,-1.07546378228876,-0.655106889725421,-0.767684506867011,-1.09326059379558,2.08551874688702,-2.45527960375682,-1.69468968508624,0.332558208060381,0.209024689419855,-0.021548886137546,-0.200698114889067,-0.00911405825666811
"Milvago chimachima",0,2,NA,1,1.71189937274558,0.369289650992802,1.20250929889009,2.61290473819876,2.30000109711448,1.57231632594844,0.361383795045353,4.12736753927853,-0.437881850119815,1.23610133648956,-0.328637900613279,0.099770891237467,-0.0532736378017441,-0.308731606760225
"Mionectes striaticollis",2,11,NA,NA,-0.588614115595114,-0.551439369804819,-0.464873059498556,-0.522039866346722,-0.460534393533043,-0.382440081863845,-0.510442935319864,-1.15018964298105,0.630560151414941,-0.1045779793479,-0.123654029985855,0.0188527378531766,0.0265801729257597,-0.166757391675617
"Momotus aequatorialis",2,3,NA,NA,1.19016506251892,1.18834307440173,1.17902504032123,0.737088957021616,3.88535354544074,0.285486088830633,-0.451887408653544,3.56828256620609,-0.312950803873001,-0.0720224245549097,-1.79585560943863,-2.05199957984865,-0.161485252640338,0.308423830187268
"Myadestes ralloides",0,8,NA,1,-0.0879757110465727,-0.517547504008587,-0.37093602522314,-0.274506586298173,0.00686795284473468,-0.198607190847016,-0.0680234005076642,-0.540550692811574,0.289792862847291,0.247196342824881,-0.200391467616667,-0.0142313330185199,0.162993704729082,0.12148401582446
"Myiarchus cephalotes",3,19,NA,NA,-0.16440565463166,-0.127791047351926,0.0752648875850884,-0.207257660504637,0.182382303321288,-0.149585086575861,-0.529961444208638,-0.0726936210308957,0.464506115948848,-0.284415745390568,-0.371124980349761,-0.136212787203102,-0.04699178643127,-0.0931892140454201
"Myioborus miniatus",1,35,NA,NA,-0.974525639080216,-0.681358188690372,-0.488357318067411,-0.567826369014661,-0.24686474947463,-0.370184555796056,-0.477912087171909,-1.31767876781514,0.615542089569515,0.0553208022855048,-0.262617109056302,-0.146417230213617,-0.297436294564805,-0.266182956743938
"Myioborus ornatus",17,104,NA,NA,-0.776318289452274,-0.658763611492885,-0.441388800929702,-0.494854130387632,-0.155292044878168,-0.266012584219853,-0.614541649393323,-1.07865182608622,0.744157275976676,0.0750339056468511,-0.263677515682744,-0.1510533181453,-0.221158836276901,-0.22698798184891
"Myiodynastes chrysocephalus",1,15,NA,NA,0.119559726150551,0.148992523317298,1.15554078175238,0.0388447913355379,0.214814302865868,-0.321162451524902,-0.204652962729079,0.659688736085244,-0.0339871915553772,-0.829979178884939,-0.911613307025338,0.464301569336188,-0.181554331696882,-0.0833328699109853
"Myiophobus flavicans",2,5,NA,NA,-0.714360120498426,-0.568385302702934,-0.464873059498556,-0.504869927846244,-0.420471335272091,-0.364056792762162,-0.458393578283135,-1.18688452973314,0.583160643902523,-0.0614252286961765,-0.13188426984803,-0.0094909881029183,-0.0819097631712977,-0.212349872273034
"Myiotheretes fumigatus",4,1,NA,NA,0.0161409308255352,-0.0148181613644874,0.216170438998213,0.0975087478788354,0.132780421664871,-0.0209020628640813,-0.191640623469897,0.250535584853176,0.149815121663283,-0.224853040995181,-0.231490269442667,0.0822020029654121,-0.0139003396156362,-0.109373796080558
"Myiotheretes striaticollis",0,9,NA,1,0.473644717403519,0.194181677712273,0.474497283255608,0.526757210390769,0.399867476737886,0.0955254347799104,0.0946308402321153,0.9642941463318,-0.186035732664655,-0.146318781433846,-0.263784550341758,0.183494908039084,0.151561685380147,-0.0753460688349913
"Myiothlypis coronata",3,19,NA,NA,-0.525823607874485,-0.494952926811099,-0.441388800929702,-0.500577443221125,-0.315544277921977,-0.0637964041013413,-0.647072497541279,-0.882409419418748,0.802793434816529,-0.0572328223216404,0.00105968509782849,-0.0677926661590303,-0.112392414109286,-0.0922379056793699
"Myiothlypis luteoviridis",2,0,1,NA,-0.70255572002129,-0.483655638212356,-0.488357318067411,-0.526332350971841,-0.26594239626556,-0.0454131149996584,-0.712134193837191,-0.956960673927937,0.84242391691095,-0.059223664082381,0.0102252278133638,-0.180145629467883,-0.232337644426507,-0.168235800310954
"Myiothlypis nigrocristata",0,10,NA,1,-0.662635008249669,-0.540142081206075,-0.323967508085432,-0.597873761390496,-0.374684982973859,-0.0760519301691299,-0.959368639761656,-0.955179543007973,1.06480934889669,-0.211665171350401,-0.103944333052214,-0.0381691040258103,-0.229326897056979,-0.178232308162968
"Myornis senilis",3,5,NA,NA,-0.327259822165396,-0.415871906619893,-0.629262869480535,-0.66369185897566,-0.288835572414676,-0.125074034440284,-0.770689720503512,-0.918837705225873,0.910245238202063,-0.120456442556558,0.0584635571302982,-0.250000659179851,0.124333121399991,0.0566179127649233
"Ochthoeca cinnamomeiventris",2,21,NA,NA,-0.757191539743656,-0.596628524199794,-0.323967508085432,-0.544933117680691,-0.391854865085696,-0.308906925457113,-0.419356560505588,-1.14152294920653,0.571209681343113,-0.0839225585078707,-0.203410557485,0.0609523243172623,-0.217394445850528,-0.165541518686443
"Ochthoeca diadema",4,12,NA,NA,-0.789343892474536,-0.636169034295397,-0.488357318067411,-0.5764113382649,-0.433825688025742,-0.272140347253747,-0.458393578283135,-1.25551792666847,0.643363060061272,-0.00748178363091842,-0.0943338283298626,-0.00175480251484088,-0.188507790553658,-0.164537735368778
"Ochthoeca frontalis",0,4,NA,1,-0.894929324367323,-0.670060900091629,-0.629262869480535,-0.544933117680691,-0.38803933572751,-0.167968375677544,-0.627553988652506,-1.29096736283993,0.811470005219241,0.0857256309587175,-0.00167715714682566,-0.127881779325253,-0.247895779083567,-0.253651963715696
"Ochthoeca fumicolor",0,2,NA,1,-0.512045725817313,-0.489304282511727,-0.535325835205119,-0.294538181215397,-0.0599038109235193,0.00973675230539017,-0.347788694580085,-0.720428839028104,0.539221291583486,0.226548801798175,0.0315245734539551,-0.191221600219822,-0.140733623394133,-0.104000719414008
"Ochthoeca rufipectoralis",16,6,NA,NA,-0.894929324367323,-0.579682591301678,-0.629262869480535,-0.529194007388587,-0.311728748563791,-0.241501532084276,-0.308751676802538,-1.27394761160596,0.494034131528,0.103446392288154,-0.0117003981230854,-0.172351768537611,-0.244045352172268,-0.19407677485655
"Ocreatus underwoodii",0,18,NA,1,-1.8044901559612,-0.359385463626174,-0.981526748013347,-0.868300292773014,-0.51013627518946,-1.1790492762701,2.88577761132673,-2.60778354010036,-2.40266902224736,0.397127075724014,0.0670583605109852,-0.150498271605316,-0.56192232262791,0.234672917705263
"Ognorhynchus icterotis",23,143,NA,NA,1.63581018771583,0.928505436630621,4.46682123996081,1.66998894888088,1.81924439798306,-0.180223901745333,1.63008687281563,4.34080437085278,-2.19180878850904,-1.24393534378637,-2.72501333814092,1.85381194464163,-0.689733886899128,0.217245041839149
"Opisthoprora euryptera",0,7,NA,1,-1.25606924303915,-0.427169195218637,-1.0050110065822,-0.573549681848153,-0.674204037591456,-1.0748773046939,2.30672851429312,-2.24928071955972,-1.87035864633125,0.423335411070608,0.17226177663236,0.05267729003574,-0.0927219711290729,0.127150119703597
"Orochelidon murina",0,18,NA,1,-0.776318289452274,-0.799979718977182,-0.652747128049389,0.134710281296536,-0.309820983884698,-0.750105863897502,1.68864239948195,-1.39849300412277,-1.26116146952011,0.889544384650932,-0.133490164648205,0.356245332992095,0.0170713476732795,-0.161484371851257
"Ortalis columbiana",0,21,NA,1,2.12930984288524,0.380586939591546,0.380560248980192,1.75011532854978,3.66405284266596,2.38118104642248,-0.809726738281059,4.55185442950214,0.877905010912865,1.6751568877835,-0.238216265363471,-1.46898935633877,-0.104942454664093,0.5318078553782
"Pachyramphus versicolor",0,2,NA,1,-0.563842510781837,-0.641817678594769,-0.230030473810015,-0.55351808693093,-0.498689687114902,-0.46210100130447,-0.243689980506626,-1.15296681174866,0.425309088644555,-0.110895796855981,-0.30109173262927,0.256491478162177,-0.0427720611457095,-0.06324558642831
"Parabuteo leucorrhous",0,1,NA,1,1.64894906253678,0.284559986502224,0.850245420357275,1.97046287263924,1.78872016311757,2.38118104642248,0.192223384675983,3.78040316561883,0.126190739555231,1.21845427264049,0.470774850918409,0.175631356354011,-0.394301800893984,0.251206654412215
"Parkesia noveboracensis",2,0,1,NA,-0.525823607874485,-0.291601732033711,-0.629262869480535,-0.420451063552231,-0.533029451338576,-0.0454131149996584,0.237766572083121,-0.999151020262368,0.0386854153016219,0.036176520806239,0.399863980978815,0.0295279980785641,-0.0681019389205649,0.0599954075312366
"Patagioenas fasciata",3,72,NA,NA,1.82540463653046,0.086857436024207,-0.0421564052591822,1.46108803045841,1.21448299471058,0.169058591186642,0.758260142450416,1.99967578077066,-0.700809002055896,1.01098648963887,-0.190850698196536,-0.0287556509832502,1.22376190896442,0.180502407362808
"Penelope montagnii",0,23,NA,1,2.32111331749176,0.612181355865794,0.685855610375295,1.9776170136811,3.2996697889592,2.1421982881006,-0.790208229392285,4.71660675573096,0.688206769789354,1.27014339500869,-0.251622470138127,-1.10759019088668,0.144106085631594,0.338713937245731
"Phaethornis syrmatophorus",0,2,NA,1,-1.30645232630415,1.08101883271366,-0.817136938031368,-0.606458730640735,-0.290743337093769,-1.17292151323621,2.26118532688598,-1.49990916418894,-2.47547351754295,-0.794411884997098,0.462488129233685,-0.853893950823045,-0.112276056908863,-0.0277459913346092
"Phalcoboenus carunculatus",0,2,NA,1,2.40412610500289,1.03018103401932,1.71916298740488,4.01654721061279,2.49077756502378,3.26970668633715,1.27875371281771,6.21684521453159,-1.13951468339124,1.69885686443761,0.856625065489006,0.654234834857145,-0.53074664205498,-0.298781501526461
"Pharomachrus auriceps",0,2,NA,1,1.2886490175034,0.132046590419182,1.24947781602779,1.4138706995821,2.20461286315984,-0.321162451524902,0.797297160227963,2.51037837365468,-1.08224699877374,0.584888087478237,-1.65707052159367,-0.10535142928446,0.397543860248713,-0.018091022785961
"Pheugopedius mystacalis",0,31,NA,1,-0.0905762859380682,-0.246412577638735,-0.511841576636265,-0.554948915139303,-0.353699571503837,0.0342478044409675,-0.991899487909612,-0.59150997967664,1.06967416357373,-0.294421111101412,0.184848244365775,-0.179196875156318,0.219824317966614,0.0475873381143549
"Phimosus infuscatus",0,20,NA,1,2.14473780967538,5.15369137256081,0.944182454632691,2.3181541272739,0.600182768042648,2.10543170989724,0.660667598006548,5.47544940633991,-2.12828350205157,-2.94311235901331,2.98075697403801,-1.15069115773763,0.616875094241812,-0.365860726250331
"Phyllomyias cinereiceps",0,2,NA,1,-0.933679677640004,-0.766087853180951,-0.77016842089366,-0.577842166473273,-0.605524509144109,-0.572400735914568,-0.126578927173985,-1.71201743486515,0.355659091820399,0.162546931614264,-0.0624060247077919,0.0126970608581134,-0.0261990257863667,-0.233774352214409
"Phyllomyias nigrocapillus",0,6,NA,1,-0.933679677640004,-0.873412094869017,-0.817136938031368,-0.61790535630772,-0.578815803636807,-0.492739816473942,-0.412850390875997,-1.72606430228922,0.655854463363263,0.214182115524996,-0.0785180688514721,-0.0270267654241795,-0.0395140289679274,-0.252495290790236
"Phylloscartes ophthalmicus",1,5,NA,NA,-0.957921316623078,-0.749141920282835,-0.582294352342827,-0.625059497349585,-0.405209217839347,-0.517250868609519,-0.510442935319864,-1.52220906711246,0.651748325924973,0.035849324294724,-0.263116319167716,-0.0904082361050163,-0.152751728325992,-0.280529635695021
"Phylloscartes poecilotis",0,1,NA,1,-1.06350674851587,-0.692655477289116,-0.77016842089366,-0.656537717933794,-0.487243099040345,-0.498867579507836,-0.490924426431091,-1.66998093311649,0.632096688175633,0.0377182998841319,-0.0866024531077155,-0.193259055749634,-0.148281473356581,-0.318066662405555
"Piaya cayana",0,2,NA,1,0.859556240888621,0.442722026884637,0.544950058962171,0.609745246476409,3.83956719314251,0.66540739693208,-0.861776095317788,2.96491104382717,0.441537907349891,0.720272606200399,-1.56481824480103,-2.1435009982294,-0.359169413315875,0.286981123643476
"Picumnus olivaceus",2,0,1,NA,-0.850909130274166,-0.771736497480323,-0.605778610911681,-0.728079128352449,-0.979446386246331,-0.701083759626348,-0.575504631615776,-1.83330302048833,0.725285248261984,-0.216548192521356,-0.116758522080024,0.253104170983357,0.114214815108248,-0.287209561709233
"Pionus chalcopterus",2,12,NA,NA,1.40510465506487,0.53874897997396,2.00097409023113,1.2378788299522,-0.00648639990891616,-0.480484290406153,0.439457830600448,2.06846815407797,-0.860297026107645,-0.984679474126634,-1.00232020468364,1.47314910015202,0.656928751026149,-0.24909517415703
"Pionus tumultuosus",1,70,NA,NA,1.50282876461649,0.312803207999083,1.81310002168029,1.16204493490843,0.0278533643147572,-0.29052363635543,0.758260142450416,1.97560689103557,-0.939710405914504,-0.606580350987048,-0.874554703033257,1.52615099649932,0.636144669294237,0.0214643578739935
"Pipraeidea melanonota",0,1,NA,1,-0.334420693409982,-0.641817678594769,-0.323967508085432,-0.331739714633098,-0.382316041690231,-0.357929029728268,0.140174027639253,-0.938464728486825,0.133120694344686,0.176357917930623,-0.178411160065509,0.286963605098032,0.0812900970724735,0.034118736288312
"Pipreola arcuata",1,6,NA,NA,0.969636597915788,0.0473169259286037,0.00481211187852609,0.287808899592459,0.399867476737886,0.267102799728951,-0.367307203468859,0.928565801049843,0.40666016605058,0.0506713324878928,-0.0337554827156919,-0.0251643588487597,0.599645821376242,0.249193796776207
"Pipreola riefferii",0,2,NA,1,0.310295454328127,-0.415871906619893,-0.230030473810015,-0.20868848871301,-0.082796987072635,-0.0883074562369184,-0.464899747912726,-0.190900492129019,0.623825455897631,0.0486674916811361,-0.1555181806143,0.108499210089633,0.398272078588946,0.160894997180377
"Piranga rubriceps",2,0,1,NA,0.0706715397323325,-0.359385463626174,0.380560248980192,-0.0455740729584757,-0.0141174586252882,-0.0944352192708128,-0.172122114581123,0.0625709441483618,0.273763158275299,-0.127438584714289,-0.459673830097036,0.417585877200358,-0.0301195001740689,0.0327677437208503
"Poecilotriccus ruficeps",1,2,NA,NA,-0.991503123441694,-0.607925812798538,-0.582294352342827,-0.812497992646463,-0.823009682560707,-0.431462186134999,-0.9268377916137,-1.6588161582759,1.01041481338655,-0.363507265878546,-0.0142952353183323,0.0077371294829767,-0.13224354404427,-0.318279238675422
"Premnoplex brunnescens",0,2,NA,1,-0.525823607874485,-0.387628685123033,-0.652747128049389,-0.619336184516093,-0.319359807280163,-0.223118242982593,-0.673097176059644,-1.04839593582072,0.769402936208082,-0.138641264183512,0.0530975409747197,-0.279132467030939,0.0515963066655448,-0.076414376728918
"Psarocolius angustifrons",1,0,1,NA,1.59914964562356,1.64588326265085,1.06160374747696,1.5254752998352,1.93371027872863,1.33946133066045,0.0295691439362035,3.83768701812539,-0.521862845188752,-0.370110177017423,0.167599078773015,-0.673187829751352,0.0536397601889256,0.0896389608888649
"Pseudocolaptes boissonneautii",4,1,NA,NA,0.222653994089581,0.228073543508505,-0.441388800929702,0.0331214785020454,0.33118794829054,0.13841977601717,-0.360801033839267,0.278497831612227,0.297350508087978,-0.0810742752943597,0.21589880706805,-0.525688295775351,0.309508532205749,0.00560396406131919
"Pseudospingus verticalis",1,0,1,NA,-0.640735902182191,-0.619223101397281,-0.723199903755952,-0.446205971302947,-0.120952280654494,-0.00251877376239838,-0.425862730135179,-0.999010462963317,0.676484678295864,0.311566960070007,0.0764748268547284,-0.263752966080065,-0.163140847381851,-0.0789055618756064
"Pseudotriccus ruficeps",0,8,NA,1,-0.802598026470325,-0.698304121588488,-0.558810093773973,-0.679430969267764,-0.664665214195991,-0.0637964041013413,-0.790208229392285,-1.34033804873566,1.02812320114833,-0.0697738452254827,0.110200844735411,0.0788565684984713,-0.229894839416556,-0.154891239981529
"Pygochelidon cyanoleuca",2,38,NA,NA,-0.917940227927552,-0.867763450569645,-0.605778610911681,-0.157178673211578,-0.554014862808599,-0.835894546372022,1.51297581948299,-1.70955963774308,-1.07136374218701,0.670620204316834,-0.175760864560029,0.453516695693436,-0.0513590931131841,-0.108289325499017
"Pyrrhomyias cinnamomeus",2,41,NA,NA,-0.902522014006045,-0.58533123560105,-0.276998990947723,-0.477684191887155,-0.315544277921977,-0.670444944456876,-0.107060418285211,-1.29540265031056,0.178579453923905,-0.0846627962104923,-0.442157450229336,0.03799289930383,-0.177712179495236,-0.285424094608564
"Ramphomicron microrhynchum",3,1,NA,NA,-1.66675237133753,-0.726547343085348,-1.14591655799533,-0.748110723269673,-0.678019566949642,-1.08100506772779,2.44986424614412,-2.70228841918882,-1.87278437855324,0.675361987230406,0.113444308625654,0.030331886373947,-0.383641503538234,0.127799735653525
"Rupornis magnirostris",0,13,NA,1,1.59216100873658,0.137695234718554,0.991150971770399,1.68286640275624,1.55024957823095,2.31377565304964,0.237766572083121,3.51218163362482,0.177037935859006,1.08848292565546,0.372540099360937,0.415970114820016,-0.47974067533656,0.423491624063283
"Saltator atripennis",0,2,NA,1,0.392950341072929,-0.139088335950669,0.709339868944149,-0.011234195957521,0.403683006096072,0.0281200414070731,-0.751171211614738,0.712860759725462,0.664138428017554,-0.391256950083742,-0.722844511632038,0.211210853439074,0.00354457938567382,0.0594056832842577
"Saltator striatipectus",1,0,1,NA,0.133242542141599,-0.252061221938107,0.568434317531025,-0.178641096337175,0.182382303321288,0.218080695457796,-0.588516970874959,0.396450525936575,0.660294060314203,-0.298486782738079,-0.47742503121202,0.289689445945097,-0.237209314759655,0.142783973445666
"Sayornis nigricans",4,3,NA,NA,-0.426104726158169,-0.331142242129314,-0.0656406638280362,-0.243028365713965,-0.012209693946195,-0.388567844897739,-0.15260360569235,-0.550898062795745,0.173838904812367,-0.1166188127947,-0.400618294368785,-0.00753500043977168,-0.0701504360061341,-0.15241138254852
"Schistes geoffroyi",0,1,NA,1,-1.66675237133753,-0.387628685123033,-0.864105455169076,-0.775296459228762,-0.821101917881615,-1.12389940896505,2.5409506209584,-2.53872982850915,-2.09083323830839,0.23443226321878,0.149129819369223,0.124608874457473,-0.443524671337264,0.118838488399663
"Scytalopus atratus",1,1,NA,NA,-0.181840265153069,-0.489304282511727,-0.652747128049389,-0.690877594934749,-0.647495332084154,-0.0270298258979755,-1.05045501457593,-0.983325535856304,1.23345617915077,-0.215920364913139,0.240002702059157,-0.0100242499123542,0.262027688467036,0.0586084937642727
"Scytalopus latrans",1,18,NA,NA,-0.467853815332924,-0.540142081206075,-0.817136938031368,-0.678000141059391,-0.719990389889687,-0.143457323541967,-0.790208229392285,-1.29521953749177,0.996380193301018,-0.103403720067471,0.29951815653926,-0.0516368523295568,0.176144324915367,-0.0512359083952097
"Scytalopus micropterus",1,0,1,NA,-0.0725574971250663,-0.449763772416124,-0.605778610911681,-0.609320387057481,-0.508228510510367,-0.00251877376239838,-1.14154138939021,-0.791369768047478,1.28266587096062,-0.204143965128198,0.180625631251909,-0.0685833119719915,0.308456977621726,0.0437169320033625
"Scytalopus spillmanni",0,42,NA,1,-0.249447371941263,-0.523196148307959,-0.652747128049389,-0.635075294808197,-0.643679802725968,0.00360898927149601,-1.1480475590198,-0.981613141120129,1.31658612480687,-0.188109591845848,0.239559701160633,-0.0113337128073309,0.214066177322892,-0.0301850324450967
"Sericossypha albocristata",0,20,NA,1,0.943583455458515,0.0699115031260912,0.0517806290162344,0.472385738472591,0.289217125350494,0.101653197813805,0.101137009861706,0.876774471883299,-0.0531602838053962,0.111286002828826,-0.0315691156876807,0.155955297645889,0.654489798039125,0.17841051961913
"Serpophaga cinerea",4,4,NA,NA,-1.03569503392608,-0.664412255792257,-0.746684162324806,-0.675138484642644,-0.575000274278621,-0.431462186134999,-0.582010801245367,-1.64393491391353,0.72375668565856,-0.0351049037513437,-0.0159645133470539,-0.144154028794105,-0.151879755806374,-0.31095444662105
"Setophaga fusca",1,0,1,NA,-0.917940227927552,-0.658763611492885,-0.629262869480535,-0.537778976638826,-0.584539097674086,-0.37631231882995,0.524038035785133,-1.54671503506234,-0.160728473321631,0.242194680456741,0.0803555249727436,0.161416740597197,-0.232433833261495,-0.0153861926851022
"Setophaga pitiayumi",0,2,NA,1,-1.18628431635844,-0.675709544391,-0.746684162324806,-0.72378664372733,-0.700912743098757,-0.468228764338365,-0.276220828654582,-1.825407048886,0.47588478888197,-0.0273139637275505,0.0398769529574196,-0.04861568106508,-0.256436109156369,-0.280613197401053
"Sphenopsis frontalis",2,11,NA,NA,-0.494057584101128,-0.444115128116752,-0.394420283791994,-0.46623756622017,-0.243049220116445,-0.198607190847016,-0.621047819022914,-0.841570400129814,0.712611710293019,-0.107401158798815,-0.112732116808829,-0.107295849499395,-0.0428947343012997,-0.128518801330109
"Sphenopsis melanotis",0,8,NA,1,-0.539857440407095,-0.46670970531424,-0.441388800929702,-0.491992473970886,-0.273573454981932,-0.180223901745333,-0.712134193837191,-0.899969477143837,0.803950902717634,-0.10792521595012,-0.0824106811517337,-0.13041975733,-0.0571518954827739,-0.155267328056936
"Spinus magellanicus",0,6,NA,1,-0.662635008249669,-0.675709544391,-0.37093602522314,-0.483407504720647,-0.637956508688689,-0.603039551084039,0.185717215046392,-1.38894691695718,0.0513924355219046,0.0206832074920863,-0.207611753221452,0.335969749226043,0.0114571695513469,-0.0922860774828614
"Spinus psaltria",1,0,1,NA,-0.991503123441694,-0.777385141779695,-0.347451766654286,-0.606458730640735,-0.714267095852408,-0.694955996592454,0.107643179491298,-1.68010361065311,0.117854534001174,-0.034671356192193,-0.305598190617954,0.34029224819419,-0.187683319122878,-0.203391096956666
"Spinus spinescens",0,2,NA,1,-0.802598026470325,-0.726547343085348,-0.323967508085432,-0.5764113382649,-0.582631332994993,-0.676572707490771,0.159692536528027,-1.49683316245956,0.0656879299416664,-0.00437401597106163,-0.339671728214066,0.295844099688935,-0.0929580165209573,-0.105506326749623
"Spizaetus isidori",0,1,NA,1,2.72022053783005,1.54420766526216,2.28278519305738,5.45309873181939,4.21921236428201,5.49408466764078,-0.00946787384134369,9.10863467241746,-0.021602353965827,2.35215246020359,1.33685476838606,-0.0707422484144107,-1.61649211456545,-0.798119914673201
"Spodiornis rusticus",0,3,NA,1,-0.558984190115713,-0.579682591301678,-0.37093602522314,-0.527763179180214,-0.571184744920435,-0.266012584219853,-0.237183810877035,-1.12650105194175,0.463500081822275,-0.0651879362479565,-0.0396385933991531,0.217072936372124,-0.065469654825086,-0.0422575894524046
"Sporathraupis cyanocephala",0,7,NA,1,0.0727729771373231,-0.393277329422405,-0.0421564052591822,-0.25018250675583,0.0526543051429658,0.0158645153392846,-0.451887408653544,-0.12910137661646,0.598844804534013,-0.00528635729912344,-0.255182842098319,0.074119336896789,0.0682052538999683,0.130516135833838
"Sporophila luctuosa",0,19,NA,1,-0.726351900218782,-0.82257429617467,-0.159577698103453,-0.675138484642644,-0.643679802725968,-0.394695607931633,-0.107060418285211,-1.35769164578605,0.41564456484084,-0.0454372053713191,-0.309294558053723,0.451532660197397,-0.244784522708202,0.013378912905396
"Stelgidopteryx ruficollis",2,0,1,NA,-0.535150470289404,-0.70395276588786,-0.394420283791994,0.013089883584822,-0.515859569226739,-0.780744679066974,1.77322260466664,-1.29094507002104,-1.33217406194701,0.615434884529739,-0.162837051928954,0.623635011805361,0.108311396029445,0.0332857105580813
"Stilpnia cyanicollis",0,5,NA,1,-0.494057584101128,-0.658763611492885,-0.394420283791994,-0.532055663805333,-0.597893450427737,-0.388567844897739,-0.159109775321941,-1.20700909512398,0.405913882242958,-0.00885075298491224,-0.114925698476391,0.273236712436248,0.045858773267829,-0.0151395538719106
"Stilpnia heinei",0,19,NA,1,-0.363762877023412,-0.749141920282835,-0.394420283791994,-0.419020235343858,-0.563553686204064,-0.37631231882995,0.0490876528249771,-1.13341746767764,0.269537244364914,0.174999872399767,-0.129226755019083,0.377211757138345,0.116966004707551,0.0415719567943388
"Stilpnia vitriolina",0,3,NA,1,-0.265694584365766,-0.664412255792257,-0.0891249223968905,-0.431897689219216,-0.391854865085696,-0.20473495388091,-0.224171471617853,-0.768295127828377,0.486608908445382,0.00666432019929988,-0.267515842397859,0.384878798399242,-0.0302681412108598,0.0859489641330009
"Streptoprocne rutila",0,7,NA,1,-0.363762877023412,-0.952493115060224,-0.582294352342827,0.382243561345084,-0.636048744009596,-0.719467048728031,3.03541951280733,-1.35790732404134,-2.25035044317377,1.31614380539188,0.0928164019802531,1.03260797197084,0.212672857489572,0.236743381486145
"Streptoprocne zonaris",1,20,NA,NA,0.737649527620835,-0.540142081206075,-0.206546215241161,1.5626768332529,-0.202986161855492,-0.0821796932030242,2.690592522439,0.423368664138538,-2.09311388013949,1.50179543690222,0.347873020892018,1.207090823307,0.67848600950118,-0.0123353048516368
"Synallaxis azarae",4,90,NA,NA,-0.498514625111438,-0.461061061014868,-0.723199903755952,-0.70518587701848,0.243430773052263,-0.155712849609756,-0.660084836800462,-0.883834206051207,0.791945908195232,0.129497232854188,-0.174323840575123,-0.651985622077227,-0.050793819382211,0.0906914772130344
"Syndactyla subalaris",0,1,NA,1,-0.0931858438349324,-0.0713046043582065,-0.417904542360848,-0.221565942588368,0.125149362948499,-0.112818508372496,-0.438875069394361,-0.256106451506319,0.424961944188033,-0.103704387198233,-0.0169022266410421,-0.378348193372594,0.190463094262159,-0.0405909107053621
"Systellura longirostris",10,1,NA,NA,0.251356723201203,-0.172980201746901,-0.300483249516577,0.787167944314675,0.741357354295528,-0.46210100130447,1.56502517651972,0.282460127479602,-1.41996712939188,0.900853427084203,-0.319851404946004,-0.0994348481836756,0.429346023696435,-0.0468218445129785
"Tangara arthus",0,3,NA,1,-0.299276391184382,-0.602277168499166,-0.37093602522314,-0.390403671176395,-0.447180040779392,-0.29052363635543,-0.0875419093964378,-0.932955202005082,0.339612441994882,0.0861231355783981,-0.0923967039582285,0.246816264841184,0.116006319851601,0.0332538653839541
"Tangara labradorides",0,8,NA,1,-0.588614115595114,-0.698304121588488,-0.37093602522314,-0.547794774097437,-0.573092509599528,-0.437589949168893,-0.185134453840305,-1.26957407505307,0.417704302791776,-0.00783022347855435,-0.190657121169694,0.260042536821399,-0.0111848860476602,-0.0620083997646966
"Tangara nigroviridis",0,8,NA,1,-0.494057584101128,-0.675709544391,-0.441388800929702,-0.483407504720647,-0.542568274734041,-0.455973238270576,0.0165568046770212,-1.23310223270444,0.243786945993146,0.0868056180825334,-0.140729649292271,0.251369486974108,0.0815908745350392,-0.0120219088343553
"Tangara vassorii",4,35,NA,NA,-0.450876330971447,-0.664412255792257,-0.464873059498556,-0.404711953260126,-0.468165452249415,-0.357929029728268,-0.0550110612484819,-1.11116427169831,0.312494299378352,0.148534360984047,-0.0963152393055917,0.204791405280149,0.077915370300909,-0.0362986134934141
"Tangara xanthocephala",0,3,NA,1,-0.410030369531234,-0.534493436906703,-0.535325835205119,-0.417589407135484,-0.536844980696762,-0.382440081863845,-0.0289863827301173,-1.11762374678845,0.249985034259795,0.0500406000638193,0.0169915341641929,0.153503966379064,0.164944258348782,-0.0307865050236731
"Thlypopsis superciliaris",3,14,NA,NA,-0.640735902182191,-0.517547504008587,-0.511841576636265,-0.516316553513229,-0.351791806824744,-0.241501532084276,-0.497430596060682,-1.07921042649691,0.638377933383133,-0.0387466869334992,-0.0475519771032628,-0.0893892292814438,-0.0820199872495686,-0.145358351616471
"Thraupis episcopus",0,5,NA,1,0.0514908300751205,-0.551439369804819,0.0517806290162344,-0.228720083630234,-0.264034631586467,-0.0883074562369184,-0.10055424865562,-0.344953482828253,0.358343482295198,0.0423307178583372,-0.251773574302294,0.458326730650541,0.0802671737995891,0.162800993297244
"Thraupis palmarum",0,3,NA,1,0.133242542141599,-0.506250215409843,-0.0656406638280362,-0.154317016794832,-0.141937692124517,-0.186351664779227,-0.159109775321941,-0.297857276714625,0.353344840547912,0.0897824374707283,-0.281289903891258,0.30264653412327,0.23997340319955,0.107264743388661
"Thripadectes flammulatus",2,0,1,NA,0.405212461200525,0.0699115031260912,-0.183061956672307,-0.18579523737904,0.451377123073397,0.328380430067894,-0.933343961243291,0.489336005423923,0.900700037570345,-0.185289629779225,-0.0171503445863129,-0.465028508603184,0.2182748658068,0.178035252644525
"Thripadectes holostictus",0,2,NA,1,0.165475602768499,0.00212777153362837,-0.276998990947723,-0.270214101673054,0.375066535909678,0.156803065118853,-0.7056280242076,0.159812419155454,0.696915962042251,-0.143470975089449,-0.0500871908743549,-0.476179042179465,0.151613927003419,0.140242072780672
"Tiaris olivaceus",1,6,NA,NA,-1.0177068922099,-0.839520229072786,-0.488357318067411,-0.763849833561777,-0.695189449061479,-0.41920666006721,-0.354294864209676,-1.68855849448242,0.622033837705967,-0.0179888844336714,-0.158537814806877,0.190192446259919,-0.282821227193182,-0.153460054778476
"Troglodytes aedon",3,3,NA,NA,-0.829824982494967,-0.455412416715496,-0.746684162324806,-0.742387410436181,-0.700912743098757,-0.223118242982593,-0.744665041985147,-1.45002726133689,0.874386731171201,-0.246160505238068,0.235848465022554,-0.146516787346783,-0.0776352134425043,-0.189555723616162
"Troglodytes solstitialis",18,9,NA,NA,-0.795941893016336,-0.43846648381738,-0.723199903755952,-0.78817391310412,-0.754330154113361,-0.302779162423219,-0.712134193837191,-1.49343579165739,0.831850079843854,-0.31315381077166,0.204890015516871,-0.110830099518362,-0.0217196247832095,-0.159804452149537
"Trogon personatus",10,8,NA,NA,0.500325271457332,-0.285953087734339,0.544950058962171,0.320717948385041,1.52544863740274,-0.578528498948462,0.855852686894283,0.840999230260297,-0.845912088864212,0.535204568195534,-1.4020489856163,-0.241606238154745,0.169250439490577,0.301098891855289
"Turdus fuscater",16,135,NA,NA,1.11480699880964,0.357992362394059,0.169201921860505,0.687009969728557,1.24309946489698,1.21690606998257,-0.347788694580085,2.07585622517662,0.431736206856155,0.389690570418038,0.231365166578683,-0.437586794266318,0.0714178737824802,0.363576554146863
"Turdus ignobilis",2,10,NA,NA,0.505076647244873,-0.133439691651297,-0.0186721466903282,0.101801232503955,0.188105597358567,0.616385292660925,-0.217665301988261,0.607068637947462,0.461142539044492,0.167899646760485,0.205883434049038,0.115625323653655,0.0726597889448981,0.3022292707024
"Turdus leucops",0,1,NA,1,0.488314426101827,-0.0148181613644874,-0.206546215241161,0.197666722464953,0.178566773963102,0.205825169390008,0.081618500972933,0.409039694768762,0.0512446550067696,0.156507618082672,0.156597234633735,-0.013615802649319,0.354547606093402,0.175917669715873
"Turdus serranus",0,3,NA,1,0.720929149205258,0.165938456215414,-0.0421564052591822,0.30640966630131,0.657415708415438,0.653151870864291,-0.386825712357632,1.11095125140151,0.448798471509487,0.143035433328492,0.154558698196442,-0.290316908049436,0.208249352212198,0.234683511843164
"Tyrannus melancholicus",0,9,NA,1,0.101595349081813,-0.0261154499632312,0.82676116178842,0.078907981169985,0.268231713880472,-0.308906925457113,-0.0419987219892996,0.469067609061646,-0.0846053130639434,-0.47244558219896,-0.801699941824093,0.359759065759704,-0.0949489447619819,-0.0561554436119906
"Uranomitra franciae",0,3,NA,1,-1.41857863247609,0.0529655702279754,-0.840621196600222,-0.713770846268718,-0.838271799993451,-1.09938835682948,2.37829638021862,-2.20258559197703,-2.10930355884341,-0.135118450314205,0.339202034702724,-0.0298665441230251,-0.231371001282019,0.102025353933746
"Uromyias agilis",0,3,NA,1,-0.887412185132182,-0.732195987384719,-0.605778610911681,-0.656537717933794,-0.212524985250957,-0.33341797759269,-0.881294604206562,-1.32742914103139,0.995446882807108,0.0438128170205447,-0.261887755615759,-0.274374262608152,-0.191016571251299,-0.261680858885891
"Uropsalis segmentata",0,1,NA,1,0.20524616721577,-0.325493597829942,-0.441388800929702,0.857278526524957,5.08533752859022,-0.443717712202787,1.71466707800032,1.87818282692472,-1.76697527567457,2.59007681563514,-2.33454245933148,-2.88984338975161,-0.294328019510455,0.425254408803675
"Vanellus chilensis",0,7,NA,1,1.73966488286086,0.62912728876391,0.0517806290162344,1.75583864138327,0.447561593715211,3.1165126104898,0.432951660970857,3.26647621816348,0.20185523149762,1.01207210226883,2.13995093193442,0.501015607576113,-0.203002321517644,0.515557772444493
"Vireo leucophrys",0,7,NA,1,-0.738537104061034,-0.562736658403562,-0.558810093773973,-0.549225602305811,-0.536844980696762,-0.37631231882995,-0.354294864209676,-1.314728034863,0.513273148599732,-0.0578897534834558,-0.0249134226222986,0.0123446955175051,-0.0512362323880427,-0.181002502206475
"Xenops rutilans",2,5,NA,NA,-0.809313326330733,-0.602277168499166,-0.77016842089366,-0.536348148430453,-0.550199333450413,-0.578528498948462,-0.0550110612484819,-1.56077552829162,0.235732067686692,0.0860405258694114,-0.0106580776549226,-0.0596001112716768,0.066687121170118,-0.197601089151508
"Xiphocolaptes promeropirhynchus",2,1,NA,NA,0.789771314207912,1.50466715516656,0.497981541824463,0.45807745638886,0.853915470362013,0.518341084118617,-0.582010801245367,2.00406258358415,-0.0129514536835151,-1.12926101370798,0.251071956596875,-0.761405658303825,0.210772820046126,-0.0440793687073649
"Xiphorhynchus triangularis",1,0,1,NA,0.262865680971418,0.521803047075844,-0.206546215241161,0.157603532630506,0.38269759462605,-0.0883074562369184,-0.120072757544394,0.476169072563507,-0.10840447317198,-0.354247927261742,0.0869093145713145,-0.516167958599389,0.370358170945335,-0.0784503752948096
"Zenaida auriculata",0,1,NA,1,0.917971977006791,-0.280304443434967,-0.582294352342827,0.470954910264217,0.287309360671401,-0.167968375677544,0.543556544673907,0.303658089532848,-0.313288798356849,0.70953287787271,0.0503189004761415,0.0104220267179955,0.975347306922729,0.237669811173675
"Zentrygon frenata",1,0,1,NA,1.69198557646495,0.160289811916042,-0.37093602522314,0.751397239105347,0.436115005640653,1.13724515054194,-0.399838051616814,1.70181800320123,0.656910695030314,0.538134929679493,0.78444990674443,-0.0180706625644946,0.881217836663599,0.466320314361001
"Zimmerius chrysops",0,3,NA,1,-0.865299398887922,-0.833871584773414,-0.558810093773973,-0.722355815518957,-0.613155567860481,-0.413078897033316,-0.731652702725964,-1.56668003586346,0.928628119909209,-0.0322812565439358,-0.183039080637645,0.0703247445606197,-0.118479110919888,-0.213771081367505
"Zonotrichia capensis",9,48,NA,NA,-0.360032171861706,-0.58533123560105,-0.206546215241161,-0.563533884389542,-0.351791806824744,0.00360898927149601,-0.490924426431091,-0.765588781215799,0.74781888774488,-0.0573140822778477,-0.102420046085315,0.184042444881613,-0.155713524389234,0.110518327928404
